time,seconds_elapsed,z,y,x
1788692032102147600,0.136147705078125,9.805529594421387,0.08446227014064789,-0.12180744856595993
1788692032107147500,0.1411474609375,9.805529594421387,0.08497541397809982,-0.12145774066448212
1788692032112147500,0.1461474609375,9.805533409118652,0.08526165038347244,-0.12092854082584381
1788692032117147400,0.1511474609375,9.805545806884766,0.08520829677581787,-0.11994462460279465
1788692032122147600,0.156147705078125,9.80555248260498,0.08504584431648254,-0.1195555031299591
1788692032127147500,0.1611474609375,9.805562973022461,0.08432174474000931,-0.11918952316045761
1788692032132147500,0.1661474609375,9.805575370788574,0.08426611870527267,-0.1181860864162445
1788692032137147400,0.1711474609375,9.805585861206055,0.08427386730909348,-0.11735767871141434
1788692032142147600,0.176147705078125,9.80558967590332,0.08458169549703598,-0.11680565029382706
1788692032147147500,0.1811474609375,9.805594444274902,0.08467811346054077,-0.11630406975746155
1788692032152147500,0.1861474609375,9.805597305297852,0.08449313044548035,-0.11622484028339386
1788692032157147400,0.1911474609375,9.80560302734375,0.08427813649177551,-0.11594785749912262
1788692032162147600,0.196147705078125,9.805599212646484,0.08467923849821091,-0.11598875373601913
1788692032167147500,0.2011474609375,9.805588722229004,0.08511696755886078,-0.11643722653388977
1788692032172147500,0.2061474609375,9.805585861206055,0.08545967191457748,-0.11652636528015137
1788692032177147400,0.2111474609375,9.80557918548584,0.08601516485214233,-0.11667824536561966
1788692032182147600,0.216147705078125,9.805577278137207,0.08615698665380478,-0.1167484000325203
1788692032187147500,0.2211474609375,9.805575370788574,0.08632634580135345,-0.11677499860525131
1788692032192147500,0.2261474609375,9.805572509765625,0.08637737482786179,-0.11694467067718506
1788692032197147400,0.2311474609375,9.805569648742676,0.08664080500602722,-0.1169523373246193
1788692032202147600,0.236147705078125,9.805570602416992,0.0866629034280777,-0.11687378585338593
1788692032207147500,0.2411474609375,9.80556869506836,0.08662082999944687,-0.11707045137882233
1788692032212147500,0.2461474609375,9.805567741394043,0.08659297972917557,-0.11719875782728195
1788692032217147400,0.2511474609375,9.805562973022461,0.08671071380376816,-0.11746443808078766
1788692032222147600,0.256147705078125,9.805562973022461,0.08666868507862091,-0.11749759316444397
1788692032227147500,0.2611474609375,9.805564880371094,0.08648630231618881,-0.11748390644788742
1788692032232147500,0.2661474609375,9.805564880371094,0.08648870140314102,-0.11749499291181564
1788692032237147400,0.2711474609375,9.805562973022461,0.08657408505678177,-0.11759199947118759
1788692032242147600,0.276147705078125,9.805560111999512,0.08672212809324265,-0.11776470392942429
1788692032247147500,0.2811474609375,9.805556297302246,0.08684476464986801,-0.11792566627264023
1788692032252147500,0.2861474609375,9.80555534362793,0.08700983971357346,-0.11787205189466476
1788692032257147400,0.2911474609375,9.805556297302246,0.0870031788945198,-0.11785159260034561
1788692032262147600,0.296147705078125,9.805556297302246,0.08710785210132599,-0.11776125431060791
1788692032267147500,0.3011474609375,9.805557250976562,0.08699949085712433,-0.11781327426433563
1788692032272147500,0.3061474609375,9.80555534362793,0.08706720918416977,-0.11784689873456955
1788692032277147400,0.3111474609375,9.805554389953613,0.08723820000886917,-0.1178605929017067
1788692032282147600,0.316147705078125,9.805553436279297,0.08735809475183487,-0.11784214526414871
1788692032287147500,0.3211474609375,9.805549621582031,0.08755650371313095,-0.11799120157957077
1788692032292147500,0.3261474609375,9.805547714233398,0.08752933889627457,-0.11814134567975998
1788692032297147400,0.3311474609375,9.805547714233398,0.08749743551015854,-0.11821219325065613
1788692032302147600,0.336147705078125,9.805546760559082,0.08754318952560425,-0.11823185533285141
1788692032307147500,0.3411474609375,9.805547714233398,0.08745988458395004,-0.118187315762043
1788692032312147500,0.3461474609375,9.805547714233398,0.08738373219966888,-0.11827429383993149
1788692032317147400,0.3511474609375,9.805549621582031,0.08741024881601334,-0.11809080839157104
1788692032322147600,0.356147705078125,9.805550575256348,0.08715464174747467,-0.11820679903030396
1788692032327147500,0.3611474609375,9.80555248260498,0.08699162304401398,-0.11814798414707184
1788692032332147500,0.3661474609375,9.80555248260498,0.08697737753391266,-0.11814242601394653
1788692032337147400,0.3711474609375,9.805553436279297,0.08699751645326614,-0.11807966977357864
1788692032342147600,0.376147705078125,9.805554389953613,0.08699595928192139,-0.11796946823596954
1788692032347147500,0.3811474609375,9.805557250976562,0.08692288398742676,-0.11779317259788513
1788692032352147500,0.3861474609375,9.805558204650879,0.0868808776140213,-0.1177508533000946
1788692032357147400,0.3911474609375,9.805559158325195,0.08686863631010056,-0.11768767982721329
1788692032362147600,0.396147705078125,9.805560111999512,0.0869242325425148,-0.1175352931022644
1788692032367147500,0.4011474609375,9.805562019348145,0.08692486584186554,-0.11741450428962708
1788692032372147500,0.4061474609375,9.805563926696777,0.08688344806432724,-0.11732218414545059
1788692032377147400,0.4111474609375,9.805564880371094,0.08693680167198181,-0.11716780066490173
1788692032382147600,0.416147705078125,9.805564880371094,0.08694851398468018,-0.1171325221657753
1788692032387147500,0.4211474609375,9.805564880371094,0.0869884192943573,-0.1171603724360466
1788692032392147500,0.4261474609375,9.805562973022461,0.08703484386205673,-0.1172935962677002
1788692032397147400,0.4311474609375,9.805561065673828,0.08713354915380478,-0.11736350506544113
1788692032402147600,0.436147705078125,9.805561065673828,0.08718302845954895,-0.11735294759273529
1788692032407147500,0.4411474609375,9.805560111999512,0.08708115667104721,-0.1174621656537056
1788692032412147500,0.4461474609375,9.805559158325195,0.08710304647684097,-0.1174960508942604
1788692032417147400,0.4511474609375,9.805560111999512,0.08708300441503525,-0.11742047965526581
1788692032422147600,0.456147705078125,9.805560111999512,0.08717397600412369,-0.11741593480110168
1788692032427147500,0.4611474609375,9.805559158325195,0.08724098652601242,-0.11743774265050888
1788692032432147500,0.4661474609375,9.805560111999512,0.0872185006737709,-0.11734087765216827
1788692032437147400,0.4711474609375,9.805560111999512,0.08723806589841843,-0.11731273680925369
1788692032442147600,0.476147705078125,9.805559158325195,0.08728235214948654,-0.11741218715906143
1788692032447147500,0.4811474609375,9.805559158325195,0.08739956468343735,-0.1173161119222641
1788692032452147500,0.4861474609375,9.805559158325195,0.08745725452899933,-0.11721941828727722
1788692032457147400,0.4911474609375,9.805560111999512,0.08751222491264343,-0.11717133969068527
1788692032462147600,0.496147705078125,9.805560111999512,0.0875040739774704,-0.11714128404855728
1788692032467147500,0.5011474609375,9.805559158325195,0.0875164344906807,-0.11722845584154129
1788692032472147500,0.5061474609375,9.805558204650879,0.08744318783283234,-0.11731728166341782
1788692032477147400,0.5111474609375,9.805559158325195,0.08743532001972198,-0.11731114983558655
1788692032482147600,0.516147705078125,9.805560111999512,0.08727332949638367,-0.11730723828077316
1788692032487147500,0.5211474609375,9.805561065673828,0.08722350746393204,-0.11728346347808838
1788692032492147500,0.5261474609375,9.805561065673828,0.08728208392858505,-0.11725065857172012
1788692032497147400,0.5311474609375,9.805561065673828,0.08720925450325012,-0.11723634600639343
1788692032502147600,0.536147705078125,9.805562019348145,0.08722984790802002,-0.11716879159212112
1788692032507147500,0.5411474609375,9.805562019348145,0.08726201206445694,-0.11716360598802567
1788692032512147500,0.5461474609375,9.805561065673828,0.08729558438062668,-0.11719934642314911
1788692032517147400,0.5511474609375,9.805562019348145,0.0872218906879425,-0.11722231656312943
1788692032522147600,0.556147705078125,9.805562019348145,0.08723617345094681,-0.11719807237386703
1788692032527147500,0.5611474609375,9.805562973022461,0.08720747381448746,-0.1171533465385437
1788692032532147500,0.5661474609375,9.805561065673828,0.08723846077919006,-0.11729180067777634
1788692032537147400,0.5711474609375,9.805560111999512,0.08729778975248337,-0.11726123839616776
1788692032542147600,0.576147705078125,9.805562973022461,0.0872461348772049,-0.1171455830335617
1788692032547147500,0.5811474609375,9.805563926696777,0.08719227463006973,-0.11708047986030579
1788692032552147500,0.5861474609375,9.805562973022461,0.08716273307800293,-0.11714113503694534
1788692032557147400,0.5911474609375,9.805562973022461,0.08717507869005203,-0.11715003103017807
1788692032562147600,0.596147705078125,9.805562973022461,0.08729999512434006,-0.11710084229707718
1788692032567147500,0.6011474609375,9.805561065673828,0.08742351084947586,-0.11713916063308716
1788692032572147500,0.6061474609375,9.805560111999512,0.08751377463340759,-0.11716707050800323
1788692032577147400,0.6111474609375,9.805559158325195,0.08752802759408951,-0.11720862239599228
1788692032582147600,0.616147705078125,9.805558204650879,0.08760780096054077,-0.11723005026578903
1788692032587147500,0.6211474609375,9.805558204650879,0.08762828260660172,-0.11718761175870895
1788692032592147500,0.6261474609375,9.805559158325195,0.08760755509138107,-0.1171359121799469
1788692032597147400,0.6311474609375,9.805558204650879,0.08759382367134094,-0.11722128838300705
1788692032602147600,0.636147705078125,9.805557250976562,0.08763673901557922,-0.11730547249317169
1788692032607147500,0.6411474609375,9.805557250976562,0.08760767430067062,-0.11732875555753708
1788692032612147500,0.6461474609375,9.805557250976562,0.08755660057067871,-0.11738559603691101
1788692032617147400,0.6511474609375,9.805557250976562,0.08745429664850235,-0.1173744723200798
1788692032622147600,0.656147705078125,9.805558204650879,0.08743519335985184,-0.11735491454601288
1788692032627147500,0.6611474609375,9.805557250976562,0.08744331449270248,-0.11731177568435669
1788692032632147500,0.6661474609375,9.805559158325195,0.08741570264101028,-0.11731987446546555
1788692032637147400,0.6711474609375,9.805559158325195,0.08742658793926239,-0.11727912724018097
1788692032642147600,0.676147705078125,9.805559158325195,0.08745525777339935,-0.11730800569057465
1788692032647147500,0.6811474609375,9.805558204650879,0.08752601593732834,-0.1172829419374466
1788692032652147500,0.6861474609375,9.805557250976562,0.08762840926647186,-0.11729869991540909
1788692032657147400,0.6911474609375,9.805557250976562,0.08757014572620392,-0.11728356778621674
1788692032662147600,0.696147705078125,9.805557250976562,0.08760922402143478,-0.11733154207468033
1788692032667147500,0.7011474609375,9.805556297302246,0.08764183521270752,-0.11735482513904572
1788692032672147500,0.7061474609375,9.80555534362793,0.08767546713352203,-0.11740658432245255
1788692032677147400,0.7111474609375,9.805553436279297,0.08776803314685822,-0.11748439818620682
1788692032682147600,0.716147705078125,9.805553436279297,0.08772964030504227,-0.11746665835380554
1788692032687147500,0.7211474609375,9.805554389953613,0.08773945271968842,-0.11744911223649979
1788692032692147500,0.7261474609375,9.805554389953613,0.08773922175168991,-0.11748309433460236
1788692032697147400,0.7311474609375,9.805553436279297,0.08776256442070007,-0.11750251799821854
1788692032702147600,0.736147705078125,9.80555248260498,0.08785148710012436,-0.11754325032234192
1788692032707147500,0.7411474609375,9.805551528930664,0.08783534914255142,-0.11764207482337952
1788692032712147500,0.7461474609375,9.805550575256348,0.08784903585910797,-0.11772200465202332
1788692032717147400,0.7511474609375,9.805549621582031,0.08786555379629135,-0.11775375157594681
1788692032722147600,0.756147705078125,9.805549621582031,0.08790004998445511,-0.11773446202278137
1788692032727147500,0.7611474609375,9.805548667907715,0.087968610227108,-0.11777950078248978
1788692032732147500,0.7661474609375,9.805547714233398,0.08794557303190231,-0.11782609671354294
1788692032737147400,0.7711474609375,9.805547714233398,0.08798909932374954,-0.11779628694057465
1788692032742147600,0.776147705078125,9.805546760559082,0.0880211666226387,-0.1178627461194992
1788692032747147500,0.7811474609375,9.805545806884766,0.08812879025936127,-0.11787931621074677
1788692032752147500,0.7861474609375,9.80554485321045,0.08821601420640945,-0.11786600947380066
1788692032757147400,0.7911474609375,9.805545806884766,0.08823978155851364,-0.11782840639352798
1788692032762147600,0.796147705078125,9.805545806884766,0.0882180780172348,-0.11779648065567017
1788692032767147500,0.8011474609375,9.805547714233398,0.08817338943481445,-0.11768793314695358
1788692032772147500,0.8061474609375,9.805547714233398,0.08816422522068024,-0.11768069118261337
1788692032777147400,0.8111474609375,9.805545806884766,0.08825232833623886,-0.11771596223115921
1788692032782147600,0.816147705078125,9.805546760559082,0.08823767304420471,-0.11772333085536957
1788692032787147500,0.8211474609375,9.805546760559082,0.08825431764125824,-0.11772963404655457
1788692032792147500,0.8261474609375,9.805545806884766,0.08830596506595612,-0.11772681772708893
1788692032797147400,0.8311474609375,9.805545806884766,0.08831319957971573,-0.11773604899644852
1788692032802147600,0.836147705078125,9.80554485321045,0.08845777064561844,-0.11768136918544769
1788692032807147500,0.8411474609375,9.80554485321045,0.08844617009162903,-0.11774935573339462
1788692032812147500,0.8461474609375,9.80554485321045,0.08845582604408264,-0.11769174784421921
1788692032817147400,0.8511474609375,9.805546760559082,0.08833539485931396,-0.11763487011194229
1788692032822147600,0.856147705078125,9.805547714233398,0.0883154422044754,-0.11758880317211151
1788692032827147500,0.8611474609375,9.805547714233398,0.0883348360657692,-0.11755190789699554
1788692032832147500,0.8661474609375,9.805550575256348,0.08813537657260895,-0.11749990284442902
1788692032837147400,0.8711474609375,9.805549621582031,0.08818186074495316,-0.11749202013015747
1788692032842147600,0.876147705078125,9.805550575256348,0.08810342103242874,-0.11753141134977341
1788692032847147500,0.8811474609375,9.805550575256348,0.08808465301990509,-0.11753670126199722
1788692032852147500,0.8861474609375,9.805549621582031,0.08811115473508835,-0.11755488067865372
1788692032857147400,0.8911474609375,9.805549621582031,0.0880901888012886,-0.11754179000854492
1788692032862147600,0.896147705078125,9.805549621582031,0.08805132657289505,-0.11761226505041122
1788692032867147500,0.9011474609375,9.805549621582031,0.0879300907254219,-0.11768148839473724
1788692032872147500,0.9061474609375,9.805549621582031,0.08792655169963837,-0.11773715168237686
1788692032877147400,0.9111474609375,9.805549621582031,0.0879395380616188,-0.11765792965888977
1788692032882147600,0.916147705078125,9.805550575256348,0.08796841651201248,-0.11761660128831863
1788692032887147500,0.9211474609375,9.805550575256348,0.08792776614427567,-0.1176040768623352
1788692032892147500,0.9261474609375,9.805551528930664,0.08802852034568787,-0.11751029640436172
1788692032897147400,0.9311474609375,9.805551528930664,0.08804600685834885,-0.11744789034128189
1788692032902147600,0.936147705078125,9.805550575256348,0.08816254138946533,-0.11743377894163132
1788692032907147500,0.9411474609375,9.805550575256348,0.08819835633039474,-0.11742834001779556
1788692032912147500,0.9461474609375,9.805550575256348,0.08826425671577454,-0.1174062192440033
1788692032917147400,0.9511474609375,9.805548667907715,0.08832894265651703,-0.11745554208755493
1788692032922147600,0.956147705078125,9.805549621582031,0.08834077417850494,-0.11741166561841965
1788692032927147500,0.9611474609375,9.805549621582031,0.08836140483617783,-0.11739054322242737
1788692032932147500,0.9661474609375,9.805549621582031,0.08834424614906311,-0.11739195883274078
1788692032937147400,0.9711474609375,9.805548667907715,0.08838078379631042,-0.11747032403945923
1788692032942147600,0.976147705078125,9.805547714233398,0.0884273573756218,-0.11751016229391098
1788692032947147500,0.9811474609375,9.805546760559082,0.08850166946649551,-0.11752831935882568
1788692032952147500,0.9861474609375,9.805545806884766,0.08854111284017563,-0.11757134646177292
1788692032957147400,0.9911474609375,9.805546760559082,0.08846676349639893,-0.11751151084899902
1788692032962147600,0.996147705078125,9.805547714233398,0.08846684545278549,-0.11746855080127716
1788692032967147500,1.0011474609375,9.805547714233398,0.08843178302049637,-0.11747922003269196
1788692032972147500,1.0061474609375,9.805547714233398,0.08843369036912918,-0.11748076230287552
1788692032977147400,1.0111474609375,9.805546760559082,0.08846009522676468,-0.11752993613481522
1788692032982147600,1.016147705078125,9.805546760559082,0.08847410976886749,-0.11757803708314896
1788692032987147500,1.0211474609375,9.805546760559082,0.08847901970148087,-0.11756385117769241
1788692032992147500,1.0261474609375,9.805546760559082,0.08844085037708282,-0.11760968714952469
1788692032997147400,1.0311474609375,9.805545806884766,0.08835554122924805,-0.11771571636199951
1788692033002147600,1.036147705078125,9.805545806884766,0.0882759541273117,-0.117775559425354
1788692033007147500,1.0411474609375,9.80554485321045,0.08826543390750885,-0.1178353950381279
1788692033012147500,1.0461474609375,9.805543899536133,0.0883115753531456,-0.11788175255060196
1788692033017147400,1.0511474609375,9.805542945861816,0.08837035298347473,-0.1179107278585434
1788692033022147600,1.056147705078125,9.805542945861816,0.0883760154247284,-0.1179024875164032
1788692033027147500,1.0611474609375,9.805542945861816,0.08837734907865524,-0.11792842298746109
1788692033032147500,1.0661474609375,9.805543899536133,0.08830425143241882,-0.11788937449455261
1788692033037147400,1.0711474609375,9.805543899536133,0.08832129091024399,-0.11791576445102692
1788692033042147600,1.076147705078125,9.805542945861816,0.08838694542646408,-0.11787908524274826
1788692033047147500,1.0811474609375,9.805542945861816,0.08839289844036102,-0.11791028082370758
1788692033052147500,1.0861474609375,9.805543899536133,0.0883607268333435,-0.11790011078119278
1788692033057147400,1.0911474609375,9.805542945861816,0.08836576342582703,-0.11796732991933823
1788692033062147600,1.096147705078125,9.805542945861816,0.08832138776779175,-0.11799116432666779
1788692033067147500,1.1011474609375,9.8055419921875,0.08829421550035477,-0.11806532740592957
1788692033072147500,1.1061474609375,9.805541038513184,0.08835034817457199,-0.11809813231229782
1788692033077147400,1.1111474609375,9.8055419921875,0.08830423653125763,-0.11804590374231339
1788692033082147600,1.116147705078125,9.8055419921875,0.08836570382118225,-0.11801829934120178
1788692033087147500,1.1211474609375,9.805542945861816,0.08841148763895035,-0.11794636398553848
1788692033092147500,1.1261474609375,9.805542945861816,0.08842732757329941,-0.11790478974580765
1788692033097147400,1.1311474609375,9.805542945861816,0.08843515813350677,-0.11791937798261642
1788692033102147600,1.136147705078125,9.805541038513184,0.08848697692155838,-0.11798668652772903
1788692033107147500,1.1411474609375,9.805541038513184,0.08855000883340836,-0.11793237179517746
1788692033112147500,1.1461474609375,9.805540084838867,0.08869010955095291,-0.11790656298398972
1788692033117147400,1.1511474609375,9.805540084838867,0.08870548009872437,-0.1178400069475174
1788692033122147600,1.156147705078125,9.805540084838867,0.0887153223156929,-0.11787515133619308
1788692033127147500,1.1611474609375,9.805540084838867,0.08873563259840012,-0.11790937930345535
1788692033132147500,1.1661474609375,9.805538177490234,0.08882700651884079,-0.1178935244679451
1788692033137147400,1.1711474609375,9.805540084838867,0.08880734443664551,-0.11787021905183792
1788692033142147600,1.176147705078125,9.8055419921875,0.08872252702713013,-0.11776955425739288
1788692033147147500,1.1811474609375,9.8055419921875,0.08871913701295853,-0.11779359728097916
1788692033152147500,1.1861474609375,9.8055419921875,0.08868252485990524,-0.11777261644601822
1788692033157147400,1.1911474609375,9.8055419921875,0.08866611123085022,-0.11772947013378143
1788692033162147600,1.196147705078125,9.805542945861816,0.08864259719848633,-0.11771862208843231
1788692033167147500,1.2011474609375,9.805541038513184,0.08873023837804794,-0.11779472976922989
1788692033172147500,1.2061474609375,9.805541038513184,0.08872264623641968,-0.11783096939325333
1788692033177147400,1.2111474609375,9.8055419921875,0.08863112330436707,-0.11782094091176987
1788692033182147600,1.216147705078125,9.8055419921875,0.08871390670537949,-0.11779052019119263
1788692033187147500,1.2211474609375,9.8055419921875,0.08873849362134933,-0.11776746064424515
1788692033192147500,1.2261474609375,9.805541038513184,0.08880089968442917,-0.11774172633886337
1788692033197147400,1.2311474609375,9.805541038513184,0.08877851068973541,-0.11776327341794968
1788692033202147600,1.236147705078125,9.8055419921875,0.08876115083694458,-0.11771035194396973
1788692033207147500,1.2411474609375,9.8055419921875,0.08881720155477524,-0.11771183460950851
1788692033212147500,1.2461474609375,9.8055419921875,0.0887814462184906,-0.11773161590099335
1788692033217147400,1.2511474609375,9.8055419921875,0.08870396763086319,-0.11776778846979141
1788692033222147600,1.256147705078125,9.8055419921875,0.0886271521449089,-0.11782938987016678
1788692033227147500,1.2611474609375,9.805542945861816,0.08849361538887024,-0.11781527101993561
1788692033232147500,1.2661474609375,9.805542945861816,0.0885072723031044,-0.11788062006235123
1788692033237147400,1.2711474609375,9.8055419921875,0.08852965384721756,-0.11791403591632843
1788692033242147600,1.276147705078125,9.805541038513184,0.08856585621833801,-0.11797273904085159
1788692033247147500,1.2811474609375,9.805540084838867,0.08858758211135864,-0.1180097758769989
1788692033252147500,1.2861474609375,9.80553913116455,0.08867742866277695,-0.11802440136671066
1788692033257147400,1.2911474609375,9.80553913116455,0.08866095542907715,-0.11806990951299667
1788692033262147600,1.296147705078125,9.80553913116455,0.08855708688497543,-0.1180863156914711
1788692033267147500,1.3011474609375,9.805540084838867,0.0885634496808052,-0.1180444210767746
1788692033272147500,1.3061474609375,9.80553913116455,0.08852799236774445,-0.11811865866184235
1788692033277147400,1.3111474609375,9.805538177490234,0.08847616612911224,-0.11820914596319199
1788692033282147600,1.316147705078125,9.805538177490234,0.08847156167030334,-0.11827568709850311
1788692033287147500,1.3211474609375,9.805537223815918,0.08844111859798431,-0.11835350841283798
1788692033292147500,1.3261474609375,9.805537223815918,0.08844931423664093,-0.11833449453115463
1788692033297147400,1.3311474609375,9.805536270141602,0.08853428065776825,-0.1184060350060463
1788692033302147600,1.336147705078125,9.805535316467285,0.08855392038822174,-0.11845681071281433
1788692033307147500,1.3411474609375,9.805534362792969,0.08855967223644257,-0.11846569925546646
1788692033312147500,1.3461474609375,9.805535316467285,0.08854126930236816,-0.11838506907224655
1788692033317147400,1.3511474609375,9.805534362792969,0.08859371393918991,-0.11839655041694641
1788692033322147600,1.356147705078125,9.805535316467285,0.0885910615324974,-0.11840802431106567
1788692033327147500,1.3611474609375,9.805533409118652,0.08870193362236023,-0.11851661652326584
1788692033332147500,1.3661474609375,9.80553150177002,0.08869094401597977,-0.11855297535657883
1788692033337147400,1.3711474609375,9.805532455444336,0.0886697843670845,-0.11857226490974426
1788692033342147600,1.376147705078125,9.805533409118652,0.0886283591389656,-0.118552565574646
1788692033347147500,1.3811474609375,9.805534362792969,0.0886334627866745,-0.11851108819246292
1788692033352147500,1.3861474609375,9.805533409118652,0.08865261822938919,-0.1185176819562912
1788692033357147400,1.3911474609375,9.805534362792969,0.08865360170602798,-0.11846654862165451
1788692033362147600,1.396147705078125,9.805533409118652,0.08861657977104187,-0.11851981282234192
1788692033367147500,1.4011474609375,9.805534362792969,0.08860950917005539,-0.11846158653497696
1788692033372147500,1.4061474609375,9.805533409118652,0.08873806148767471,-0.11843939125537872
1788692033377147400,1.4111474609375,9.805532455444336,0.08882316946983337,-0.11844264715909958
1788692033382147600,1.416147705078125,9.805532455444336,0.08885801583528519,-0.11843077838420868
1788692033387147500,1.4211474609375,9.805532455444336,0.08895090967416763,-0.11836283653974533
1788692033392147500,1.4261474609375,9.805532455444336,0.08899834752082825,-0.11832555383443832
1788692033397147400,1.4311474609375,9.805532455444336,0.08900042623281479,-0.11826519668102264
1788692033402147600,1.436147705078125,9.805533409118652,0.08903960138559341,-0.11822468787431717
1788692033407147500,1.4411474609375,9.805534362792969,0.088978610932827,-0.11817891150712967
1788692033412147500,1.4461474609375,9.805535316467285,0.08899754285812378,-0.11807870119810104
1788692033417147400,1.4511474609375,9.805538177490234,0.08893062174320221,-0.11790735274553299
1788692033422147600,1.456147705078125,9.805538177490234,0.08893787115812302,-0.11793560534715652
1788692033427147500,1.4611474609375,9.805537223815918,0.08894270658493042,-0.11789950728416443
1788692033432147500,1.4661474609375,9.80553913116455,0.08886291086673737,-0.11783519387245178
1788692033437147400,1.4711474609375,9.805540084838867,0.08882202953100204,-0.11779582500457764
1788692033442147600,1.476147705078125,9.805541038513184,0.08880247175693512,-0.11775930225849152
1788692033447147500,1.4811474609375,9.8055419921875,0.08880441635847092,-0.11770790070295334
1788692033452147500,1.4861474609375,9.805542945861816,0.08871307224035263,-0.11771874129772186
1788692033457147400,1.4911474609375,9.805543899536133,0.088630311191082,-0.11765723675489426
1788692033462147600,1.496147705078125,9.805542945861816,0.08859517425298691,-0.11767403781414032
1788692033467147500,1.5011474609375,9.805545806884766,0.08848977833986282,-0.11765048652887344
1788692033472147500,1.5061474609375,9.805543899536133,0.088499054312706,-0.11767933517694473
1788692033477147400,1.5111474609375,9.805545806884766,0.08839800208806992,-0.117707759141922
1788692033482147600,1.516147705078125,9.805545806884766,0.08829591423273087,-0.11770214140415192
1788692033487147500,1.5211474609375,9.805547714233398,0.08826262503862381,-0.11757364124059677
1788692033492147500,1.5261474609375,9.805548667907715,0.08822973817586899,-0.11752921342849731
1788692033497147400,1.5311474609375,9.805547714233398,0.08822236955165863,-0.11759811639785767
1788692033502147600,1.536147705078125,9.805547714233398,0.08822346478700638,-0.11763112992048264
1788692033507147500,1.5411474609375,9.805547714233398,0.08818044513463974,-0.11761791259050369
1788692033512147500,1.5461474609375,9.805547714233398,0.0881170928478241,-0.11764226853847504
1788692033517147400,1.5511474609375,9.805547714233398,0.08813729882240295,-0.11768778413534164
1788692033522147600,1.556147705078125,9.805547714233398,0.08814564347267151,-0.1177469789981842
1788692033527147500,1.5611474609375,9.805545806884766,0.08822625130414963,-0.1177605539560318
1788692033532147500,1.5661474609375,9.805545806884766,0.08824364095926285,-0.1177772507071495
1788692033537147400,1.5711474609375,9.805545806884766,0.08824305981397629,-0.11777008324861526
1788692033542147600,1.576147705078125,9.805546760559082,0.08817236870527267,-0.11773275583982468
1788692033547147500,1.5811474609375,9.805546760559082,0.08815775066614151,-0.11780884861946106
1788692033552147500,1.5861474609375,9.805545806884766,0.08806780725717545,-0.11786562949419022
1788692033557147400,1.5911474609375,9.805545806884766,0.08807489275932312,-0.11792130768299103
1788692033562147600,1.596147705078125,9.805546760559082,0.08802545070648193,-0.11788573861122131
1788692033567147500,1.6011474609375,9.80554485321045,0.08808080852031708,-0.11791808158159256
1788692033572147500,1.6061474609375,9.805543899536133,0.08808961510658264,-0.11802565306425095
1788692033577147400,1.6111474609375,9.805542945861816,0.0881342738866806,-0.1180499792098999
1788692033582147600,1.616147705078125,9.805542945861816,0.08824210613965988,-0.11806157231330872
1788692033587147500,1.6211474609375,9.805541038513184,0.08832522481679916,-0.11809532344341278
1788692033592147500,1.6261474609375,9.805541038513184,0.08833988755941391,-0.11804315447807312
1788692033597147400,1.6311474609375,9.805540084838867,0.0884249284863472,-0.11810487508773804
1788692033602147600,1.636147705078125,9.80553913116455,0.08850572258234024,-0.11812122166156769
1788692033607147500,1.6411474609375,9.80553913116455,0.08855951577425003,-0.11815661936998367
1788692033612147500,1.6461474609375,9.805538177490234,0.08862745016813278,-0.1181146651506424
1788692033617147400,1.6511474609375,9.80553913116455,0.08867059648036957,-0.11802666634321213
1788692033622147600,1.656147705078125,9.805540084838867,0.08862590789794922,-0.11792193353176117
1788692033627147500,1.6611474609375,9.8055419921875,0.08856956660747528,-0.11782166361808777
1788692033632147500,1.6661474609375,9.805542945861816,0.08850053697824478,-0.11780194193124771
1788692033637147400,1.6711474609375,9.805543899536133,0.088527150452137,-0.11770844459533691
1788692033642147600,1.676147705078125,9.805543899536133,0.08850755542516708,-0.11766484379768372
1788692033647147500,1.6811474609375,9.80554485321045,0.08851233869791031,-0.11760193854570389
1788692033652147500,1.6861474609375,9.80554485321045,0.08848977833986282,-0.11765114963054657
1788692033657147400,1.6911474609375,9.805543899536133,0.08854657411575317,-0.1176692321896553
1788692033662147600,1.696147705078125,9.805543899536133,0.08854597806930542,-0.11764968186616898
1788692033667147500,1.7011474609375,9.805545806884766,0.0884397104382515,-0.11764362454414368
1788692033672147500,1.7061474609375,9.805547714233398,0.08837991207838058,-0.11756154149770737
1788692033677147400,1.7111474609375,9.804376602172852,0.0933435782790184,-0.18939732015132904
1788692033682147600,1.716147705078125,9.804286003112793,0.07285813242197037,-0.20258650183677673
1788692033687147500,1.7211474609375,9.80395793914795,0.08402150869369507,-0.21385377645492554
1788692033692147500,1.7261474609375,9.802640914916992,0.09340478479862213,-0.2643709182739258
1788692033697147400,1.7311474609375,9.802457809448242,0.08723493665456772,-0.2731143534183502
1788692033702147600,1.736147705078125,9.802603721618652,0.08822636306285858,-0.2675342857837677
1788692033707147500,1.7411474609375,9.80224609375,0.09202100336551666,-0.279070645570755
1788692033712147500,1.7461474609375,9.802255630493164,0.08869597315788269,-0.27983787655830383
1788692033717147400,1.7511474609375,9.802790641784668,0.08848278224468231,-0.2604794204235077
1788692033722147600,1.756147705078125,9.80289363861084,0.0902978852391243,-0.2559565007686615
1788692033727147500,1.7611474609375,9.802983283996582,0.09096518903970718,-0.25225505232810974
1788692033732147500,1.7661474609375,9.803173065185547,0.09224160015583038,-0.2442547082901001
1788692033737147400,1.7711474609375,9.803317070007324,0.09183800220489502,-0.23861217498779297
1788692033742147600,1.776147705078125,9.803519248962402,0.09320960193872452,-0.22958214581012726
1788692033747147500,1.7811474609375,9.80390453338623,0.08825656771659851,-0.2146211862564087
1788692033752147500,1.7861474609375,9.804027557373047,0.08980467915534973,-0.20825591683387756
1788692033757147400,1.7911474609375,9.804141998291016,0.09089647978544235,-0.20232872664928436
1788692033762147600,1.796147705078125,9.804229736328125,0.09191015362739563,-0.1975184679031372
1788692033767147500,1.8011474609375,9.8043212890625,0.09336266666650772,-0.1922711282968521
1788692033772147500,1.8061474609375,9.80456829071045,0.09041358530521393,-0.18067805469036102
1788692033777147400,1.8111474609375,9.804695129394531,0.09035702049732208,-0.17367523908615112
1788692033782147600,1.816147705078125,9.804768562316895,0.09098256379365921,-0.1691548228263855
1788692033787147500,1.8211474609375,9.804840087890625,0.09193281084299088,-0.1644512414932251
1788692033792147500,1.8261474609375,9.80495834350586,0.0921127125620842,-0.15713313221931458
1788692033797147400,1.8311474609375,9.805085182189941,0.09111609309911728,-0.14964084327220917
1788692033802147600,1.836147705078125,9.80516529083252,0.09069662541151047,-0.14455892145633698
1788692033807147500,1.8411474609375,9.805253982543945,0.09182433038949966,-0.13768918812274933
1788692033812147500,1.8461474609375,9.805338859558105,0.09083522111177444,-0.13219895958900452
1788692033817147400,1.8511474609375,9.80539321899414,0.09158337861299515,-0.12749214470386505
1788692033822147600,1.856147705078125,9.805484771728516,0.09103986620903015,-0.1207389160990715
1788692033827147500,1.8611474609375,9.805536270141602,0.09128113836050034,-0.11625749617815018
1788692033832147500,1.8661474609375,9.805586814880371,0.09161541610956192,-0.11164674162864685
1788692033837147400,1.8711474609375,9.805658340454102,0.09082716703414917,-0.105858214199543
1788692033842147600,1.876147705078125,9.805699348449707,0.09122785925865173,-0.1015707403421402
1788692033847147500,1.8811474609375,9.80574893951416,0.0909925326704979,-0.09704366326332092
1788692033852147500,1.8861474609375,9.805745124816895,0.09119830280542374,-0.09709985554218292
1788692033857147400,1.8911474609375,9.805742263793945,0.09119001775979996,-0.09742830693721771
1788692033862147600,1.896147705078125,9.805741310119629,0.09117235988378525,-0.09749974310398102
1788692033867147500,1.9011474609375,9.805742263793945,0.09107114374637604,-0.09751851111650467
1788692033872147500,1.9061474609375,9.805742263793945,0.09107019007205963,-0.0975603312253952
1788692033877147400,1.9111474609375,9.805741310119629,0.09102493524551392,-0.09761018306016922
1788692033882147600,1.916147705078125,9.805741310119629,0.09093891829252243,-0.09777156263589859
1788692033887147500,1.9211474609375,9.805739402770996,0.09090117365121841,-0.0979013592004776
1788692033892147500,1.9261474609375,9.805740356445312,0.09088505059480667,-0.09796048700809479
1788692033897147400,1.9311474609375,9.805740356445312,0.09082061052322388,-0.09799694269895554
1788692033902147600,1.936147705078125,9.805740356445312,0.09075888991355896,-0.09801734983921051
1788692033907147500,1.9411474609375,9.805741310119629,0.09072662144899368,-0.09795531630516052
1788692033912147500,1.9461474609375,9.805741310119629,0.09072397649288177,-0.0978935956954956
1788692033917147400,1.9511474609375,9.805741310119629,0.0907416120171547,-0.09785095602273941
1788692033922147600,1.956147705078125,9.805742263793945,0.09080979973077774,-0.09779541194438934
1788692033927147500,1.9611474609375,9.805742263793945,0.09081850945949554,-0.09772871434688568
1788692033932147500,1.9661474609375,9.805742263793945,0.0908661037683487,-0.09770332276821136
1788692033937147400,1.9711474609375,9.805743217468262,0.09085892140865326,-0.09771526604890823
1788692033942147600,1.976147705078125,9.805742263793945,0.0909145399928093,-0.09765835106372833
1788692033947147500,1.9811474609375,9.805742263793945,0.09090760350227356,-0.09767182171344757
1788692033952147500,1.9861474609375,9.805741310119629,0.09090930223464966,-0.09770412743091583
1788692033957147400,1.9911474609375,9.805741310119629,0.09086035937070847,-0.09776365756988525
1788692033962147600,1.996147705078125,9.805743217468262,0.09079039841890335,-0.09776876866817474
1788692033967147500,2.0011474609375,9.805743217468262,0.09070803225040436,-0.09780654311180115
1788692033972147500,2.0061474609375,9.805744171142578,0.09067435562610626,-0.09780362993478775
1788692033977147400,2.0111474609375,9.805744171142578,0.09063693881034851,-0.09778931736946106
1788692033982147600,2.016147705078125,9.805743217468262,0.09060460329055786,-0.09779738634824753
1788692033987147500,2.0211474609375,9.805744171142578,0.09054116159677505,-0.09779436141252518
1788692033992147500,2.0261474609375,9.805744171142578,0.09055562317371368,-0.09779548645019531
1788692033997147400,2.0311474609375,9.805742263793945,0.09060871601104736,-0.09788238257169724
1788692034002147600,2.036147705078125,9.805743217468262,0.09061069786548615,-0.09790798276662827
1788692034007147500,2.0411474609375,9.805743217468262,0.09059836715459824,-0.0979333370923996
1788692034012147500,2.0461474609375,9.805741310119629,0.09057791531085968,-0.09799903631210327
1788692034017147400,2.0511474609375,9.805741310119629,0.09055769443511963,-0.09803330898284912
1788692034022147600,2.056147705078125,9.805740356445312,0.090576171875,-0.09807876497507095
1788692034027147500,2.0611474609375,9.805740356445312,0.09054543077945709,-0.0981154590845108
1788692034032147500,2.0661474609375,9.805741310119629,0.09050546586513519,-0.09815061092376709
1788692034037147400,2.0711474609375,9.805740356445312,0.09051473438739777,-0.09820123016834259
1788692034042147600,2.076147705078125,9.80573844909668,0.09059928357601166,-0.09827917069196701
1788692034047147500,2.0811474609375,9.805736541748047,0.09072545170783997,-0.09835520386695862
1788692034052147500,2.0861474609375,9.805736541748047,0.09073197096586227,-0.0984162762761116
1788692034057147400,2.0911474609375,9.805736541748047,0.09066999703645706,-0.09847560524940491
1788692034062147600,2.096147705078125,9.80573558807373,0.09068787097930908,-0.09855993092060089
1788692034067147500,2.1011474609375,9.805734634399414,0.0906585305929184,-0.09861470758914948
1788692034072147500,2.1061474609375,9.805734634399414,0.09063193947076797,-0.09862459450960159
1788692034077147400,2.1111474609375,9.805734634399414,0.09064070135354996,-0.09863917529582977
1788692034082147600,2.116147705078125,9.805734634399414,0.09059800207614899,-0.09867780655622482
1788692034087147500,2.1211474609375,9.80573558807373,0.09055085480213165,-0.09868978708982468
1788692034092147500,2.1261474609375,9.805734634399414,0.09055803716182709,-0.09871935844421387
1788692034097147400,2.1311474609375,9.805734634399414,0.09055466949939728,-0.09876275062561035
1788692034102147600,2.136147705078125,9.805734634399414,0.09050565958023071,-0.09876526147127151
1788692034107147500,2.1411474609375,9.805734634399414,0.09041004627943039,-0.09882675111293793
1788692034112147500,2.1461474609375,9.805736541748047,0.0903434008359909,-0.0988774374127388
1788692034117147400,2.1511474609375,9.805736541748047,0.09025237709283829,-0.09892275184392929
1788692034122147600,2.156147705078125,9.80573558807373,0.09024424850940704,-0.09896312654018402
1788692034127147500,2.1611474609375,9.80573558807373,0.09023623913526535,-0.09895412623882294
1788692034132147500,2.1661474609375,9.805736541748047,0.09022267162799835,-0.09897475689649582
1788692034137147400,2.1711474609375,9.80573558807373,0.0902026891708374,-0.09897171705961227
1788692034142147600,2.176147705078125,9.805737495422363,0.0901447981595993,-0.09892824292182922
1788692034147147500,2.1811474609375,9.805736541748047,0.09011036157608032,-0.09890718013048172
1788692034152147500,2.1861474609375,9.80573844909668,0.09002334624528885,-0.09893685579299927
1788692034157147400,2.1911474609375,9.805737495422363,0.0899963527917862,-0.09892228245735168
1788692034162147600,2.196147705078125,9.80573844909668,0.08996308594942093,-0.0989387035369873
1788692034167147500,2.2011474609375,9.805739402770996,0.08994415402412415,-0.09893445670604706
1788692034172147500,2.2061474609375,9.805739402770996,0.0899013951420784,-0.09899187088012695
1788692034177147400,2.2111474609375,9.805737495422363,0.08993019163608551,-0.0989837795495987
1788692034182147600,2.216147705078125,9.80573844909668,0.08995740115642548,-0.09900490194559097
1788692034187147500,2.2211474609375,9.805737495422363,0.08998265862464905,-0.09898783266544342
1788692034192147500,2.2261474609375,9.805737495422363,0.09006398916244507,-0.09896976500749588
1788692034197147400,2.2311474609375,9.80573558807373,0.09013815224170685,-0.09901474416255951
1788692034202147600,2.236147705078125,9.80573558807373,0.09015032649040222,-0.0990544855594635
1788692034207147500,2.2411474609375,9.80573558807373,0.09012827277183533,-0.09908830374479294
1788692034212147500,2.2461474609375,9.805734634399414,0.0901666134595871,-0.09911860525608063
1788692034217147400,2.2511474609375,9.805734634399414,0.09017693251371384,-0.09908971935510635
1788692034222147600,2.256147705078125,9.805734634399414,0.09020201861858368,-0.09906071424484253
1788692034227147500,2.2611474609375,9.805734634399414,0.09017764031887054,-0.09904538094997406
1788692034232147500,2.2661474609375,9.80573558807373,0.09014436602592468,-0.09904542565345764
1788692034237147400,2.2711474609375,9.80573558807373,0.0901704877614975,-0.09909944236278534
1788692034242147600,2.276147705078125,9.805734634399414,0.09016133099794388,-0.09911800920963287
1788692034247147500,2.2811474609375,9.80573558807373,0.09011270850896835,-0.09915544837713242
1788692034252147500,2.2861474609375,9.805734634399414,0.09007655829191208,-0.09916490316390991
1788692034257147400,2.2911474609375,9.80573558807373,0.0900680422782898,-0.09913560748100281
1788692034262147600,2.296147705078125,9.805734634399414,0.09011121839284897,-0.09914816170930862
1788692034267147500,2.3011474609375,9.805734634399414,0.0900958776473999,-0.09918750077486038
1788692034272147500,2.3061474609375,9.805733680725098,0.09009353071451187,-0.09922150522470474
1788692034277147400,2.3111474609375,9.805734634399414,0.09007637947797775,-0.09928285330533981
1788692034282147600,2.316147705078125,9.805733680725098,0.08994610607624054,-0.0994182825088501
1788692034287147500,2.3211474609375,9.805732727050781,0.08986775577068329,-0.09956946223974228
1788692034292147500,2.3261474609375,9.805732727050781,0.08983035385608673,-0.09973109513521194
1788692034297147400,2.3311474609375,9.805730819702148,0.08980295062065125,-0.09988601505756378
1788692034302147600,2.336147705078125,9.805729866027832,0.08970379084348679,-0.10001350939273834
1788692034307147500,2.3411474609375,9.805728912353516,0.08965106308460236,-0.10012008994817734
1788692034312147500,2.3461474609375,9.805727005004883,0.08969687670469284,-0.10027804970741272
1788692034317147400,2.3511474609375,9.805724143981934,0.0897369533777237,-0.1004798486828804
1788692034322147600,2.356147705078125,9.805723190307617,0.08974744379520416,-0.1006486639380455
1788692034327147500,2.3611474609375,9.805721282958984,0.08980842679738998,-0.10070446133613586
1788692034332147500,2.3661474609375,9.805720329284668,0.08981932699680328,-0.10079643130302429
1788692034337147400,2.3711474609375,9.805721282958984,0.08973854780197144,-0.1008024588227272
1788692034342147600,2.376147705078125,9.805720329284668,0.08973439782857895,-0.10087072849273682
1788692034347147500,2.3811474609375,9.805719375610352,0.08975593745708466,-0.10092975944280624
1788692034352147500,2.3861474609375,9.805720329284668,0.08968308568000793,-0.10094406455755234
1788692034357147400,2.3911474609375,9.805721282958984,0.08961101621389389,-0.1009751707315445
1788692034362147600,2.396147705078125,9.805721282958984,0.08956391364336014,-0.1009879931807518
1788692034367147500,2.4011474609375,9.8057222366333,0.08944331109523773,-0.10104888677597046
1788692034372147500,2.4061474609375,9.805720329284668,0.0893508568406105,-0.10118556022644043
1788692034377147400,2.4111474609375,9.805719375610352,0.08934181183576584,-0.10130306333303452
1788692034382147600,2.416147705078125,9.805719375610352,0.08929413557052612,-0.10135053843259811
1788692034387147500,2.4211474609375,9.805718421936035,0.08932063728570938,-0.10144302248954773
1788692034392147500,2.4261474609375,9.805718421936035,0.08932662010192871,-0.10153608024120331
1788692034397147400,2.4311474609375,9.805717468261719,0.08933015912771225,-0.10156656056642532
1788692034402147600,2.436147705078125,9.805718421936035,0.08930688351392746,-0.10153091698884964
1788692034407147500,2.4411474609375,9.805717468261719,0.0892862007021904,-0.10156163573265076
1788692034412147500,2.4461474609375,9.805717468261719,0.08928705006837845,-0.10154338926076889
1788692034417147400,2.4511474609375,9.805719375610352,0.0892716497182846,-0.10152218490839005
1788692034422147600,2.456147705078125,9.805718421936035,0.08922696113586426,-0.1014859601855278
1788692034427147500,2.4611474609375,9.805718421936035,0.0891963392496109,-0.10156676918268204
1788692034432147500,2.4661474609375,9.805718421936035,0.08917585015296936,-0.10160213708877563
1788692034437147400,2.4711474609375,9.805718421936035,0.08910305052995682,-0.10165368020534515
1788692034442147600,2.476147705078125,9.805717468261719,0.08909725397825241,-0.10172425210475922
1788692034447147500,2.4811474609375,9.805718421936035,0.08904821425676346,-0.10180527716875076
1788692034452147500,2.4861474609375,9.805716514587402,0.0890003889799118,-0.10188993066549301
1788692034457147400,2.4911474609375,9.805716514587402,0.08899495750665665,-0.1019597128033638
1788692034462147600,2.496147705078125,9.805715560913086,0.08898232132196426,-0.10202977806329727
1788692034467147500,2.5011474609375,9.80571460723877,0.08898575603961945,-0.10208302736282349
1788692034472147500,2.5061474609375,9.80571460723877,0.08896751701831818,-0.10211145877838135
1788692034477147400,2.5111474609375,9.805715560913086,0.08894402533769608,-0.10216745734214783
1788692034482147600,2.516147705078125,9.805712699890137,0.08898701518774033,-0.10233057290315628
1788692034487147500,2.5211474609375,9.80571174621582,0.08897614479064941,-0.10236560553312302
1788692034492147500,2.5261474609375,9.805710792541504,0.08901122957468033,-0.10240970551967621
1788692034497147400,2.5311474609375,9.805709838867188,0.08906196057796478,-0.10251575708389282
1788692034502147600,2.536147705078125,9.805708885192871,0.08902210742235184,-0.10259807109832764
1788692034507147500,2.5411474609375,9.805706977844238,0.08909597247838974,-0.10271870344877243
1788692034512147500,2.5461474609375,9.805705070495605,0.08914727717638016,-0.1028827428817749
1788692034517147400,2.5511474609375,9.805704116821289,0.08915994316339493,-0.10296007990837097
1788692034522147600,2.556147705078125,9.805703163146973,0.08914023637771606,-0.10311153531074524
1788692034527147500,2.5611474609375,9.80570125579834,0.08914037048816681,-0.10326015204191208
1788692034532147500,2.5661474609375,9.80569839477539,0.08922974765300751,-0.10341621935367584
1788692034537147400,2.5711474609375,9.805697441101074,0.08931031823158264,-0.10347067564725876
1788692034542147600,2.576147705078125,9.805696487426758,0.08930064737796783,-0.10354501754045486
1788692034547147500,2.5811474609375,9.805696487426758,0.08936409652233124,-0.10356156527996063
1788692034552147500,2.5861474609375,9.805695533752441,0.0893733873963356,-0.10358615219593048
1788692034557147400,2.5911474609375,9.805694580078125,0.08934897184371948,-0.10366052389144897
1788692034562147600,2.596147705078125,9.805694580078125,0.08931125700473785,-0.10373525321483612
1788692034567147500,2.6011474609375,9.805694580078125,0.08925504982471466,-0.10380935668945312
1788692034572147500,2.6061474609375,9.805694580078125,0.08919941633939743,-0.10385747253894806
1788692034577147400,2.6111474609375,9.805694580078125,0.08909613639116287,-0.10395016521215439
1788692034582147600,2.616147705078125,9.805694580078125,0.08902271091938019,-0.104009248316288
1788692034587147500,2.6211474609375,9.805694580078125,0.08894073218107224,-0.10405026376247406
1788692034592147500,2.6261474609375,9.805693626403809,0.08894845843315125,-0.10416289418935776
1788692034597147400,2.6311474609375,9.805691719055176,0.08899501711130142,-0.10425955057144165
1788692034602147600,2.636147705078125,9.80569076538086,0.08900830149650574,-0.10430271178483963
1788692034607147500,2.6411474609375,9.805692672729492,0.08895540982484818,-0.10423319786787033
1788692034612147500,2.6461474609375,9.805691719055176,0.08901049196720123,-0.10424394905567169
1788692034617147400,2.6511474609375,9.805691719055176,0.08898533880710602,-0.10426975786685944
1788692034622147600,2.656147705078125,9.805691719055176,0.08897187560796738,-0.1043609157204628
1788692034627147500,2.6611474609375,9.80569076538086,0.08895514905452728,-0.10440381616353989
1788692034632147500,2.6661474609375,9.805688858032227,0.0890006348490715,-0.1044975072145462
1788692034637147400,2.6711474609375,9.805688858032227,0.08894634246826172,-0.10460826009511948
1788692034642147600,2.676147705078125,9.805688858032227,0.08894260227680206,-0.10462638735771179
1788692034647147500,2.6811474609375,9.80568790435791,0.08883693814277649,-0.10474172234535217
1788692034652147500,2.6861474609375,9.80568790435791,0.08876261115074158,-0.1048310324549675
1788692034657147400,2.6911474609375,9.805688858032227,0.0887359157204628,-0.10478364676237106
1788692034662147600,2.696147705078125,9.80568790435791,0.08872450888156891,-0.10489388555288315
1788692034667147500,2.7011474609375,9.80568790435791,0.08871300518512726,-0.10487151890993118
1788692034672147500,2.7061474609375,9.805686950683594,0.08882266283035278,-0.1048504114151001
1788692034677147400,2.7111474609375,9.805688858032227,0.08877957612276077,-0.10473496466875076
1788692034682147600,2.716147705078125,9.805688858032227,0.08875416219234467,-0.1047239676117897
1788692034687147500,2.7211474609375,9.80568790435791,0.08884216845035553,-0.10471867769956589
1788692034692147500,2.7261474609375,9.80568790435791,0.08884548395872116,-0.10472368448972702
1788692034697147400,2.7311474609375,9.80568790435791,0.08887097984552383,-0.10476335883140564
1788692034702147600,2.736147705078125,9.80568790435791,0.08889314532279968,-0.10473962128162384
1788692034707147500,2.7411474609375,9.805686950683594,0.08890217542648315,-0.10479449480772018
1788692034712147500,2.7461474609375,9.805686950683594,0.08897151052951813,-0.10476323217153549
1788692034717147400,2.7511474609375,9.805685043334961,0.08901481330394745,-0.10486948490142822
1788692034722147600,2.756147705078125,9.805683135986328,0.08897407352924347,-0.10511176288127899
1788692034727147500,2.7611474609375,9.805683135986328,0.08894985169172287,-0.10511869937181473
1788692034732147500,2.7661474609375,9.805682182312012,0.08895106613636017,-0.10521387308835983
1788692034737147400,2.7711474609375,9.805682182312012,0.08890867978334427,-0.1052168533205986
1788692034742147600,2.776147705078125,9.805683135986328,0.08881428837776184,-0.10524170100688934
1788692034747147500,2.7811474609375,9.805683135986328,0.08878999203443527,-0.10526660084724426
1788692034752147500,2.7861474609375,9.805683135986328,0.08874466270208359,-0.10533857345581055
1788692034757147400,2.7911474609375,9.805684089660645,0.0885675922036171,-0.1054036021232605
1788692034762147600,2.796147705078125,9.805683135986328,0.08861076831817627,-0.10536115616559982
1788692034767147500,2.8011474609375,9.805683135986328,0.08866646885871887,-0.10532534122467041
1788692034772147500,2.8061474609375,9.805683135986328,0.08865649253129959,-0.10540203005075455
1788692034777147400,2.8111474609375,9.805682182312012,0.08864623308181763,-0.10545811802148819
1788692034782147600,2.816147705078125,9.805681228637695,0.08869222551584244,-0.10552238672971725
1788692034787147500,2.8211474609375,9.805679321289062,0.08877678215503693,-0.10557741671800613
1788692034792147500,2.8261474609375,9.805681228637695,0.08872560411691666,-0.10559126734733582
1788692034797147400,2.8311474609375,9.805678367614746,0.08881740272045135,-0.10564980655908585
1788692034802147600,2.836147705078125,9.805678367614746,0.08879806846380234,-0.1056901216506958
1788692034807147500,2.8411474609375,9.805678367614746,0.0888122171163559,-0.10568536072969437
1788692034812147500,2.8461474609375,9.805680274963379,0.08879560977220535,-0.10559194535017014
1788692034817147400,2.8511474609375,9.805679321289062,0.08881348371505737,-0.10555390268564224
1788692034822147600,2.856147705078125,9.805679321289062,0.08876048773527145,-0.10563930869102478
1788692034827147500,2.8611474609375,9.805680274963379,0.08868562430143356,-0.10566864162683487
1788692034832147500,2.8661474609375,9.805678367614746,0.088675856590271,-0.10578189790248871
1788692034837147400,2.8711474609375,9.805678367614746,0.08868665248155594,-0.10583565384149551
1788692034842147600,2.876147705078125,9.80567741394043,0.0886368677020073,-0.10588772594928741
1788692034847147500,2.8811474609375,9.80567741394043,0.0885937362909317,-0.10592041909694672
1788692034852147500,2.8861474609375,9.805676460266113,0.08867066353559494,-0.10595586150884628
1788692034857147400,2.8911474609375,9.80567741394043,0.0885944813489914,-0.10592563450336456
1788692034862147600,2.896147705078125,9.80567741394043,0.08858757466077805,-0.1059013158082962
1788692034867147500,2.9011474609375,9.80567741394043,0.08859696239233017,-0.1059175357222557
1788692034872147500,2.9061474609375,9.80567741394043,0.08859644830226898,-0.10593754798173904
1788692034877147400,2.9111474609375,9.805676460266113,0.08877748250961304,-0.10594667494297028
1788692034882147600,2.916147705078125,9.80567741394043,0.08877726644277573,-0.10582374781370163
1788692034887147500,2.9211474609375,9.805676460266113,0.08881235867738724,-0.10586205869913101
1788692034892147500,2.9261474609375,9.805675506591797,0.08882810175418854,-0.10592316836118698
1788692034897147400,2.9311474609375,9.80567455291748,0.08887477964162827,-0.10595759749412537
1788692034902147600,2.936147705078125,9.80567455291748,0.08886107057332993,-0.10597805678844452
1788692034907147500,2.9411474609375,9.80567455291748,0.08880972117185593,-0.10606694221496582
1788692034912147500,2.9461474609375,9.80567455291748,0.08881931006908417,-0.10606461763381958
1788692034917147400,2.9511474609375,9.80567455291748,0.08882158249616623,-0.10605432093143463
1788692034922147600,2.956147705078125,9.805676460266113,0.08878540247678757,-0.10602250695228577
1788692034927147500,2.9611474609375,9.805675506591797,0.08875546604394913,-0.10599929094314575
1788692034932147500,2.9661474609375,9.805675506591797,0.08875241130590439,-0.1059546247124672
1788692034937147400,2.9711474609375,9.805676460266113,0.08870236575603485,-0.1059691533446312
1788692034942147600,2.976147705078125,9.805676460266113,0.08865167945623398,-0.10596311092376709
1788692034947147500,2.9811474609375,9.80567741394043,0.08864176273345947,-0.10589008033275604
1788692034952147500,2.9861474609375,9.80567741394043,0.08864829689264297,-0.10590402036905289
1788692034957147400,2.9911474609375,9.80567741394043,0.08860253542661667,-0.10590308904647827
1788692034962147600,2.996147705078125,9.805678367614746,0.08856198191642761,-0.10588224232196808
1788692034967147500,3.0011474609375,9.80567741394043,0.08861006796360016,-0.10591069608926773
1788692034972147500,3.0061474609375,9.805676460266113,0.08867541700601578,-0.10600633919239044
1788692034977147400,3.0111474609375,9.805676460266113,0.08862455189228058,-0.10603385418653488
1788692034982147600,3.016147705078125,9.805676460266113,0.08862295746803284,-0.10614273697137833
1788692034987147500,3.0211474609375,9.805673599243164,0.08867716044187546,-0.10618290305137634
1788692034992147500,3.0261474609375,9.80567455291748,0.08864010870456696,-0.10622473061084747
1788692034997147400,3.0311474609375,9.805673599243164,0.08865059167146683,-0.10626249760389328
1788692035002147600,3.036147705078125,9.805672645568848,0.08856943994760513,-0.10638084262609482
1788692035007147500,3.0411474609375,9.805672645568848,0.08861257135868073,-0.10641048103570938
1788692035012147500,3.0461474609375,9.805671691894531,0.08863599598407745,-0.10643906891345978
1788692035017147400,3.0511474609375,9.805670738220215,0.08862563967704773,-0.10653038322925568
1788692035022147600,3.056147705078125,9.805669784545898,0.08859124779701233,-0.1066216230392456
1788692035027147500,3.0611474609375,9.805669784545898,0.08858080208301544,-0.1066577136516571
1788692035032147500,3.0661474609375,9.805669784545898,0.08852639049291611,-0.106692835688591
1788692035037147400,3.0711474609375,9.805669784545898,0.08850676566362381,-0.10676418244838715
1788692035042147600,3.076147705078125,9.805669784545898,0.08848217129707336,-0.10677226632833481
1788692035047147500,3.0811474609375,9.805668830871582,0.08842387795448303,-0.10686007887125015
1788692035052147500,3.0861474609375,9.805668830871582,0.08835994452238083,-0.10690344870090485
1788692035057147400,3.0911474609375,9.805667877197266,0.08842289447784424,-0.10693110525608063
1788692035062147600,3.096147705078125,9.80566692352295,0.08840303122997284,-0.1070743203163147
1788692035067147500,3.1011474609375,9.80566692352295,0.08838172256946564,-0.10711921006441116
1788692035072147500,3.1061474609375,9.80566692352295,0.08831440657377243,-0.10712592303752899
1788692035077147400,3.1111474609375,9.805667877197266,0.08826597034931183,-0.1071140319108963
1788692035082147600,3.116147705078125,9.805667877197266,0.08824034035205841,-0.10710057616233826
1788692035087147500,3.1211474609375,9.805667877197266,0.08817696571350098,-0.10716796666383743
1788692035092147500,3.1261474609375,9.805667877197266,0.08812836557626724,-0.10715945810079575
1788692035097147400,3.1311474609375,9.805667877197266,0.08812648057937622,-0.10719937831163406
1788692035102147600,3.136147705078125,9.805667877197266,0.08806965500116348,-0.10724573582410812
1788692035107147500,3.1411474609375,9.805667877197266,0.08811873942613602,-0.10722026228904724
1788692035112147500,3.1461474609375,9.805668830871582,0.088091641664505,-0.10720302909612656
1788692035117147400,3.1511474609375,9.805669784545898,0.08801805973052979,-0.10714909434318542
1788692035122147600,3.156147705078125,9.805669784545898,0.08793656527996063,-0.10716663300991058
1788692035127147500,3.1611474609375,9.805669784545898,0.08794046938419342,-0.1072111502289772
1788692035132147500,3.1661474609375,9.805669784545898,0.08789682388305664,-0.10725656151771545
1788692035137147400,3.1711474609375,9.805669784545898,0.08783959597349167,-0.1072702631354332
1788692035142147600,3.176147705078125,9.805669784545898,0.087797150015831,-0.10733672976493835
1788692035147147500,3.1811474609375,9.805669784545898,0.08771653473377228,-0.10737953335046768
1788692035152147500,3.1861474609375,9.805669784545898,0.08773349225521088,-0.10741729289293289
1788692035157147400,3.1911474609375,9.805667877197266,0.0877796933054924,-0.1074603721499443
1788692035162147600,3.196147705078125,9.805667877197266,0.08775708824396133,-0.10748456418514252
1788692035167147500,3.2011474609375,9.805667877197266,0.0877566933631897,-0.10748165845870972
1788692035172147500,3.2061474609375,9.805667877197266,0.08779297024011612,-0.10748427361249924
1788692035177147400,3.2111474609375,9.805668830871582,0.08776718378067017,-0.10752911120653152
1788692035182147600,3.216147705078125,9.805665969848633,0.08788322657346725,-0.107618547976017
1788692035187147500,3.2211474609375,9.805665016174316,0.08792854100465775,-0.10760046541690826
1788692035192147500,3.2261474609375,9.805665016174316,0.08794356137514114,-0.10759474337100983
1788692035197147400,3.2311474609375,9.805665016174316,0.08796881884336472,-0.10760241746902466
1788692035202147600,3.236147705078125,9.805665016174316,0.0880027636885643,-0.10756447911262512
1788692035207147500,3.2411474609375,9.805665016174316,0.08800825476646423,-0.1076216995716095
1788692035212147500,3.2461474609375,9.8056640625,0.08800369501113892,-0.1076713427901268
1788692035217147400,3.2511474609375,9.805663108825684,0.0880388543009758,-0.10775268077850342
1788692035222147600,3.256147705078125,9.805662155151367,0.08802127838134766,-0.10781006515026093
1788692035227147500,3.2611474609375,9.805662155151367,0.08800093829631805,-0.10783052444458008
1788692035232147500,3.2661474609375,9.80566120147705,0.0879950076341629,-0.10794936865568161
1788692035237147400,3.2711474609375,9.80566120147705,0.08796266466379166,-0.10801536589860916
1788692035242147600,3.276147705078125,9.805662155151367,0.08785457909107208,-0.10796476155519485
1788692035247147500,3.2811474609375,9.805663108825684,0.0878366008400917,-0.10790426284074783
1788692035252147500,3.2861474609375,9.8056640625,0.0877605453133583,-0.10787968337535858
1788692035257147400,3.2911474609375,9.805665016174316,0.08780346810817719,-0.10784304887056351
1788692035262147600,3.296147705078125,9.805663108825684,0.08782036602497101,-0.1078827977180481
1788692035267147500,3.3011474609375,9.805663108825684,0.08786121010780334,-0.10785204917192459
1788692035272147500,3.3061474609375,9.805662155151367,0.08786174654960632,-0.10794157534837723
1788692035277147400,3.3111474609375,9.805662155151367,0.08784840255975723,-0.10801434516906738
1788692035282147600,3.316147705078125,9.805659294128418,0.08794073015451431,-0.10822558403015137
1788692035287147500,3.3211474609375,9.805656433105469,0.08798098564147949,-0.10835255682468414
1788692035292147500,3.3261474609375,9.805655479431152,0.08801661431789398,-0.10841295123100281
1788692035297147400,3.3311474609375,9.805655479431152,0.08798164874315262,-0.10847055912017822
1788692035302147600,3.336147705078125,9.805656433105469,0.08786799013614655,-0.10849520564079285
1788692035307147500,3.3411474609375,9.805658340454102,0.08778047561645508,-0.10841915756464005
1788692035312147500,3.3461474609375,9.805657386779785,0.08768550306558609,-0.10847728699445724
1788692035317147400,3.3511474609375,9.805657386779785,0.08760407567024231,-0.10858143866062164
1788692035322147600,3.356147705078125,9.805657386779785,0.08755051344633102,-0.10868233442306519
1788692035327147500,3.3611474609375,9.805657386779785,0.08742644637823105,-0.10877883434295654
1788692035332147500,3.3661474609375,9.805657386779785,0.0873437374830246,-0.10882936418056488
1788692035337147400,3.3711474609375,9.805657386779785,0.08734466135501862,-0.10881559550762177
1788692035342147600,3.376147705078125,9.805657386779785,0.08729223161935806,-0.10880009829998016
1788692035347147500,3.3811474609375,9.805658340454102,0.08723518252372742,-0.10880270600318909
1788692035352147500,3.3861474609375,9.805658340454102,0.0872914046049118,-0.10875997692346573
1788692035357147400,3.3911474609375,9.805657386779785,0.0873282253742218,-0.10880191624164581
1788692035362147600,3.396147705078125,9.805657386779785,0.08738172054290771,-0.10881471633911133
1788692035367147500,3.4011474609375,9.805658340454102,0.08734361827373505,-0.10873094201087952
1788692035372147500,3.4061474609375,9.805660247802734,0.0872618556022644,-0.10858287662267685
1788692035377147400,3.4111474609375,9.805660247802734,0.08731050789356232,-0.10854901373386383
1788692035382147600,3.416147705078125,9.80566120147705,0.08734534680843353,-0.10849719494581223
1788692035387147500,3.4211474609375,9.805662155151367,0.08728377521038055,-0.10842880606651306
1788692035392147500,3.4261474609375,9.805663108825684,0.08716874569654465,-0.10845107585191727
1788692035397147400,3.4311474609375,9.8056640625,0.08719354122877121,-0.1082867830991745
1788692035402147600,3.436147705078125,9.805665016174316,0.08726043999195099,-0.10816642642021179
1788692035407147500,3.4411474609375,9.80566692352295,0.08715894818305969,-0.10808199644088745
1788692035412147500,3.4461474609375,9.805667877197266,0.0871751606464386,-0.10806894302368164
1788692035417147400,3.4511474609375,9.805667877197266,0.08717647939920425,-0.10800793021917343
1788692035422147600,3.456147705078125,9.805668830871582,0.08711116015911102,-0.10798905044794083
1788692035427147500,3.4611474609375,9.805669784545898,0.0870022401213646,-0.10800018906593323
1788692035432147500,3.4661474609375,9.805672645568848,0.08703965693712234,-0.10773637145757675
1788692035437147400,3.4711474609375,9.805681228637695,0.08720137923955917,-0.1067492812871933
1788692035442147600,3.476147705078125,9.805685997009277,0.08717259764671326,-0.10635215789079666
1788692035447147500,3.4811474609375,9.805685997009277,0.08717340230941772,-0.10636191070079803
1788692035452147500,3.4861474609375,9.80568790435791,0.0871444121003151,-0.10622741281986237
1788692035457147400,3.4911474609375,9.805689811706543,0.0871671661734581,-0.10597206652164459
1788692035462147600,3.496147705078125,9.80569076538086,0.08727888762950897,-0.10581044107675552
1788692035467147500,3.5011474609375,9.80569076538086,0.0873870998620987,-0.1057569608092308
1788692035472147500,3.5061474609375,9.80569076538086,0.08744293451309204,-0.10564971715211868
1788692035477147400,3.5111474609375,9.805689811706543,0.08752446621656418,-0.10565199702978134
1788692035482147600,3.516147705078125,9.80569839477539,0.08740757405757904,-0.10503972321748734
1788692035487147500,3.5211474609375,9.805731773376465,0.08720484375953674,-0.10197842121124268
1788692035492147500,3.5261474609375,9.805756568908691,0.08794642984867096,-0.09897727519273758
1788692035497147400,3.5311474609375,9.805801391601562,0.08800618350505829,-0.09441343694925308
1788692035502147600,3.536147705078125,9.805871963500977,0.08777569979429245,-0.08697189390659332
1788692035507147500,3.5411474609375,9.805941581726074,0.08730026334524155,-0.07915621250867844
1788692035512147500,3.5461474609375,9.806008338928223,0.08739079535007477,-0.07028663903474808
1788692035517147400,3.5511474609375,9.806056022644043,0.08834477514028549,-0.062055960297584534
1788692035522147600,3.556147705078125,9.80614185333252,0.08654224127531052,-0.04987461864948273
1788692035527147500,3.5611474609375,9.806163787841797,0.08803630620241165,-0.04220954701304436
1788692035532147500,3.5661474609375,9.806218147277832,0.08663659542798996,-0.03123847208917141
1788692035537147400,3.5711474609375,9.806234359741211,0.08732448518276215,-0.022911356762051582
1788692035542147600,3.576147705078125,9.806256294250488,0.08701299130916595,-0.0122035201638937
1788692035547147500,3.5811474609375,9.806262016296387,0.08708377927541733,-0.0016032600542530417
1788692035552147500,3.5861474609375,9.806262016296387,0.08687074482440948,0.006681899074465036
1788692035557147400,3.5911474609375,9.806257247924805,0.08601145446300507,0.017433596774935722
1788692035562147600,3.596147705078125,9.806227684020996,0.08725963532924652,0.025737859308719635
1788692035567147500,3.6011474609375,9.8062162399292,0.0859442949295044,0.03352616727352142
1788692035572147500,3.6061474609375,9.806188583374023,0.08652225136756897,0.03956862911581993
1788692035577147400,3.6111474609375,9.806157112121582,0.0869719609618187,0.04593515023589134
1788692035582147600,3.616147705078125,9.806139945983887,0.08605971932411194,0.0510358065366745
1788692035587147500,3.6211474609375,9.806109428405762,0.08555161207914352,0.057324282824993134
1788692035592147500,3.6261474609375,9.806077003479004,0.08463975042104721,0.0637972503900528
1788692035597147400,3.6311474609375,9.806023597717285,0.08493511378765106,0.07132440060377121
1788692035602147600,3.636147705078125,9.805968284606934,0.08479350060224533,0.07871025055646896
1788692035607147500,3.6411474609375,9.805913925170898,0.08443589508533478,0.0855727568268776
1788692035612147500,3.6461474609375,9.80586051940918,0.08344199508428574,0.09237996488809586
1788692035617147400,3.6511474609375,9.805999755859375,0.08261268585920334,0.07698753476142883
1788692035622147600,3.656147705078125,9.806024551391602,0.09200123697519302,0.06170252710580826
1788692035627147500,3.6611474609375,9.806021690368652,0.0887308120727539,0.06689777225255966
1788692035632147500,3.6661474609375,9.806011199951172,0.08614514768123627,0.07141154259443283
1788692035637147400,3.6711474609375,9.806008338928223,0.08333282917737961,0.07515094429254532
1788692035642147600,3.676147705078125,9.806001663208008,0.09045197814702988,0.0672960877418518
1788692035647147500,3.6811474609375,9.806070327758789,0.08933793753385544,0.05810600891709328
1788692035652147500,3.6861474609375,9.806079864501953,0.08745907992124557,0.05934860184788704
1788692035657147400,3.6911474609375,9.806095123291016,0.08792273700237274,0.05615521967411041
1788692035662147600,3.696147705078125,9.806144714355469,0.08706790953874588,0.04835280030965805
1788692035667147500,3.7011474609375,9.806172370910645,0.08786651492118835,0.04061010852456093
1788692035672147500,3.7061474609375,9.806206703186035,0.08792641758918762,0.031045032665133476
1788692035677147400,3.7111474609375,9.806234359741211,0.08660073578357697,0.02578682079911232
1788692035682147600,3.716147705078125,9.806255340576172,0.08647310733795166,0.01633315347135067
1788692035687147500,3.7211474609375,9.80626106262207,0.08727475255727768,0.0043553453870117664
1788692035692147500,3.7261474609375,9.806264877319336,0.08680713176727295,-0.005527460016310215
1788692035697147400,3.7311474609375,9.80626106262207,0.08612461388111115,-0.0146557055413723
1788692035702147600,3.736147705078125,9.80624008178711,0.08643655478954315,-0.02381816878914833
1788692035707147500,3.7411474609375,9.806196212768555,0.08699630200862885,-0.036588557064533234
1788692035712147500,3.7461474609375,9.806163787841797,0.0862843245267868,-0.045818958431482315
1788692035717147400,3.7511474609375,9.80611801147461,0.08663021773099899,-0.054120589047670364
1788692035722147600,3.756147705078125,9.806056022644043,0.08636849373579025,-0.0647774413228035
1788692035727147500,3.7611474609375,9.805965423583984,0.08633770793676376,-0.07719423621892929
1788692035732147500,3.7661474609375,9.80588150024414,0.08638152480125427,-0.0873144119977951
1788692035737147400,3.7711474609375,9.805777549743652,0.08636558800935745,-0.09825139492750168
1788692035742147600,3.776147705078125,9.805654525756836,0.08627421408891678,-0.10992038995027542
1788692035747147500,3.7811474609375,9.805524826049805,0.08620040118694305,-0.12094315141439438
1788692035752147500,3.7861474609375,9.805377960205078,0.08621856570243835,-0.13232369720935822
1788692035757147400,3.7911474609375,9.805356979370117,0.0861397236585617,-0.13396483659744263
1788692035762147600,3.796147705078125,9.805336952209473,0.08606644719839096,-0.13546696305274963
1788692035767147500,3.8011474609375,9.805316925048828,0.08606226742267609,-0.13688924908638
1788692035772147500,3.8061474609375,9.805301666259766,0.08607210218906403,-0.13793788850307465
1788692035777147400,3.8111474609375,9.805298805236816,0.08611318469047546,-0.13811412453651428
1788692035782147600,3.816147705078125,9.805302619934082,0.08610796928405762,-0.13785792887210846
1788692035787147500,3.8211474609375,9.805305480957031,0.08609077334403992,-0.13767577707767487
1788692035792147500,3.8261474609375,9.80530834197998,0.08613097667694092,-0.1374654471874237
1788692035797147400,3.8311474609375,9.805309295654297,0.08618273586034775,-0.13738611340522766
1788692035802147600,3.836147705078125,9.80531120300293,0.08621709793806076,-0.1372232735157013
1788692035807147500,3.8411474609375,9.805312156677246,0.08619984984397888,-0.1371697187423706
1788692035812147500,3.8461474609375,9.805312156677246,0.08621662110090256,-0.13714970648288727
1788692035817147400,3.8511474609375,9.805315971374512,0.0862618237733841,-0.1368453949689865
1788692035822147600,3.856147705078125,9.805319786071777,0.08630861341953278,-0.13655833899974823
1788692035827147500,3.8611474609375,9.805318832397461,0.08634883165359497,-0.13656391203403473
1788692035832147500,3.8661474609375,9.805320739746094,0.08642545342445374,-0.13641613721847534
1788692035837147400,3.8711474609375,9.80532169342041,0.08640071004629135,-0.13632459938526154
1788692035842147600,3.876147705078125,9.805322647094727,0.08638740330934525,-0.1362561285495758
1788692035847147500,3.8811474609375,9.805322647094727,0.08639022707939148,-0.13628746569156647
1788692035852147500,3.8861474609375,9.805323600769043,0.08638930320739746,-0.13624781370162964
1788692035857147400,3.8911474609375,9.80532455444336,0.0863649845123291,-0.1361970454454422
1788692035862147600,3.896147705078125,9.80532455444336,0.08638930320739746,-0.13614629209041595
1788692035867147500,3.9011474609375,9.805325508117676,0.08637390285730362,-0.13609038293361664
1788692035872147500,3.9061474609375,9.805327415466309,0.08635382354259491,-0.13600413501262665
1788692035877147400,3.9111474609375,9.805327415466309,0.08633699268102646,-0.13593946397304535
1788692035882147600,3.916147705078125,9.805328369140625,0.08632742613554001,-0.1359393149614334
1788692035887147500,3.9211474609375,9.805328369140625,0.08631379902362823,-0.13587810099124908
1788692035892147500,3.9261474609375,9.805329322814941,0.08629357069730759,-0.13583751022815704
1788692035897147400,3.9311474609375,9.805330276489258,0.08626742660999298,-0.13584356009960175
1788692035902147600,3.936147705078125,9.805330276489258,0.08624383062124252,-0.13581226766109467
1788692035907147500,3.9411474609375,9.80533218383789,0.08617217093706131,-0.13574844598770142
1788692035912147500,3.9461474609375,9.80533218383789,0.08614828437566757,-0.1357455849647522
1788692035917147400,3.9511474609375,9.805333137512207,0.08612412959337234,-0.13569441437721252
1788692035922147600,3.956147705078125,9.805333137512207,0.08611660450696945,-0.13570484519004822
1788692035927147500,3.9611474609375,9.805333137512207,0.08610433340072632,-0.13568860292434692
1788692035932147500,3.9661474609375,9.805334091186523,0.08609502762556076,-0.13564100861549377
1788692035937147400,3.9711474609375,9.805334091186523,0.08612466603517532,-0.13563966751098633
1788692035942147600,3.976147705078125,9.805334091186523,0.0861128494143486,-0.13559691607952118
1788692035947147500,3.9811474609375,9.805334091186523,0.0861034020781517,-0.13561508059501648
1788692035952147500,3.9861474609375,9.80533504486084,0.08608345687389374,-0.13557425141334534
1788692035957147400,3.9911474609375,9.80533504486084,0.08608192205429077,-0.1355905830860138
1788692035962147600,3.996147705078125,9.805334091186523,0.08615657687187195,-0.13560232520103455
1788692035967147500,4.0011474609375,9.805334091186523,0.0861775279045105,-0.1355716437101364
1788692035972147500,4.0061474609375,9.80533504486084,0.08610370755195618,-0.13557538390159607
1788692035977147400,4.0111474609375,9.80533504486084,0.08608882129192352,-0.13559485971927643
1788692035982147600,4.016147705078125,9.805335998535156,0.08606380969285965,-0.1355462372303009
1788692035987147500,4.0211474609375,9.805335998535156,0.0860709622502327,-0.13552068173885345
1788692035992147500,4.0261474609375,9.805335998535156,0.0861087441444397,-0.13553664088249207
1788692035997147400,4.0311474609375,9.80533504486084,0.08611110597848892,-0.13554511964321136
1788692036002147600,4.036147705078125,9.80533504486084,0.0860910415649414,-0.13555502891540527
1788692036007147500,4.0411474609375,9.805335998535156,0.08601213991641998,-0.13556139171123505
1788692036012147500,4.0461474609375,9.805335998535156,0.08600443601608276,-0.13555637001991272
1788692036017147400,4.0511474609375,9.805337905883789,0.0860629454255104,-0.13539838790893555
1788692036022147600,4.056147705078125,9.805338859558105,0.08610627800226212,-0.13526077568531036
1788692036027147500,4.0611474609375,9.805341720581055,0.08605815470218658,-0.13515232503414154
1788692036032147500,4.0661474609375,9.805343627929688,0.08601443469524384,-0.13499148190021515
1788692036037147400,4.0711474609375,9.80534553527832,0.0860254317522049,-0.1348707377910614
1788692036042147600,4.076147705078125,9.80534839630127,0.08599803596735,-0.13467589020729065
1788692036047147500,4.0811474609375,9.805351257324219,0.08590307086706161,-0.13448446989059448
1788692036052147500,4.0861474609375,9.805354118347168,0.08586055040359497,-0.13432317972183228
1788692036057147400,4.0911474609375,9.805356979370117,0.08583482354879379,-0.1341831535100937
1788692036062147600,4.096147705078125,9.805359840393066,0.08583368360996246,-0.13396994769573212
1788692036067147500,4.1011474609375,9.805360794067383,0.08584608137607574,-0.13386087119579315
1788692036072147500,4.1061474609375,9.805359840393066,0.0859360545873642,-0.13384240865707397
1788692036077147400,4.1111474609375,9.805359840393066,0.08602212369441986,-0.1338198184967041
1788692036082147600,4.116147705078125,9.805360794067383,0.08603816479444504,-0.13372305035591125
1788692036087147500,4.1211474609375,9.805363655090332,0.08604569733142853,-0.13355030119419098
1788692036092147500,4.1261474609375,9.805365562438965,0.08599688857793808,-0.13340547680854797
1788692036097147400,4.1311474609375,9.805367469787598,0.08602888137102127,-0.13327227532863617
1788692036102147600,4.136147705078125,9.80536937713623,0.08600474148988724,-0.13313981890678406
1788692036107147500,4.1411474609375,9.80537223815918,0.08601681143045425,-0.13290753960609436
1788692036112147500,4.1461474609375,9.805374145507812,0.08600659668445587,-0.13279175758361816
1788692036117147400,4.1511474609375,9.805376052856445,0.08593877404928207,-0.13268089294433594
1788692036122147600,4.156147705078125,9.805377006530762,0.08596780896186829,-0.13256828486919403
1788692036127147500,4.1611474609375,9.805377960205078,0.08596739172935486,-0.13253313302993774
1788692036132147500,4.1661474609375,9.805379867553711,0.08599914610385895,-0.1323634535074234
1788692036137147400,4.1711474609375,9.805380821228027,0.08606895059347153,-0.1322619616985321
1788692036142147600,4.176147705078125,9.805381774902344,0.08620826154947281,-0.13211895525455475
1788692036147147500,4.1811474609375,9.80538272857666,0.08620663732290268,-0.13195990025997162
1788692036152147500,4.1861474609375,9.805384635925293,0.08618372678756714,-0.1318475604057312
1788692036157147400,4.1911474609375,9.805386543273926,0.08613424748182297,-0.131766676902771
1788692036162147600,4.196147705078125,9.805387496948242,0.0862228274345398,-0.1316496878862381
1788692036167147500,4.2011474609375,9.805389404296875,0.08620014786720276,-0.13151217997074127
1788692036172147500,4.2061474609375,9.805392265319824,0.08624932169914246,-0.13131500780582428
1788692036177147400,4.2111474609375,9.80539321899414,0.08629066497087479,-0.1311986744403839
1788692036182147600,4.216147705078125,9.805395126342773,0.08621460199356079,-0.1310843676328659
1788692036187147500,4.2211474609375,9.805397033691406,0.08618815243244171,-0.13096144795417786
1788692036192147500,4.2261474609375,9.805398941040039,0.0861896425485611,-0.13082723319530487
1788692036197147400,4.2311474609375,9.805399894714355,0.08620056509971619,-0.13074827194213867
1788692036202147600,4.236147705078125,9.805400848388672,0.08618349581956863,-0.1306440830230713
1788692036207147500,4.2411474609375,9.805403709411621,0.08612131327390671,-0.1304742842912674
1788692036212147500,4.2461474609375,9.805405616760254,0.0861760824918747,-0.13030649721622467
1788692036217147400,4.2511474609375,9.80540657043457,0.0861809179186821,-0.13025043904781342
1788692036222147600,4.256147705078125,9.805407524108887,0.08615195751190186,-0.13019177317619324
1788692036227147500,4.2611474609375,9.805408477783203,0.08609884977340698,-0.13015590608119965
1788692036232147500,4.2661474609375,9.80540943145752,0.08617667853832245,-0.12998944520950317
1788692036237147400,4.2711474609375,9.805411338806152,0.08619102835655212,-0.1298244446516037
1788692036242147600,4.276147705078125,9.805414199829102,0.08616515249013901,-0.1297036111354828
1788692036247147500,4.2811474609375,9.805416107177734,0.08611869812011719,-0.12957629561424255
1788692036252147500,4.2861474609375,9.80541706085205,0.0861455500125885,-0.12951239943504333
1788692036257147400,4.2911474609375,9.805418014526367,0.08622279763221741,-0.12935027480125427
1788692036262147600,4.296147705078125,9.805419921875,0.0862693265080452,-0.12919554114341736
1788692036267147500,4.3011474609375,9.805420875549316,0.08626434206962585,-0.12913420796394348
1788692036272147500,4.3061474609375,9.805421829223633,0.08627516776323318,-0.12901675701141357
1788692036277147400,4.3111474609375,9.805423736572266,0.08630753308534622,-0.12886837124824524
1788692036282147600,4.316147705078125,9.805424690246582,0.08640602231025696,-0.12874892354011536
1788692036287147500,4.3211474609375,9.805425643920898,0.08654139935970306,-0.12856581807136536
1788692036292147500,4.3261474609375,9.805427551269531,0.08646152913570404,-0.12845353782176971
1788692036297147400,4.3311474609375,9.805429458618164,0.08648795634508133,-0.12831531465053558
1788692036302147600,4.336147705078125,9.805431365966797,0.08655361086130142,-0.1281452625989914
1788692036307147500,4.3411474609375,9.805432319641113,0.08649314939975739,-0.12799687683582306
1788692036312147500,4.3461474609375,9.805436134338379,0.08649463951587677,-0.12779055535793304
1788692036317147400,4.3511474609375,9.805438041687012,0.08645279705524445,-0.12765464186668396
1788692036322147600,4.356147705078125,9.805439949035645,0.08642841875553131,-0.1275700181722641
1788692036327147500,4.3611474609375,9.805440902709961,0.08642905950546265,-0.12749814987182617
1788692036332147500,4.3661474609375,9.805440902709961,0.08639854937791824,-0.1274729073047638
1788692036337147400,4.3711474609375,9.805440902709961,0.08632767200469971,-0.12749417126178741
1788692036342147600,4.376147705078125,9.805442810058594,0.08638686686754227,-0.127374067902565
1788692036347147500,4.3811474609375,9.805442810058594,0.08649620413780212,-0.12729132175445557
1788692036352147500,4.3861474609375,9.805442810058594,0.08655757457017899,-0.1272241473197937
1788692036357147400,4.3911474609375,9.805444717407227,0.086530901491642,-0.1271226853132248
1788692036362147600,4.396147705078125,9.805445671081543,0.0864562913775444,-0.12708134949207306
1788692036367147500,4.4011474609375,9.805445671081543,0.08647432178258896,-0.12696856260299683
1788692036372147500,4.4061474609375,9.805447578430176,0.08652204275131226,-0.12693309783935547
1788692036377147400,4.4111474609375,9.805447578430176,0.08655325323343277,-0.1268562525510788
1788692036382147600,4.416147705078125,9.805449485778809,0.08654837310314178,-0.126733660697937
1788692036387147500,4.4211474609375,9.805450439453125,0.086534783244133,-0.12666459381580353
1788692036392147500,4.4261474609375,9.805452346801758,0.08652795851230621,-0.1265505701303482
1788692036397147400,4.4311474609375,9.805453300476074,0.08652717620134354,-0.12634356319904327
1788692036402147600,4.436147705078125,9.80545425415039,0.08655927330255508,-0.12628506124019623
1788692036407147500,4.4411474609375,9.80545711517334,0.0865311399102211,-0.126154825091362
1788692036412147500,4.4461474609375,9.805459976196289,0.08650171011686325,-0.12596957385540009
1788692036417147400,4.4511474609375,9.805460929870605,0.08656223863363266,-0.12582756578922272
1788692036422147600,4.456147705078125,9.805460929870605,0.08665288984775543,-0.12577839195728302
1788692036427147500,4.4611474609375,9.805460929870605,0.08678817749023438,-0.12570570409297943
1788692036432147500,4.4661474609375,9.805461883544922,0.0867508053779602,-0.12561754882335663
1788692036437147400,4.4711474609375,9.805461883544922,0.08671903610229492,-0.1256200224161148
1788692036442147600,4.476147705078125,9.805462837219238,0.08680479973554611,-0.1255243867635727
1788692036447147500,4.4811474609375,9.805464744567871,0.08679037541151047,-0.12535759806632996
1788692036452147500,4.4861474609375,9.80546760559082,0.08673282712697983,-0.12522603571414948
1788692036457147400,4.4911474609375,9.805468559265137,0.0866321548819542,-0.12514139711856842
1788692036462147600,4.496147705078125,9.80547046661377,0.08668365329504013,-0.12505675852298737
1788692036467147500,4.5011474609375,9.80547046661377,0.08676622807979584,-0.12497363239526749
1788692036472147500,4.5061474609375,9.80547046661377,0.08677419275045395,-0.12487943470478058
1788692036477147400,4.5111474609375,9.805473327636719,0.08670859783887863,-0.12479323148727417
1788692036482147600,4.516147705078125,9.805473327636719,0.08669276535511017,-0.1247311383485794
1788692036487147500,4.5211474609375,9.805473327636719,0.08667846769094467,-0.12467056512832642
1788692036492147500,4.5261474609375,9.805474281311035,0.08661067485809326,-0.1246844157576561
1788692036497147400,4.5311474609375,9.805477142333984,0.08654125779867172,-0.12461287528276443
1788692036502147600,4.536147705078125,9.805477142333984,0.0866069421172142,-0.12455623596906662
1788692036507147500,4.5411474609375,9.805477142333984,0.08661798387765884,-0.1245134100317955
1788692036512147500,4.5461474609375,9.8054780960083,0.08662412315607071,-0.12446711212396622
1788692036517147400,4.5511474609375,9.8054780960083,0.08660866320133209,-0.12442528456449509
1788692036522147600,4.556147705078125,9.8054780960083,0.08662758022546768,-0.12434250861406326
1788692036527147500,4.5611474609375,9.805479049682617,0.08659546822309494,-0.12430375069379807
1788692036532147500,4.5661474609375,9.805480003356934,0.08660277724266052,-0.12421096116304398
1788692036537147400,4.5711474609375,9.805481910705566,0.08663104474544525,-0.1241559088230133
1788692036542147600,4.576147705078125,9.805481910705566,0.0866648331284523,-0.12401489913463593
1788692036547147500,4.5811474609375,9.805482864379883,0.08664975315332413,-0.12398391216993332
1788692036552147500,4.5861474609375,9.805484771728516,0.0866088718175888,-0.1239532083272934
1788692036557147400,4.5911474609375,9.8054838180542,0.08667362481355667,-0.12387334555387497
1788692036562147600,4.596147705078125,9.805484771728516,0.08668980747461319,-0.12383880466222763
1788692036567147500,4.6011474609375,9.805485725402832,0.08669383078813553,-0.12379458546638489
1788692036572147500,4.6061474609375,9.805484771728516,0.08665906637907028,-0.12378960847854614
1788692036577147400,4.6111474609375,9.805487632751465,0.08658462762832642,-0.12375692278146744
1788692036582147600,4.616147705078125,9.805487632751465,0.08660180866718292,-0.12372081726789474
1788692036587147500,4.6211474609375,9.805489540100098,0.08666598796844482,-0.123542420566082
1788692036592147500,4.6261474609375,9.805488586425781,0.0866711214184761,-0.12355946004390717
1788692036597147400,4.6311474609375,9.805489540100098,0.08671119809150696,-0.12350962311029434
1788692036602147600,4.636147705078125,9.805490493774414,0.0866779163479805,-0.12344267219305038
1788692036607147500,4.6411474609375,9.805492401123047,0.08660376816987991,-0.12331224977970123
1788692036612147500,4.6461474609375,9.805492401123047,0.086568184196949,-0.12328134477138519
1788692036617147400,4.6511474609375,9.805493354797363,0.08661267161369324,-0.12316886335611343
1788692036622147600,4.656147705078125,9.805495262145996,0.08661895990371704,-0.12312182784080505
1788692036627147500,4.6611474609375,9.805495262145996,0.086620032787323,-0.12308932840824127
1788692036632147500,4.6661474609375,9.805496215820312,0.08661119639873505,-0.12301137298345566
1788692036637147400,4.6711474609375,9.805497169494629,0.0866587832570076,-0.122907854616642
1788692036642147600,4.676147705078125,9.805498123168945,0.08676008135080338,-0.12278833985328674
1788692036647147500,4.6811474609375,9.805499076843262,0.08666050434112549,-0.12277296185493469
1788692036652147500,4.6861474609375,9.805500030517578,0.0866367369890213,-0.12272845208644867
1788692036657147400,4.6911474609375,9.805500030517578,0.08662016689777374,-0.12267079204320908
1788692036662147600,4.696147705078125,9.805501937866211,0.0865665003657341,-0.12263459712266922
1788692036667147500,4.7011474609375,9.805501937866211,0.08657266199588776,-0.1226295754313469
1788692036672147500,4.7061474609375,9.805500984191895,0.08657927811145782,-0.12262476235628128
1788692036677147400,4.7111474609375,9.805500984191895,0.08658609539270401,-0.12265149503946304
1788692036682147600,4.716147705078125,9.805501937866211,0.08659984171390533,-0.12253857403993607
1788692036687147500,4.7211474609375,9.805502891540527,0.0866391658782959,-0.12242615222930908
1788692036692147500,4.7261474609375,9.805503845214844,0.08657181262969971,-0.12242546677589417
1788692036697147400,4.7311474609375,9.80550479888916,0.08659753203392029,-0.12238098680973053
1788692036702147600,4.736147705078125,9.805503845214844,0.08662597835063934,-0.12233587354421616
1788692036707147500,4.7411474609375,9.805505752563477,0.08655598014593124,-0.1222754716873169
1788692036712147500,4.7461474609375,9.80550479888916,0.08664043992757797,-0.12224532663822174
1788692036717147400,4.7511474609375,9.805506706237793,0.08668987452983856,-0.12215826660394669
1788692036722147600,4.756147705078125,9.805506706237793,0.0866956040263176,-0.12213171273469925
1788692036727147500,4.7611474609375,9.80550765991211,0.08668418228626251,-0.12203571945428848
1788692036732147500,4.7661474609375,9.805508613586426,0.08667386323213577,-0.12193982303142548
1788692036737147400,4.7711474609375,9.805509567260742,0.08670476078987122,-0.1218712106347084
1788692036742147600,4.776147705078125,9.805508613586426,0.08674260228872299,-0.12185520678758621
1788692036747147500,4.7811474609375,9.805509567260742,0.08676078170537949,-0.12188293039798737
1788692036752147500,4.7861474609375,9.805508613586426,0.08678565174341202,-0.1218809261918068
1788692036757147400,4.7911474609375,9.805508613586426,0.08684184402227402,-0.1218329444527626
1788692036762147600,4.796147705078125,9.805509567260742,0.08685599267482758,-0.12173700332641602
1788692036767147500,4.8011474609375,9.805509567260742,0.0868491530418396,-0.12169541418552399
1788692036772147500,4.8061474609375,9.805512428283691,0.08685404807329178,-0.12160003930330276
1788692036777147400,4.8111474609375,9.805512428283691,0.08674569427967072,-0.1215820163488388
1788692036782147600,4.816147705078125,9.805514335632324,0.08674256503582001,-0.12151115387678146
1788692036787147500,4.8211474609375,9.805516242980957,0.08673931658267975,-0.12137553095817566
1788692036792147500,4.8261474609375,9.805516242980957,0.08678456395864487,-0.12126331031322479
1788692036797147400,4.8311474609375,9.805517196655273,0.08680088073015213,-0.1212124153971672
1788692036802147600,4.836147705078125,9.805516242980957,0.08683943003416061,-0.12114014476537704
1788692036807147500,4.8411474609375,9.805519104003906,0.08681817352771759,-0.12104953080415726
1788692036812147500,4.8461474609375,9.805519104003906,0.08685136586427689,-0.12095217406749725
1788692036817147400,4.8511474609375,9.805520057678223,0.0868491530418396,-0.12091528624296188
1788692036822147600,4.856147705078125,9.80551815032959,0.08689413964748383,-0.12096283584833145
1788692036827147500,4.8611474609375,9.805519104003906,0.08690080791711807,-0.12096057832241058
1788692036832147500,4.8661474609375,9.805521011352539,0.08682747185230255,-0.12078220397233963
1788692036837147400,4.8711474609375,9.805522918701172,0.08684120327234268,-0.1207379549741745
1788692036842147600,4.876147705078125,9.805524826049805,0.0868740901350975,-0.12055730074644089
1788692036847147500,4.8811474609375,9.805525779724121,0.08691965788602829,-0.1204693615436554
1788692036852147500,4.8861474609375,9.805524826049805,0.08694343268871307,-0.12044993788003922
1788692036857147400,4.8911474609375,9.805524826049805,0.08694768697023392,-0.12047132104635239
1788692036862147600,4.896147705078125,9.805524826049805,0.08691725879907608,-0.1205262765288353
1788692036867147500,4.9011474609375,9.805525779724121,0.08674396574497223,-0.12055309116840363
1788692036872147500,4.9061474609375,9.805524826049805,0.08667638897895813,-0.12070374935865402
1788692036877147400,4.9111474609375,9.805522918701172,0.08666785806417465,-0.12079210579395294
1788692036882147600,4.916147705078125,9.805522918701172,0.0866718739271164,-0.12080028653144836
1788692036887147500,4.9211474609375,9.805524826049805,0.08663921058177948,-0.12065945565700531
1788692036892147500,4.9261474609375,9.805524826049805,0.08665800094604492,-0.12066348642110825
1788692036897147400,4.9311474609375,9.805525779724121,0.0866294652223587,-0.12063376605510712
1788692036902147600,4.936147705078125,9.805524826049805,0.08669637888669968,-0.12058285623788834
1788692036907147500,4.9411474609375,9.80552864074707,0.08678145706653595,-0.12027357518672943
1788692036912147500,4.9461474609375,9.805532455444336,0.08682695776224136,-0.11993683874607086
1788692036917147400,4.9511474609375,9.805536270141602,0.0868816003203392,-0.11964549869298935
1788692036922147600,4.956147705078125,9.805543899536133,0.08719481527805328,-0.11876820027828217
1788692036927147500,4.9611474609375,9.80555534362793,0.08739233016967773,-0.11764893680810928
1788692036932147500,4.9661474609375,9.805559158325195,0.08861272037029266,-0.11632658541202545
1788692036937147400,4.9711474609375,9.805634498596191,0.09048369526863098,-0.10829434543848038
1788692036942147600,4.976147705078125,9.805741310119629,0.09297951310873032,-0.09578412771224976
1788692036947147500,4.9811474609375,9.805858612060547,0.0959157943725586,-0.07948529720306396
1788692036952147500,4.9861474609375,9.806170463562012,0.08313912898302078,-0.05000254511833191
1788692036957147400,4.9911474609375,9.806219100952148,0.08954543620347977,-0.02084006555378437
1788692036962147600,4.996147705078125,9.806255340576172,0.08745482563972473,-0.009794107638299465
1788692036967147500,5.0011474609375,9.806234359741211,0.08832735568284988,0.018811440095305443
1788692036972147500,5.0061474609375,9.80617618560791,0.08753816783428192,0.040242355316877365
1788692036977147400,5.0111474609375,9.806077003479004,0.08697966486215591,0.060621559619903564
1788692036982147600,5.016147705078125,9.80605411529541,0.0869426503777504,0.06427539885044098
1788692036987147500,5.0211474609375,9.806041717529297,0.08690226078033447,0.0660514160990715
1788692036992147500,5.0261474609375,9.806022644042969,0.0867057740688324,0.06913693994283676
1788692036997147400,5.0311474609375,9.806005477905273,0.08649285137653351,0.07182283699512482
1788692037002147600,5.036147705078125,9.805987358093262,0.08632172644138336,0.0745193138718605
1788692037007147500,5.0411474609375,9.805967330932617,0.08609021455049515,0.07737510651350021
1788692037012147500,5.0461474609375,9.805953979492188,0.0861053466796875,0.07902207225561142
1788692037017147400,5.0511474609375,9.80594253540039,0.0855376124382019,0.08108080923557281
1788692037022147600,5.056147705078125,9.805896759033203,0.08588312566280365,0.08597815781831741
1788692037027147500,5.0611474609375,9.805890083312988,0.08440570533275604,0.08826892822980881
1788692037032147500,5.0661474609375,9.805883407592773,0.08462448418140411,0.08876658976078033
1788692037037147400,5.0711474609375,9.805856704711914,0.08417897671461105,0.0921219140291214
1788692037042147600,5.076147705078125,9.80583667755127,0.08450041711330414,0.09388837218284607
1788692037047147500,5.0811474609375,9.805826187133789,0.08332154899835587,0.09602398425340652
1788692037052147500,5.0861474609375,9.80579662322998,0.08343520760536194,0.09888404607772827
1788692037057147400,5.0911474609375,9.805774688720703,0.0836869403719902,0.10079637914896011
1788692037062147600,5.096147705078125,9.805742263793945,0.08357574790716171,0.10398532450199127
1788692037067147500,5.1011474609375,9.80571174621582,0.08331703394651413,0.10701113194227219
1788692037072147500,5.1061474609375,9.805680274963379,0.08285767585039139,0.11025242507457733
1788692037077147400,5.1111474609375,9.805638313293457,0.0829831063747406,0.11377020180225372
1788692037082147600,5.116147705078125,9.805602073669434,0.08281725645065308,0.11697744578123093
1788692037087147500,5.1211474609375,9.80556583404541,0.08269108831882477,0.12004012614488602
1788692037092147500,5.1261474609375,9.805525779724121,0.08261173218488693,0.12344905734062195
1788692037097147400,5.1311474609375,9.805495262145996,0.08311747759580612,0.12550561130046844
1788692037102147600,5.136147705078125,9.805463790893555,0.0832805335521698,0.12778429687023163
1788692037107147500,5.1411474609375,9.805439949035645,0.08327428996562958,0.1296391487121582
1788692037112147500,5.1461474609375,9.80542278289795,0.08322368562221527,0.13094918429851532
1788692037117147400,5.1511474609375,9.805401802062988,0.08321251720190048,0.13250720500946045
1788692037122147600,5.156147705078125,9.805378913879395,0.08371461182832718,0.13390228152275085
1788692037127147500,5.1611474609375,9.805357933044434,0.08419044315814972,0.13512098789215088
1788692037132147500,5.1661474609375,9.80532455444336,0.08452887833118439,0.13732793927192688
1788692037137147400,5.1711474609375,9.80530071258545,0.08476952463388443,0.13886141777038574
1788692037142147600,5.176147705078125,9.80528450012207,0.0850386992096901,0.13978025317192078
1788692037147147500,5.1811474609375,9.805265426635742,0.08521193265914917,0.1411256343126297
1788692037152147500,5.1861474609375,9.805254936218262,0.08549008518457413,0.14162001013755798
1788692037157147400,5.1911474609375,9.80523681640625,0.08555883914232254,0.142868772149086
1788692037162147600,5.196147705078125,9.805229187011719,0.08535408228635788,0.1434914767742157
1788692037167147500,5.2011474609375,9.80522346496582,0.08499018102884293,0.14406710863113403
1788692037172147500,5.2061474609375,9.805233001708984,0.08575690537691116,0.14294010400772095
1788692037177147400,5.2111474609375,9.805258750915527,0.08558323234319687,0.14127185940742493
1788692037182147600,5.216147705078125,9.805305480957031,0.08589336276054382,0.137795552611351
1788692037187147500,5.2211474609375,9.80535888671875,0.08638274669647217,0.13362345099449158
1788692037192147500,5.2261474609375,9.805399894714355,0.0864449292421341,0.13055557012557983
1788692037197147400,5.2311474609375,9.805438995361328,0.08673156052827835,0.12739233672618866
1788692037202147600,5.236147705078125,9.805473327636719,0.08698701113462448,0.1245470941066742
1788692037207147500,5.2411474609375,9.80554485321045,0.08737997710704803,0.1184854507446289
1788692037212147500,5.2461474609375,9.80558967590332,0.08768143504858017,0.11455859243869781
1788692037217147400,5.2511474609375,9.80565357208252,0.08822070807218552,0.10848770290613174
1788692037222147600,5.256147705078125,9.805699348449707,0.08836954832077026,0.10416492074728012
1788692037227147500,5.2611474609375,9.805780410766602,0.0886092483997345,0.09591114521026611
1788692037232147500,5.2661474609375,9.805821418762207,0.08838922530412674,0.091903917491436
1788692037237147400,5.2711474609375,9.805885314941406,0.08864246308803558,0.08451461791992188
1788692037242147600,5.276147705078125,9.80593204498291,0.08853723853826523,0.07895353436470032
1788692037247147500,5.2811474609375,9.805974960327148,0.088697150349617,0.07339079678058624
1788692037252147500,5.2861474609375,9.806013107299805,0.0888545960187912,0.06787582486867905
1788692037257147400,5.2911474609375,9.806041717529297,0.08887332677841187,0.06362681835889816
1788692037262147600,5.296147705078125,9.806062698364258,0.08884987980127335,0.06027204170823097
1788692037267147500,5.3011474609375,9.806085586547852,0.08877961337566376,0.05640952289104462
1788692037272147500,5.3061474609375,9.806108474731445,0.08899132907390594,0.05202212929725647
1788692037277147400,5.3111474609375,9.806130409240723,0.08917167782783508,0.04734518378973007
1788692037282147600,5.316147705078125,9.806156158447266,0.08916463702917099,0.04180017486214638
1788692037287147500,5.3211474609375,9.806180953979492,0.08910908550024033,0.03550199791789055
1788692037292147500,5.3261474609375,9.806201934814453,0.08901530504226685,0.02949923649430275
1788692037297147400,5.3311474609375,9.806218147277832,0.08908721059560776,0.023325633257627487
1788692037302147600,5.336147705078125,9.806229591369629,0.08906242251396179,0.018015312030911446
1788692037307147500,5.3411474609375,9.806233406066895,0.08915083855390549,0.015295474790036678
1788692037312147500,5.3461474609375,9.806235313415527,0.08947993814945221,0.011216484941542149
1788692037317147400,5.3511474609375,9.806236267089844,0.08982513099908829,0.006950639188289642
1788692037322147600,5.356147705078125,9.806235313415527,0.09018362313508987,0.0018242115620523691
1788692037327147500,5.3611474609375,9.806249618530273,0.08865898102521896,-0.0009537726873531938
1788692037332147500,5.3661474609375,9.80625057220459,0.08830393850803375,-0.00582110183313489
1788692037337147400,5.3711474609375,9.806243896484375,0.08859565109014511,-0.010667074471712112
1788692037342147600,5.376147705078125,9.806243896484375,0.08798490464687347,-0.015051224268972874
1788692037347147500,5.3811474609375,9.806229591369629,0.08846524357795715,-0.020366549491882324
1788692037352147500,5.3861474609375,9.806217193603516,0.08853728324174881,-0.02540087327361107
1788692037357147400,5.3911474609375,9.806209564208984,0.08789467811584473,-0.030406441539525986
1788692037362147600,5.396147705078125,9.806190490722656,0.0879720076918602,-0.03578431159257889
1788692037367147500,5.4011474609375,9.806170463562012,0.08808422833681107,-0.0406339056789875
1788692037372147500,5.4061474609375,9.80615234375,0.0878244936466217,-0.04524866119027138
1788692037377147400,5.4111474609375,9.806129455566406,0.0878080427646637,-0.05000746250152588
1788692037382147600,5.416147705078125,9.806105613708496,0.08777786791324615,-0.05439009889960289
1788692037387147500,5.4211474609375,9.806079864501953,0.08794782310724258,-0.058724451810121536
1788692037392147500,5.4261474609375,9.806056022644043,0.08741602301597595,-0.06325896084308624
1788692037397147400,5.4311474609375,9.806029319763184,0.08717350661754608,-0.06763405352830887
1788692037402147600,5.436147705078125,9.80602741241455,0.08615395426750183,-0.06922698765993118
1788692037407147500,5.4411474609375,9.806020736694336,0.086130790412426,-0.07011351734399796
1788692037412147500,5.4461474609375,9.805977821350098,0.08605159819126129,-0.07593182474374771
1788692037417147400,5.4511474609375,9.805946350097656,0.0857989713549614,-0.08037542551755905
1788692037422147600,5.456147705078125,9.805928230285645,0.08550040423870087,-0.08284251391887665
1788692037427147500,5.4611474609375,9.805903434753418,0.08473704755306244,-0.08640378713607788
1788692037432147500,5.4661474609375,9.80588150024414,0.0845898762345314,-0.08893206715583801
1788692037437147400,5.4711474609375,9.805846214294434,0.08472304791212082,-0.09256027638912201
1788692037442147600,5.476147705078125,9.80580997467041,0.0846165120601654,-0.09653270244598389
1788692037447147500,5.4811474609375,9.805767059326172,0.08489145338535309,-0.10055389255285263
1788692037452147500,5.4861474609375,9.805730819702148,0.08470340073108673,-0.1042187511920929
1788692037457147400,5.4911474609375,9.805678367614746,0.08474037051200867,-0.10894453525543213
1788692037462147600,5.496147705078125,9.805644989013672,0.08430798351764679,-0.11233919858932495
1788692037467147500,5.5011474609375,9.805602073669434,0.08390063047409058,-0.11629549413919449
1788692037472147500,5.5061474609375,9.805566787719727,0.08332061022520065,-0.11953038722276688
1788692037477147400,5.5111474609375,9.805534362792969,0.08270344138145447,-0.12269776314496994
1788692037482147600,5.516147705078125,9.80548095703125,0.08273567259311676,-0.12684251368045807
1788692037487147500,5.5211474609375,9.805445671081543,0.08206293731927872,-0.1299242079257965
1788692037492147500,5.5261474609375,9.805419921875,0.08141741901636124,-0.1323128044605255
1788692037497147400,5.5311474609375,9.80540657043457,0.08149009197950363,-0.1331932693719864
1788692037502147600,5.536147705078125,9.80539321899414,0.08094807714223862,-0.13453024625778198
1788692037507147500,5.5411474609375,9.805317878723145,0.08113864064216614,-0.13982930779457092
1788692037512147500,5.5461474609375,9.805275917053223,0.08130215853452682,-0.14264102280139923
1788692037517147400,5.5511474609375,9.805229187011719,0.0815814658999443,-0.1457177996635437
1788692037522147600,5.556147705078125,9.80518913269043,0.08149530738592148,-0.14842353761196136
1788692037527147500,5.5611474609375,9.805167198181152,0.0815686509013176,-0.14975661039352417
1788692037532147500,5.5661474609375,9.805155754089355,0.08229298144578934,-0.15016795694828033
1788692037537147400,5.5711474609375,9.80513858795166,0.08247635513544083,-0.1510985642671585
1788692037542147600,5.576147705078125,9.805159568786621,0.08240656554698944,-0.14976154267787933
1788692037547147500,5.5811474609375,9.805153846740723,0.08291555196046829,-0.14995214343070984
1788692037552147500,5.5861474609375,9.805140495300293,0.08317700028419495,-0.15063713490962982
1788692037557147400,5.5911474609375,9.805140495300293,0.0835440456867218,-0.15042537450790405
1788692037562147600,5.596147705078125,9.805156707763672,0.08373977988958359,-0.14926119148731232
1788692037567147500,5.6011474609375,9.805192947387695,0.08426544815301895,-0.1465207189321518
1788692037572147500,5.6061474609375,9.805214881896973,0.08489833772182465,-0.14467942714691162
1788692037577147400,5.6111474609375,9.80524730682373,0.08467716723680496,-0.14262689650058746
1788692037582147600,5.616147705078125,9.805285453796387,0.08490440249443054,-0.13980905711650848
1788692037587147500,5.6211474609375,9.805309295654297,0.0847645252943039,-0.13823983073234558
1788692037592147500,5.6261474609375,9.805347442626953,0.08424903452396393,-0.13586720824241638
1788692037597147400,5.6311474609375,9.805380821228027,0.08422371745109558,-0.1333821713924408
1788692037602147600,5.636147705078125,9.805425643920898,0.08449382334947586,-0.12989364564418793
1788692037607147500,5.6411474609375,9.805468559265137,0.08535130321979523,-0.12609010934829712
1788692037612147500,5.6461474609375,9.805526733398438,0.08567334711551666,-0.12128334492444992
1788692037617147400,5.6511474609375,9.805602073669434,0.08654379844665527,-0.11436572670936584
1788692037622147600,5.656147705078125,9.805702209472656,0.08699095249176025,-0.1049622967839241
1788692037627147500,5.6611474609375,9.805753707885742,0.08796883374452591,-0.0991828665137291
1788692037632147500,5.6661474609375,9.805828094482422,0.08793175220489502,-0.09158310294151306
1788692037637147400,5.6711474609375,9.805892944335938,0.08806273341178894,-0.08430667221546173
1788692037642147600,5.676147705078125,9.80594253540039,0.08797599375247955,-0.07838408648967743
1788692037647147500,5.6811474609375,9.805991172790527,0.08809548616409302,-0.07176023721694946
1788692037652147500,5.6861474609375,9.8060302734375,0.08803652971982956,-0.06652207672595978
1788692037657147400,5.6911474609375,9.80606460571289,0.08824058622121811,-0.06083497405052185
1788692037662147600,5.696147705078125,9.806086540222168,0.08830464631319046,-0.05709758773446083
1788692037667147500,5.7011474609375,9.80610179901123,0.08876693993806839,-0.0536210723221302
1788692037672147500,5.7061474609375,9.806123733520508,0.0885801836848259,-0.049766045063734055
1788692037677147400,5.7111474609375,9.806145668029785,0.08865385502576828,-0.04503481090068817
1788692037682147600,5.716147705078125,9.806158065795898,0.08841006457805634,-0.04278171434998512
1788692037687147500,5.7211474609375,9.806167602539062,0.08842707425355911,-0.04047194495797157
1788692037692147500,5.7261474609375,9.806170463562012,0.08862026780843735,-0.03928747773170471
1788692037697147400,5.7311474609375,9.80617904663086,0.08813191950321198,-0.03829329460859299
1788692037702147600,5.736147705078125,9.806182861328125,0.08837421983480453,-0.03688780963420868
1788692037707147500,5.7411474609375,9.806185722351074,0.08854585886001587,-0.03573823347687721
1788692037712147500,5.7461474609375,9.80618953704834,0.08825810998678207,-0.03527664765715599
1788692037717147400,5.7511474609375,9.806194305419922,0.08853933215141296,-0.03319279104471207
1788692037722147600,5.756147705078125,9.806197166442871,0.0888984352350235,-0.03138872608542442
1788692037727147500,5.7611474609375,9.806206703186035,0.08889108896255493,-0.028387969359755516
1788692037732147000,5.76614697265625,9.806214332580566,0.08898558467626572,-0.02520025335252285
1788692037737147000,5.77114697265625,9.806221008300781,0.08916281163692474,-0.021862227469682693
1788692037742146800,5.776146728515625,9.806231498718262,0.08865313977003098,-0.018630223348736763
1788692037747146800,5.781146728515625,9.806228637695312,0.08974485844373703,-0.014936767518520355
1788692037752147200,5.786147216796875,9.806245803833008,0.08864782005548477,-0.008536753244698048
1788692037757147100,5.791147216796875,9.806241989135742,0.08936183899641037,-0.0046073696576058865
1788692037762147300,5.796147216796875,9.806242942810059,0.08937299251556396,0.0012024828465655446
1788692037767147300,5.801147216796875,9.806239128112793,0.0895770862698555,0.0065095145255327225
1788692037772147200,5.806147216796875,9.806232452392578,0.08970881998538971,0.011809094808995724
1788692037777147100,5.811147216796875,9.806229591369629,0.08941065520048141,0.016132373362779617
1788692037782147300,5.816147216796875,9.806228637695312,0.089602530002594,0.015562381595373154
1788692037787147300,5.821147216796875,9.806225776672363,0.08970501273870468,0.016724402084946632
1788692037792147200,5.826147216796875,9.806220054626465,0.08992187678813934,0.018673447892069817
1788692037797147100,5.831147216796875,9.806214332580566,0.09000038355588913,0.020937496796250343
1788692037802147300,5.836147216796875,9.8062105178833,0.08984348177909851,0.023525608703494072
1788692037807147300,5.841147216796875,9.806201934814453,0.09002542495727539,0.026117650792002678
1788692037812147200,5.846147216796875,9.806195259094238,0.0897630825638771,0.029208771884441376
1788692037817147100,5.851147216796875,9.806185722351074,0.08993545919656754,0.0320504754781723
1788692037822147300,5.856147216796875,9.80617618560791,0.08968278020620346,0.03548550233244896
1788692037827147300,5.861147216796875,9.806161880493164,0.08967360109090805,0.039044592529535294
1788692037832147200,5.866147216796875,9.806148529052734,0.08948863297700882,0.04264109581708908
1788692037837147100,5.871147216796875,9.806126594543457,0.08958548307418823,0.047282494604587555
1788692037842147300,5.876147216796875,9.806107521057129,0.0894712507724762,0.05133733153343201
1788692037847147300,5.881147216796875,9.806083679199219,0.08943677693605423,0.055807486176490784
1788692037852147200,5.886147216796875,9.806060791015625,0.0892360731959343,0.06008950620889664
1788692037857147100,5.891147216796875,9.806026458740234,0.08910061419010162,0.06558649986982346
1788692037862147300,5.896147216796875,9.805978775024414,0.0891384482383728,0.07235167175531387
1788692037867147300,5.901147216796875,9.80593204498291,0.0887855514883995,0.07876241207122803
1788692037872147200,5.906147216796875,9.805872917175293,0.08876018971204758,0.08580464124679565
1788692037877147100,5.911147216796875,9.805815696716309,0.08867665380239487,0.09221727401018143
1788692037882147300,5.916147216796875,9.805736541748047,0.08872652798891068,0.10015258938074112
1788692037887147300,5.921147216796875,9.805667877197266,0.08889855444431305,0.10656687617301941
1788692037892147200,5.926147216796875,9.805601119995117,0.08917311578989029,0.11238039284944534
1788692037897147100,5.931147216796875,9.805540084838867,0.08883411437273026,0.11786206066608429
1788692037902147300,5.936147216796875,9.805455207824707,0.08918008208274841,0.12446361035108566
1788692037907147300,5.941147216796875,9.805380821228027,0.08884590864181519,0.130408376455307
1788692037912147200,5.946147216796875,9.805318832397461,0.0888073518872261,0.13502706587314606
1788692037917147100,5.951147216796875,9.805276870727539,0.08896627277135849,0.137969970703125
1788692037922147300,5.956147216796875,9.805231094360352,0.0889832079410553,0.14114733040332794
1788692037927147300,5.961147216796875,9.805181503295898,0.08888620883226395,0.14460217952728271
1788692037932147200,5.966147216796875,9.805130958557129,0.08837371319532394,0.14820009469985962
1788692037937147100,5.971147216796875,9.805106163024902,0.08895255625247955,0.1495506465435028
1788692037942147300,5.976147216796875,9.805083274841309,0.08850204199552536,0.1513032615184784
1788692037947147300,5.981147216796875,9.805034637451172,0.08844957500696182,0.15446017682552338
1788692037952147200,5.986147216796875,9.804970741271973,0.08813789486885071,0.1586490273475647
1788692037957147100,5.991147216796875,9.804920196533203,0.08741661161184311,0.16210949420928955
1788692037962147300,5.996147216796875,9.804848670959473,0.08714500814676285,0.1665448248386383
1788692037967147300,6.001147216796875,9.804898262023926,0.08601593971252441,0.1641446202993393
1788692037972147200,6.006147216796875,9.80483627319336,0.0879218578338623,0.16684792935848236
1788692037977147100,6.011147216796875,9.804825782775879,0.08696562796831131,0.16802015900611877
1788692037982147300,6.016147216796875,9.80474853515625,0.08625582605600357,0.17278777062892914
1788692037987147300,6.021147216796875,9.804801940917969,0.08581498265266418,0.16996048390865326
1788692037992147200,6.026147216796875,9.804804801940918,0.08707688003778458,0.16913293302059174
1788692037997147100,6.031147216796875,9.80487060546875,0.0856325775384903,0.16604919731616974
1788692038002147300,6.036147216796875,9.804850578308105,0.08404716849327087,0.16799911856651306
1788692038007147300,6.041147216796875,9.804902076721191,0.08360892534255981,0.165161594748497
1788692038012147200,6.046147216796875,9.804936408996582,0.08357717841863632,0.1631678193807602
1788692038017147100,6.051147216796875,9.804937362670898,0.08291010558605194,0.1634288877248764
1788692038022147300,6.056147216796875,9.804924011230469,0.08187365531921387,0.16474583745002747
1788692038027147300,6.061147216796875,9.804950714111328,0.08148418366909027,0.16337451338768005
1788692038032147200,6.066147216796875,9.804969787597656,0.08144360780715942,0.16221457719802856
1788692038037147100,6.071147216796875,9.804976463317871,0.0808953121304512,0.16215454041957855
1788692038042147300,6.076147216796875,9.8049898147583,0.08021242916584015,0.1616278439760208
1788692038047147300,6.081147216796875,9.804965019226074,0.08007289469242096,0.16319793462753296
1788692038052147200,6.086147216796875,9.804971694946289,0.07949341088533401,0.16307276487350464
1788692038057147100,6.091147216796875,9.804952621459961,0.08001548051834106,0.16397130489349365
1788692038062147300,6.096147216796875,9.804985046386719,0.07988901436328888,0.162089541554451
1788692038067147300,6.101147216796875,9.80500316619873,0.08020041882991791,0.16085295379161835
1788692038072147200,6.106147216796875,9.805030822753906,0.08030462265014648,0.15905719995498657
1788692038077147100,6.111147216796875,9.8050537109375,0.08092717081308365,0.15734443068504333
1788692038082147300,6.116147216796875,9.805062294006348,0.08141287416219711,0.15652777254581451
1788692038087147300,6.121147216796875,9.805091857910156,0.08232122659683228,0.1542355865240097
1788692038092147200,6.126147216796875,9.805103302001953,0.08251990377902985,0.153403639793396
1788692038097147100,6.131147216796875,9.80512809753418,0.08266812562942505,0.15172691643238068
1788692038102147300,6.136147216796875,9.805146217346191,0.08268041163682938,0.15055108070373535
1788692038107147300,6.141147216796875,9.805153846740723,0.08258405327796936,0.15008920431137085
1788692038112147200,6.146147216796875,9.805209159851074,0.08275427669286728,0.14632415771484375
1788692038117147100,6.151147216796875,9.805242538452148,0.08276017010211945,0.14401747286319733
1788692038122147300,6.156147216796875,9.805295944213867,0.08284232020378113,0.14032991230487823
1788692038127147300,6.161147216796875,9.805350303649902,0.08288686722517014,0.1364438831806183
1788692038132147200,6.166147216796875,9.805414199829102,0.08393316715955734,0.13109637796878815
1788692038137147100,6.171147216796875,9.80549144744873,0.08412452787160873,0.12510989606380463
1788692038142147300,6.176147216796875,9.80553913116455,0.08474249392747879,0.1208643764257431
1788692038147147300,6.181147216796875,9.805601119995117,0.08522669970989227,0.11543421447277069
1788692038152147200,6.186147216796875,9.80567455291748,0.08560287952423096,0.10866045206785202
1788692038157147100,6.191147216796875,9.805740356445312,0.0857914462685585,0.10239969193935394
1788692038162147300,6.196147216796875,9.805803298950195,0.08579224348068237,0.09616677463054657
1788692038167147300,6.201147216796875,9.805853843688965,0.08593987673521042,0.09072531759738922
1788692038172147200,6.206147216796875,9.805906295776367,0.08609030395746231,0.08476485311985016
1788692038177147100,6.211147216796875,9.80594539642334,0.08667027205228806,0.07928488403558731
1788692038182147300,6.216147216796875,9.805996894836426,0.08641105890274048,0.07307396084070206
1788692038187147300,6.221147216796875,9.806015968322754,0.08641175180673599,0.0704270452260971
1788692038192147200,6.226147216796875,9.80605697631836,0.08649451285600662,0.06447332352399826
1788692038197147100,6.231147216796875,9.806089401245117,0.08663146197795868,0.05895451828837395
1788692038202147300,6.236147216796875,9.80611515045166,0.08693423122167587,0.05402567982673645
1788692038207147300,6.241147216796875,9.806151390075684,0.08695554733276367,0.047104354947805405
1788692038212147200,6.246147216796875,9.806178092956543,0.08673054724931717,0.04167903587222099
1788692038217147100,6.251147216796875,9.806206703186035,0.08705519139766693,0.0334007665514946
1788692038222147300,6.256147216796875,9.806227684020996,0.08708148449659348,0.026366623118519783
1788692038227147300,6.261147216796875,9.806241035461426,0.08722837269306183,0.020405689254403114
1788692038232147200,6.266147216796875,9.806252479553223,0.08719051629304886,0.014448354952037334
1788692038237147100,6.271147216796875,9.806260108947754,0.0869869589805603,0.009546400047838688
1788692038242147300,6.276147216796875,9.806262016296387,0.08714599162340164,0.0038884023670107126
1788692038247147300,6.281147216796875,9.80626392364502,0.08706653118133545,-0.001314474968239665
1788692038252147200,6.286147216796875,9.806262016296387,0.08713380992412567,-0.005051768384873867
1788692038257147100,6.291147216796875,9.80626106262207,0.0872390940785408,-0.005546595435589552
1788692038262147300,6.296147216796875,9.80626106262207,0.08714833110570908,-0.006481896620243788
1788692038267147300,6.301147216796875,9.806260108947754,0.08716001361608505,-0.008056916296482086
1788692038272147200,6.306147216796875,9.806258201599121,0.0871346965432167,-0.01021680235862732
1788692038277147100,6.311147216796875,9.806254386901855,0.08712051808834076,-0.01329843606799841
1788692038282147300,6.316147216796875,9.806248664855957,0.0870482474565506,-0.01740347407758236
1788692038287147300,6.321147216796875,9.80623722076416,0.08705852925777435,-0.022736962884664536
1788692038292147200,6.326147216796875,9.806220054626465,0.0871567502617836,-0.02880927361547947
1788692038297147100,6.331147216796875,9.806204795837402,0.08695413172245026,-0.03417658433318138
1788692038302147300,6.336147216796875,9.806182861328125,0.08686795085668564,-0.040180504322052
1788692038307147300,6.341147216796875,9.806158065795898,0.08683613687753677,-0.04588781297206879
1788692038312147200,6.346147216796875,9.806132316589355,0.08677387982606888,-0.051125913858413696
1788692038317147100,6.351147216796875,9.806107521057129,0.0867873951792717,-0.055742982774972916
1788692038322147300,6.356147216796875,9.806087493896484,0.08660783618688583,-0.059367045760154724
1788692038327147300,6.361147216796875,9.806060791015625,0.08660279214382172,-0.06380679458379745
1788692038332147200,6.366147216796875,9.806046485900879,0.0860287994146347,-0.06676670163869858
1788692038337147100,6.371147216796875,9.80601978302002,0.0861039087176323,-0.07040268927812576
1788692038342147300,6.376147216796875,9.806002616882324,0.08567066490650177,-0.07316078245639801
1788692038347147300,6.381147216796875,9.80598258972168,0.08560242503881454,-0.07601715624332428
1788692038352147200,6.386147216796875,9.805956840515137,0.08541938662528992,-0.0794387012720108
1788692038357147100,6.391147216796875,9.805938720703125,0.08534102141857147,-0.08165028691291809
1788692038362147300,6.396147216796875,9.805910110473633,0.08549977838993073,-0.08475291728973389
1788692038367147300,6.401147216796875,9.805878639221191,0.08581236749887466,-0.08818445354700089
1788692038372147200,6.406147216796875,9.805851936340332,0.08590151369571686,-0.09095580875873566
1788692038377147100,6.411147216796875,9.805846214294434,0.08533111959695816,-0.09215511381626129
1788692038382147300,6.416147216796875,9.805822372436523,0.08473601192235947,-0.09515811502933502
1788692038387147300,6.421147216796875,9.805792808532715,0.08498834073543549,-0.0979057028889656
1788692038392147200,6.426147216796875,9.80577278137207,0.08425866812467575,-0.10053901374340057
1788692038397147100,6.431147216796875,9.805739402770996,0.08432870358228683,-0.1036519706249237
1788692038402147300,6.436147216796875,9.805726051330566,0.08320043981075287,-0.10577823966741562
1788692038407147300,6.441147216796875,9.805691719055176,0.08307844400405884,-0.10902585834264755
1788692038412147200,6.446147216796875,9.805673599243164,0.08203811943531036,-0.11148028820753098
1788692038417147100,6.451147216796875,9.805646896362305,0.08144202083349228,-0.11417966336011887
1788692038422147300,6.456147216796875,9.805618286132812,0.08130636066198349,-0.11679762601852417
1788692038427147300,6.461147216796875,9.805590629577637,0.08094226568937302,-0.11923408508300781
1788692038432147200,6.466147216796875,9.805561065673828,0.08090673387050629,-0.12169428914785385
1788692038437147100,6.471147216796875,9.805517196655273,0.08132996410131454,-0.12484238296747208
1788692038442147300,6.476147216796875,9.805459022521973,0.08145659416913986,-0.12936559319496155
1788692038447147300,6.481147216796875,9.805418968200684,0.08164164423942566,-0.1322295069694519
1788692038452147200,6.486147216796875,9.805370330810547,0.08178787678480148,-0.1356261521577835
1788692038457147100,6.491147216796875,9.80532169342041,0.08110260218381882,-0.13953420519828796
1788692038462147300,6.496147216796875,9.805298805236816,0.08078766614198685,-0.1413113921880722
1788692038467147300,6.501147216796875,9.805265426635742,0.08008535951375961,-0.14399242401123047
1788692038472147200,6.506147216796875,9.80522346496582,0.07916165143251419,-0.14732305705547333
1788692038477147100,6.511147216796875,9.805190086364746,0.07944969087839127,-0.1494135856628418
1788692038482147300,6.516147216796875,9.80509090423584,0.07982596755027771,-0.1555280238389969
1788692038487147300,6.521147216796875,9.805087089538574,0.07918469607830048,-0.15617810189723969
1788692038492147200,6.526147216796875,9.805068016052246,0.07877224683761597,-0.15755431354045868
1788692038497147100,6.531147216796875,9.805011749267578,0.07882308959960938,-0.16096891462802887
1788692038502147300,6.536147216796875,9.80496597290039,0.07887252420186996,-0.16372008621692657
1788692038507147300,6.541147216796875,9.804911613464355,0.07902736961841583,-0.16690000891685486
1788692038512147200,6.546147216796875,9.804842948913574,0.07991659641265869,-0.17052266001701355
1788692038517147100,6.551147216796875,9.804813385009766,0.08020167052745819,-0.1720230132341385
1788692038522147300,6.556147216796875,9.804794311523438,0.08033757656812668,-0.1729944795370102
1788692038527147300,6.561147216796875,9.80477237701416,0.08096234500408173,-0.17398136854171753
1788692038532147200,6.566147216796875,9.804765701293945,0.08157002925872803,-0.17411886155605316
1788692038537147100,6.571147216796875,9.804764747619629,0.08325239270925522,-0.17336469888687134
1788692038542147300,6.576147216796875,9.804781913757324,0.08232349902391434,-0.17280127108097076
1788692038547147300,6.581147216796875,9.80484390258789,0.08254154771566391,-0.1691388338804245
1788692038552147200,6.586147216796875,9.80485725402832,0.08288177102804184,-0.1682242602109909
1788692038557147100,6.591147216796875,9.804908752441406,0.08355876058340073,-0.16482403874397278
1788692038562147300,6.596147216796875,9.804939270019531,0.08394321799278259,-0.1627926081418991
1788692038567147300,6.601147216796875,9.805008888244629,0.08359397947788239,-0.15874654054641724
1788692038572147200,6.606147216796875,9.805036544799805,0.0844864770770073,-0.15656228363513947
1788692038577147100,6.611147216796875,9.805068016052246,0.08381516486406326,-0.1549762636423111
1788692038582147300,6.616147216796875,9.805084228515625,0.08391664922237396,-0.1538691520690918
1788692038587147300,6.621147216796875,9.805119514465332,0.08351916074752808,-0.1517569124698639
1788692038592147200,6.626147216796875,9.805148124694824,0.08431428670883179,-0.14943185448646545
1788692038597147100,6.631147216796875,9.80518627166748,0.08472245931625366,-0.1467321664094925
1788692038602147300,6.636147216796875,9.805206298828125,0.08587707579135895,-0.14472228288650513
1788692038607147300,6.641147216796875,9.805280685424805,0.08528357744216919,-0.13990581035614014
1788692038612147200,6.646147216796875,9.80532455444336,0.08547664433717728,-0.13672195374965668
1788692038617147100,6.651147216796875,9.805405616760254,0.0858011245727539,-0.1305396556854248
1788692038622147300,6.656147216796875,9.805465698242188,0.08609461039304733,-0.12579405307769775
1788692038627147300,6.661147216796875,9.80553913116455,0.08619096875190735,-0.11987259238958359
1788692038632147200,6.666147216796875,9.805587768554688,0.08635638654232025,-0.11561790853738785
1788692038637147100,6.671147216796875,9.805647850036621,0.08645401149988174,-0.11036090552806854
1788692038642147300,6.676147216796875,9.805699348449707,0.08666550368070602,-0.10558857768774033
1788692038647147300,6.681147216796875,9.805740356445312,0.08682939410209656,-0.10147077590227127
1788692038652147200,6.686147216796875,9.80576229095459,0.08738599717617035,-0.09888316690921783
1788692038657147100,6.691147216796875,9.805785179138184,0.08729109168052673,-0.09665700048208237
1788692038662147300,6.696147216796875,9.805809020996094,0.08738327771425247,-0.09412596374750137
1788692038667147300,6.701147216796875,9.805853843688965,0.08719601482152939,-0.08954435586929321
1788692038672147200,6.706147216796875,9.805879592895508,0.08700521290302277,-0.08689296990633011
1788692038677147100,6.711147216796875,9.805899620056152,0.0870930552482605,-0.08456191420555115
1788692038682147300,6.716147216796875,9.805917739868164,0.08711376041173935,-0.0823068916797638
1788692038687147300,6.721147216796875,9.805946350097656,0.08727236092090607,-0.07870975881814957
1788692038692147200,6.726147216796875,9.80595874786377,0.08758150041103363,-0.07683496922254562
1788692038697147100,6.731147216796875,9.805990219116211,0.0873217061161995,-0.0728144496679306
1788692038702147300,6.736147216796875,9.806004524230957,0.08835864812135696,-0.069754458963871
1788692038707147300,6.741147216796875,9.806049346923828,0.08780939131975174,-0.06398946046829224
1788692038712147200,6.746147216796875,9.806077003479004,0.08775551617145538,-0.05963483825325966
1788692038717147100,6.751147216796875,9.806099891662598,0.0880141630768776,-0.05503368005156517
1788692038722147300,6.756147216796875,9.806137084960938,0.08758040517568588,-0.04894514009356499
1788692038727147300,6.761147216796875,9.806151390075684,0.08808636665344238,-0.04492630437016487
1788692038732147200,6.766147216796875,9.80617904663086,0.08766859024763107,-0.03944424167275429
1788692038737147100,6.771147216796875,9.806194305419922,0.08761344105005264,-0.03553255647420883
1788692038742147300,6.776147216796875,9.806208610534668,0.0876878872513771,-0.031070591881871223
1788692038747147300,6.781147216796875,9.806218147277832,0.08798478543758392,-0.027100445702672005
1788692038752147200,6.786147216796875,9.806231498718262,0.08754924684762955,-0.02327939122915268
1788692038757147100,6.791147216796875,9.80623722076416,0.08779928833246231,-0.01971769891679287
1788692038762147300,6.796147216796875,9.80624771118164,0.08759957551956177,-0.015115533955395222
1788692038767147300,6.801147216796875,9.806249618530273,0.08781769126653671,-0.012373462319374084
1788692038772147200,6.806147216796875,9.806249618530273,0.08770182728767395,-0.012511116452515125
1788692038777147100,6.811147216796875,9.806249618530273,0.08769401907920837,-0.012798801064491272
1788692038782147300,6.816147216796875,9.806251525878906,0.08754464238882065,-0.011982149444520473
1788692038787147300,6.821147216796875,9.806252479553223,0.08760493248701096,-0.01119746919721365
1788692038792147200,6.826147216796875,9.806257247924805,0.08732572942972183,-0.009173387661576271
1788692038797147100,6.831147216796875,9.806258201599121,0.0874817743897438,-0.006406144239008427
1788692038802147300,6.836147216796875,9.806259155273438,0.08752594888210297,-0.0031684350688010454
1788692038807147300,6.841147216796875,9.806260108947754,0.08746223896741867,0.0006220163777470589
1788692038812147200,6.846147216796875,9.806260108947754,0.08734524995088577,0.003980019595474005
1788692038817147100,6.851147216796875,9.806258201599121,0.08740003407001495,0.007790171075612307
1788692038822147300,6.856147216796875,9.806253433227539,0.08739188313484192,0.012201463803648949
1788692038827147300,6.861147216796875,9.806245803833008,0.08750946074724197,0.016695396974682808
1788692038832147200,6.866147216796875,9.80623722076416,0.08745861798524857,0.02115490473806858
1788692038837147100,6.871147216796875,9.80622673034668,0.08747649192810059,0.025655318051576614
1788692038842147300,6.876147216796875,9.806211471557617,0.08769477158784866,0.030368292704224586
1788692038847147300,6.881147216796875,9.806195259094238,0.08717323839664459,0.03643140569329262
1788692038852147200,6.886147216796875,9.806171417236328,0.08771505951881409,0.04145226627588272
1788692038857147100,6.891147216796875,9.806150436401367,0.08712882548570633,0.04695037379860878
1788692038862147300,6.896147216796875,9.806118965148926,0.08720241487026215,0.05305353179574013
1788692038867147300,6.901147216796875,9.80607795715332,0.0870916098356247,0.06044982746243477
1788692038872147200,6.906147216796875,9.806035995483398,0.08636967092752457,0.06770581007003784
1788692038877147100,6.911147216796875,9.805987358093262,0.08664599061012268,0.07415606826543808
1788692038882147300,6.916147216796875,9.805923461914062,0.08620532602071762,0.082578144967556
1788692038887147300,6.921147216796875,9.805862426757812,0.08687903732061386,0.08889124542474747
1788692038892147200,6.926147216796875,9.805805206298828,0.0867118239402771,0.09512480348348618
1788692038897147100,6.931147216796875,9.80574893951416,0.08645638823509216,0.10101639479398727
1788692038902147300,6.936147216796875,9.805678367614746,0.08650829643011093,0.10755811631679535
1788692038907147300,6.941147216796875,9.805620193481445,0.08614327758550644,0.11308950185775757
1788692038912147200,6.946147216796875,9.80557632446289,0.08603357523679733,0.1168646514415741
1788692038917147100,6.951147216796875,9.80553150177002,0.08624007552862167,0.12043175101280212
1788692038922147300,6.956147216796875,9.8054780960083,0.08607037365436554,0.12482777237892151
1788692038927147300,6.961147216796875,9.80543327331543,0.08606436848640442,0.1282585859298706
1788692038932147200,6.966147216796875,9.805404663085938,0.08646027743816376,0.13018104434013367
1788692038937147100,6.971147216796875,9.80535888671875,0.08584069460630417,0.13399237394332886
1788692038942147300,6.976147216796875,9.805334091186523,0.08578404784202576,0.13586123287677765
1788692038947147300,6.981147216796875,9.805289268493652,0.08578219264745712,0.13907794654369354
1788692038952147200,6.986147216796875,9.805248260498047,0.08528653532266617,0.1421508640050888
1788692038957147100,6.991147216796875,9.805214881896973,0.0848352462053299,0.1448037177324295
1788692038962147300,6.996147216796875,9.805181503295898,0.08447369933128357,0.1471453756093979
1788692038967147300,7.001147216796875,9.805148124694824,0.08452533930540085,0.14940275251865387
1788692038972147200,7.006147216796875,9.805098533630371,0.08434941619634628,0.15270890295505524
1788692038977147100,7.011147216796875,9.805083274841309,0.08449714630842209,0.15361270308494568
1788692038982147300,7.016147216796875,9.805132865905762,0.08389657735824585,0.15075775980949402
1788692038987147300,7.021147216796875,9.805155754089355,0.08411049842834473,0.14907453954219818
1788692038992147200,7.026147216796875,9.805160522460938,0.08463240414857864,0.1484878957271576
1788692038997147100,7.031147216796875,9.805179595947266,0.08470943570137024,0.14715154469013214
1788692039002147300,7.036147216796875,9.805201530456543,0.08370096236467361,0.14631152153015137
1788692039007147300,7.041147216796875,9.805174827575684,0.08125383406877518,0.1494477391242981
1788692039012147200,7.046147216796875,9.805191993713379,0.08114762604236603,0.1483827531337738
1788692039017147100,7.051147216796875,9.805195808410645,0.08145999163389206,0.14794425666332245
1788692039022147300,7.056147216796875,9.805188179016113,0.08178789913654327,0.14827793836593628
1788692039027147300,7.061147216796875,9.80521011352539,0.08092458546161652,0.14735856652259827
1788692039032147200,7.066147216796875,9.805152893066406,0.08008642494678497,0.15144997835159302
1788692039037147100,7.071147216796875,9.805170059204102,0.07889256626367569,0.15099480748176575
1788692039042147300,7.076147216796875,9.805139541625977,0.07943376153707504,0.1526516079902649
1788692039047147300,7.081147216796875,9.805163383483887,0.07954637706279755,0.1511043906211853
1788692039052147200,7.086147216796875,9.805174827575684,0.07954912632703781,0.15030397474765778
1788692039057147100,7.091147216796875,9.805201530456543,0.07937822490930557,0.1486300230026245
1788692039062147300,7.096147216796875,9.805237770080566,0.07980089634656906,0.14604142308235168
1788692039067147300,7.101147216796875,9.805242538452148,0.08029261231422424,0.14541520178318024
1788692039072147200,7.106147216796875,9.805257797241211,0.08066040277481079,0.14416591823101044
1788692039077147100,7.111147216796875,9.805277824401855,0.08234472572803497,0.14184710383415222
1788692039082147300,7.116147216796875,9.805296897888184,0.08230087906122208,0.14056476950645447
1788692039087147300,7.121147216796875,9.805303573608398,0.08228855580091476,0.14012561738491058
1788692039092147200,7.126147216796875,9.805314064025879,0.0815591961145401,0.13977985084056854
1788692039097147100,7.131147216796875,9.805347442626953,0.08244914561510086,0.13690301775932312
1788692039102147300,7.136147216796875,9.805376052856445,0.0826115682721138,0.1347409337759018
1788692039107147300,7.141147216796875,9.805418968200684,0.08299078047275543,0.13134458661079407
1788692039112147200,7.146147216796875,9.805459976196289,0.08335696905851364,0.12801800668239594
1788692039117147100,7.151147216796875,9.805499076843262,0.08417529612779617,0.12446728348731995
1788692039122147300,7.156147216796875,9.805556297302246,0.08392325788736343,0.12006028741598129
1788692039127147300,7.161147216796875,9.805595397949219,0.08461515605449677,0.11632958799600601
1788692039132147200,7.166147216796875,9.805647850036621,0.08484649658203125,0.11166849732398987
1788692039137147100,7.171147216796875,9.805706024169922,0.08518549799919128,0.10611514002084732
1788692039142147300,7.176147216796875,9.80575942993164,0.08535264432430267,0.10090743005275726
1788692039147147300,7.181147216796875,9.805811882019043,0.08578792214393616,0.09528926759958267
1788692039152147200,7.186147216796875,9.805859565734863,0.08596242964267731,0.09009907394647598
1788692039157147100,7.191147216796875,9.805903434753418,0.08690515160560608,0.08418039232492447
1788692039162147300,7.196147216796875,9.805925369262695,0.08625219762325287,0.08227664232254028
1788692039167147300,7.201147216796875,9.80595588684082,0.08670781552791595,0.07814539968967438
1788692039172147200,7.206147216796875,9.805978775024414,0.08706452697515488,0.07485155761241913
1788692039177147100,7.211147216796875,9.806002616882324,0.08686541765928268,0.07175607979297638
1788692039182147300,7.216147216796875,9.806035995483398,0.08709808439016342,0.06687324494123459
1788692039187147300,7.221147216796875,9.80605697631836,0.08706385642290115,0.06352896243333817
1788692039192147200,7.226147216796875,9.806081771850586,0.08708324283361435,0.05981925129890442
1788692039197147100,7.231147216796875,9.806107521057129,0.08724316209554672,0.05505828186869621
1788692039202147300,7.236147216796875,9.806131362915039,0.08736565709114075,0.05043107643723488
1788692039207147300,7.241147216796875,9.806159019470215,0.08730498701334,0.044740334153175354
1788692039212147200,7.246147216796875,9.806175231933594,0.08735361695289612,0.041033681482076645
1788692039217147100,7.251147216796875,9.806197166442871,0.08764290064573288,0.03472551330924034
1788692039222147300,7.256147216796875,9.806214332580566,0.08744100481271744,0.02996429242193699
1788692039227147300,7.261147216796875,9.80622673034668,0.08773457258939743,0.024535415694117546
1788692039232147200,7.266147216796875,9.806239128112793,0.08771899342536926,0.01911114528775215
1788692039237147100,7.271147216796875,9.80624771118164,0.08788302540779114,0.013228491879999638
1788692039242147300,7.276147216796875,9.806253433227539,0.0878935307264328,0.008179545402526855
1788692039247147300,7.281147216796875,9.80625057220459,0.0885547325015068,-0.00179913523606956
1788692039252147200,7.286147216796875,9.80624008178711,0.08886329084634781,-0.012235878966748714
1788692039257147100,7.291147216796875,9.806222915649414,0.08895128220319748,-0.021785469725728035
1788692039262147300,7.296147216796875,9.806193351745605,0.08916007727384567,-0.031843122094869614
1788692039267147300,7.301147216796875,9.806170463562012,0.08916404843330383,-0.038090553134679794
1788692039272147200,7.306147216796875,9.80616283416748,0.08955521136522293,-0.03913910314440727
1788692039277147100,7.311147216796875,9.806157112121582,0.08941129595041275,-0.040911730378866196
1788692039282147300,7.316147216796875,9.80615234375,0.08937402069568634,-0.04216254502534866
1788692039287147300,7.321147216796875,9.806148529052734,0.08917918056249619,-0.04338962584733963
1788692039292147200,7.326147216796875,9.80614185333252,0.08899562805891037,-0.04514770209789276
1788692039297147100,7.331147216796875,9.806133270263672,0.08886133879423141,-0.047398265451192856
1788692039302147300,7.336147216796875,9.806122779846191,0.08874177187681198,-0.04962616413831711
1788692039307147300,7.341147216796875,9.806120872497559,0.08820617198944092,-0.05101662129163742
1788692039312147200,7.346147216796875,9.806102752685547,0.08841226994991302,-0.05394521728157997
1788692039317147100,7.351147216796875,9.806098937988281,0.08804686367511749,-0.055193476378917694
1788692039322147300,7.356147216796875,9.80609130859375,0.08798809349536896,-0.05687835440039635
1788692039327147300,7.361147216796875,9.806079864501953,0.08793067932128906,-0.05874883756041527
1788692039332147200,7.366147216796875,9.806075096130371,0.08789996802806854,-0.05976329743862152
1788692039337147100,7.371147216796875,9.806060791015625,0.08800911158323288,-0.06165989860892296
1788692039342147300,7.376147216796875,9.806053161621094,0.08794379979372025,-0.06301825493574142
1788692039347147300,7.381147216796875,9.806044578552246,0.08778837323188782,-0.0644785538315773
1788692039352147200,7.386147216796875,9.806036949157715,0.08768963813781738,-0.06588238477706909
1788692039357147100,7.391147216796875,9.806020736694336,0.08783899992704391,-0.06796050071716309
1788692039362147300,7.396147216796875,9.80600643157959,0.08782057464122772,-0.07006464153528214
1788692039367147300,7.401147216796875,9.805999755859375,0.0875372514128685,-0.0713815689086914
1788692039372147200,7.406147216796875,9.805984497070312,0.08738040924072266,-0.07358936965465546
1788692039377147100,7.411147216796875,9.8059663772583,0.08741149306297302,-0.07603365182876587
1788692039382147300,7.416147216796875,9.805953025817871,0.0872657299041748,-0.07786537706851959
1788692039387147300,7.421147216796875,9.805933952331543,0.08721097558736801,-0.08036957681179047
1788692039392147200,7.426147216796875,9.805912971496582,0.08704321086406708,-0.08282109349966049
1788692039397147100,7.431147216796875,9.805895805358887,0.08694370090961456,-0.08512181043624878
1788692039402147300,7.436147216796875,9.805871963500977,0.08694199472665787,-0.08775386959314346
1788692039407147300,7.441147216796875,9.805851936340332,0.086807481944561,-0.0900910422205925
1788692039412147200,7.446147216796875,9.805827140808105,0.08669117838144302,-0.09293384104967117
1788692039417147100,7.451147216796875,9.805805206298828,0.08664340525865555,-0.09520506113767624
1788692039422147300,7.456147216796875,9.805791854858398,0.08657070994377136,-0.09669357538223267
1788692039427147300,7.461147216796875,9.805769920349121,0.08648260682821274,-0.09885744005441666
1788692039432147200,7.466147216796875,9.805756568908691,0.08614733815193176,-0.10051555186510086
1788692039437147100,7.471147216796875,9.805730819702148,0.08651195466518402,-0.1027277410030365
1788692039442147300,7.476147216796875,9.805715560913086,0.0862555205821991,-0.10435926169157028
1788692039447147300,7.481147216796875,9.805694580078125,0.08648744225502014,-0.1060904935002327
1788692039452147200,7.486147216796875,9.805685043334961,0.08655117452144623,-0.10703021287918091
1788692039457147100,7.491147216796875,9.805716514587402,0.0851677656173706,-0.10515154898166656
1788692039462147300,7.496147216796875,9.805695533752441,0.08523619174957275,-0.10699167102575302
1788692039467147300,7.501147216796875,9.805684089660645,0.08598985522985458,-0.10741172730922699
1788692039472147200,7.506147216796875,9.80569839477539,0.08526469022035599,-0.1067248284816742
1788692039477147100,7.511147216796875,9.805694580078125,0.0856536477804184,-0.10675720125436783
1788692039482147300,7.516147216796875,9.805699348449707,0.08522791415452957,-0.10667314380407333
1788692039487147300,7.521147216796875,9.805683135986328,0.08576315641403198,-0.10774964839220047
1788692039492147200,7.526147216796875,9.805706977844238,0.08473241329193115,-0.10639023035764694
1788692039497147100,7.531147216796875,9.805718421936035,0.08410713821649551,-0.10582040995359421
1788692039502147300,7.536147216796875,9.80571460723877,0.08415505290031433,-0.10608897358179092
1788692039507147300,7.541147216796875,9.805717468261719,0.08384846895933151,-0.10609348863363266
1788692039512147200,7.546147216796875,9.805720329284668,0.08348429203033447,-0.10611192882061005
1788692039517147100,7.551147216796875,9.805716514587402,0.08332215994596481,-0.10664553940296173
1788692039522147300,7.556147216796875,9.805733680725098,0.08291684836149216,-0.10533936321735382
1788692039527147300,7.561147216796875,9.805723190307617,0.08295855671167374,-0.10627853870391846
1788692039532147200,7.566147216796875,9.805731773376465,0.08278374373912811,-0.10563196986913681
1788692039537147100,7.571147216796875,9.805742263793945,0.08237352967262268,-0.10500823706388474
1788692039542147300,7.576147216796875,9.805734634399414,0.08253822475671768,-0.1055857241153717
1788692039547147300,7.581147216796875,9.805732727050781,0.0826331377029419,-0.10569046437740326
1788692039552147200,7.586147216796875,9.805718421936035,0.08273462951183319,-0.10688786953687668
1788692039557147100,7.591147216796875,9.80571174621582,0.08287109434604645,-0.10740343481302261
1788692039562147300,7.596147216796875,9.805710792541504,0.08280280977487564,-0.10755322873592377
1788692039567147300,7.601147216796875,9.805712699890137,0.08263775706291199,-0.10753098875284195
1788692039572147200,7.606147216796875,9.805715560913086,0.08220129460096359,-0.10754134505987167
1788692039577147100,7.611147216796875,9.805709838867188,0.08223659545183182,-0.10809821635484695
1788692039582147300,7.616147216796875,9.805728912353516,0.08192888647317886,-0.10652326792478561
1788692039587147300,7.621147216796875,9.80571460723877,0.08147886395454407,-0.10818230360746384
1788692039592147200,7.626147216796875,9.805703163146973,0.08141373097896576,-0.10926911979913712
1788692039597147100,7.631147216796875,9.805693626403809,0.08113028854131699,-0.11036326736211777
1788692039602147300,7.636147216796875,9.805669784545898,0.08110853284597397,-0.11247843503952026
1788692039607147300,7.641147216796875,9.805627822875977,0.0810289978981018,-0.11616329848766327
1788692039612147200,7.646147216796875,9.805620193481445,0.08064240962266922,-0.11712393164634705
1788692039617147100,7.651147216796875,9.805619239807129,0.08032926917076111,-0.11726456135511398
1788692039622147300,7.656147216796875,9.805622100830078,0.07991708070039749,-0.11730639636516571
1788692039627147300,7.661147216796875,9.805624961853027,0.07974080741405487,-0.11720964312553406
1788692039632147200,7.666147216796875,9.805615425109863,0.0796399936079979,-0.11805050820112228
1788692039637147100,7.671147216796875,9.805595397949219,0.07964345067739487,-0.11976722627878189
1788692039642147300,7.676147216796875,9.805582046508789,0.07950258255004883,-0.12094700336456299
1788692039647147300,7.681147216796875,9.805578231811523,0.07969453185796738,-0.12113689631223679
1788692039652147200,7.686147216796875,9.805562019348145,0.07980606704950333,-0.1223173588514328
1788692039657147100,7.691147216796875,9.8055419921875,0.08036980777978897,-0.12360665947198868
1788692039662147300,7.696147216796875,9.805558204650879,0.0797426849603653,-0.12266779690980911
1788692039667147300,7.701147216796875,9.805540084838867,0.08016473054885864,-0.12390141189098358
1788692039672147200,7.706147216796875,9.805535316467285,0.08072210103273392,-0.12390390783548355
1788692039677147100,7.711147216796875,9.805523872375488,0.08075762540102005,-0.12478398531675339
1788692039682147300,7.716147216796875,9.805535316467285,0.08061728626489639,-0.12397255748510361
1788692039687147300,7.721147216796875,9.805537223815918,0.08101408183574677,-0.12349239736795425
1788692039692147200,7.726147216796875,9.805547714233398,0.08127585053443909,-0.12252013385295868
1788692039697147100,7.731147216796875,9.805545806884766,0.08162359148263931,-0.12246096879243851
1788692039702147300,7.736147216796875,9.805587768554688,0.08113747835159302,-0.11937102675437927
1788692039707147300,7.741147216796875,9.805584907531738,0.08216661214828491,-0.11886075884103775
1788692039712147200,7.746147216796875,9.805618286132812,0.0819721445441246,-0.11623449623584747
1788692039717147100,7.751147216796875,9.805641174316406,0.08231527358293533,-0.11411678045988083
1788692039722147300,7.756147216796875,9.805671691894531,0.08237927407026291,-0.11137480288743973
1788692039727147300,7.761147216796875,9.805705070495605,0.08287987112998962,-0.1080297976732254
1788692039732147200,7.766147216796875,9.805753707885742,0.0827912986278534,-0.10356112569570541
1788692039737147100,7.771147216796875,9.805784225463867,0.08363734930753708,-0.09991492331027985
1788692039742147300,7.776147216796875,9.805835723876953,0.08343514800071716,-0.09490776807069778
1788692039747147300,7.781147216796875,9.805879592895508,0.0835953950881958,-0.09013085067272186
1788692039752147200,7.786147216796875,9.805915832519531,0.08378347009420395,-0.08589362353086472
1788692039757147100,7.791147216796875,9.80595874786377,0.08382456749677658,-0.08087550103664398
1788692039762147300,7.796147216796875,9.80599308013916,0.08395282924175262,-0.0764574334025383
1788692039767147300,7.801147216796875,9.806028366088867,0.08394072949886322,-0.07189232856035233
1788692039772147200,7.806147216796875,9.806051254272461,0.0841778814792633,-0.06819341331720352
1788692039777147100,7.811147216796875,9.806076049804688,0.08422631770372391,-0.06441526114940643
1788692039782147300,7.816147216796875,9.806097984313965,0.08437056094408035,-0.06087754666805267
1788692039787147300,7.821147216796875,9.806122779846191,0.08424577116966248,-0.05704888328909874
1788692039792147200,7.826147216796875,9.806134223937988,0.08449696004390717,-0.05463872849941254
1788692039797147100,7.831147216796875,9.80614948272705,0.08436893671751022,-0.05198052152991295
1788692039802147300,7.836147216796875,9.806158065795898,0.08435426652431488,-0.05024159327149391
1788692039807147300,7.841147216796875,9.806166648864746,0.08441635966300964,-0.048499446362257004
1788692039812147200,7.846147216796875,9.80617618560791,0.08443644642829895,-0.04640856012701988
1788692039817147100,7.851147216796875,9.806182861328125,0.08451499789953232,-0.04500667750835419
1788692039822147300,7.856147216796875,9.806190490722656,0.08444739878177643,-0.04340158775448799
1788692039827147300,7.861147216796875,9.806194305419922,0.0845164880156517,-0.04231423884630203
1788692039832147200,7.866147216796875,9.806201934814453,0.08444759994745255,-0.040813565254211426
1788692039837147100,7.871147216796875,9.806205749511719,0.08450305461883545,-0.03964880108833313
1788692039842147300,7.876147216796875,9.806212425231934,0.08444619178771973,-0.03816249221563339
1788692039847147300,7.881147216796875,9.806217193603516,0.08443956077098846,-0.03695208579301834
1788692039852147200,7.886147216796875,9.806221961975098,0.08446751534938812,-0.03568616509437561
1788692039857147100,7.891147216796875,9.806228637695312,0.0843643844127655,-0.034016575664281845
1788692039862147300,7.896147216796875,9.806230545043945,0.08447616547346115,-0.0331898108124733
1788692039867147300,7.901147216796875,9.806231498718262,0.08444497734308243,-0.032966166734695435
1788692039872147200,7.906147216796875,9.806229591369629,0.08451015502214432,-0.03314220532774925
1788692039877147100,7.911147216796875,9.806228637695312,0.08455140143632889,-0.03329424932599068
1788692039882147300,7.916147216796875,9.806228637695312,0.08453653007745743,-0.03335193917155266
1788692039887147300,7.921147216796875,9.806228637695312,0.08447533845901489,-0.03346164524555206
1788692039892147200,7.926147216796875,9.806228637695312,0.08450760692358017,-0.03351140394806862
1788692039897147100,7.931147216796875,9.806228637695312,0.0844840258359909,-0.03356269374489784
1788692039902147300,7.936147216796875,9.806228637695312,0.08446772396564484,-0.03361331671476364
1788692039907147300,7.941147216796875,9.806228637695312,0.08449653536081314,-0.03371142968535423
1788692039912147200,7.946147216796875,9.806227684020996,0.08454146236181259,-0.03382426127791405
1788692039917147100,7.951147216796875,9.806227684020996,0.08452443033456802,-0.03392999991774559
1788692039922147300,7.956147216796875,9.806227684020996,0.08452428877353668,-0.03395901620388031
1788692039927147300,7.961147216796875,9.80622673034668,0.08449605852365494,-0.03404151648283005
1788692039932147200,7.966147216796875,9.80622673034668,0.08447020500898361,-0.03408098593354225
1788692039937147100,7.971147216796875,9.80622673034668,0.0844639241695404,-0.03411439061164856
1788692039942147300,7.976147216796875,9.806227684020996,0.08440319448709488,-0.03420807421207428
1788692039947147300,7.981147216796875,9.806228637695312,0.08433247357606888,-0.03402553126215935
1788692039952147200,7.986147216796875,9.806228637695312,0.08438260853290558,-0.03369959071278572
1788692039957147100,7.991147216796875,9.806230545043945,0.08447865396738052,-0.03313380852341652
1788692039962147300,7.996147216796875,9.806232452392578,0.0844910740852356,-0.032582636922597885
1788692039967147300,8.001147216796875,9.806235313415527,0.0843917727470398,-0.0318535678088665
1788692039972147200,8.006147216796874,9.806238174438477,0.08438298851251602,-0.031072232872247696
1788692039977147100,8.011147216796875,9.806242942810059,0.08419015258550644,-0.030103927478194237
1788692039982147300,8.016147216796876,9.806242942810059,0.08442919701337814,-0.029275136068463326
1788692039987147300,8.021147216796875,9.806246757507324,0.08430217951536179,-0.028383610770106316
1788692039992147200,8.026147216796875,9.806249618530273,0.0842863917350769,-0.027509931474924088
1788692039997147100,8.031147216796874,9.80625057220459,0.08432130515575409,-0.026875488460063934
1788692040002147300,8.036147216796875,9.806251525878906,0.08426981419324875,-0.02658758871257305
1788692040007147300,8.041147216796874,9.80625057220459,0.08435841649770737,-0.026834813877940178
1788692040012147200,8.046147216796875,9.806251525878906,0.08416608721017838,-0.027299217879772186
1788692040017147100,8.051147216796876,9.80625057220459,0.08384176343679428,-0.02828693762421608
1788692040022147300,8.056147216796875,9.80625057220459,0.08348249644041061,-0.029586631804704666
1788692040027147300,8.061147216796876,9.806248664855957,0.08310871571302414,-0.031093239784240723
1788692040032147200,8.066147216796875,9.806235313415527,0.08386979252099991,-0.03316003084182739
1788692040037147100,8.071147216796875,9.806230545043945,0.08362307399511337,-0.03517648205161095
1788692040042147300,8.076147216796874,9.80622673034668,0.08358949422836304,-0.03638385608792305
1788692040047147300,8.081147216796875,9.806217193603516,0.08365636318922043,-0.03865994140505791
1788692040052147200,8.086147216796874,9.806212425231934,0.08381740748882294,-0.03950653597712517
1788692040057147100,8.091147216796875,9.806201934814453,0.08409059792757034,-0.04152485355734825
1788692040062147300,8.096147216796876,9.806196212768555,0.08410114049911499,-0.04288780689239502
1788692040067147300,8.101147216796875,9.806198120117188,0.08423387259244919,-0.041998252272605896
1788692040072147200,8.106147216796876,9.806196212768555,0.08415184170007706,-0.042594607919454575
1788692040077147100,8.111147216796875,9.806197166442871,0.08415570110082626,-0.042468875646591187
1788692040082147300,8.116147216796875,9.806197166442871,0.08408959954977036,-0.04264898970723152
1788692040087147300,8.121147216796874,9.806196212768555,0.08411643654108047,-0.04271432012319565
1788692040092147200,8.126147216796875,9.806196212768555,0.08412673324346542,-0.04277367889881134
1788692040097147100,8.131147216796874,9.806196212768555,0.0841040089726448,-0.04277641698718071
1788692040102147300,8.136147216796875,9.806196212768555,0.08408283442258835,-0.04289593920111656
1788692040107147300,8.141147216796876,9.806195259094238,0.08414214104413986,-0.04295499995350838
1788692040112147200,8.146147216796875,9.806194305419922,0.08416000753641129,-0.043027423322200775
1788692040117147100,8.151147216796875,9.806194305419922,0.08414488285779953,-0.04315430670976639
1788692040122147300,8.156147216796874,9.806193351745605,0.08418679237365723,-0.043265681713819504
1788692040127147300,8.161147216796875,9.806192398071289,0.0841800719499588,-0.04337668418884277
1788692040132147200,8.166147216796874,9.806192398071289,0.08422307670116425,-0.043425485491752625
1788692040137147100,8.171147216796875,9.806191444396973,0.08427684009075165,-0.0434582456946373
1788692040142147300,8.176147216796876,9.806191444396973,0.08426234871149063,-0.043563924729824066
1788692040147147300,8.181147216796875,9.806191444396973,0.08424422144889832,-0.043627090752124786
1788692040152147200,8.186147216796876,9.806190490722656,0.08423983305692673,-0.043670330196619034
1788692040157147100,8.191147216796875,9.806190490722656,0.08428286015987396,-0.04376896470785141
1788692040162147300,8.196147216796875,9.80618953704834,0.08431964367628098,-0.04381732642650604
1788692040167147300,8.201147216796874,9.80618953704834,0.08428133279085159,-0.043926216661930084
1788692040172147200,8.206147216796875,9.80618953704834,0.08422792702913284,-0.044013861566782
1788692040177147100,8.211147216796874,9.80618953704834,0.08424215018749237,-0.04406237602233887
1788692040182147300,8.216147216796875,9.806188583374023,0.08423645794391632,-0.04415899142622948
1788692040187147300,8.221147216796876,9.806188583374023,0.08422622084617615,-0.044277798384428024
1788692040192147200,8.226147216796875,9.806187629699707,0.08426980674266815,-0.044392723590135574
1788692040197147100,8.231147216796876,9.80618667602539,0.08432921022176743,-0.04449276998639107
1788692040202147300,8.236147216796875,9.806185722351074,0.08435331284999847,-0.04455141723155975
1788692040207147300,8.241147216796875,9.806185722351074,0.08434168249368668,-0.04460528492927551
1788692040212147200,8.246147216796874,9.806185722351074,0.08433005958795547,-0.04465936869382858
1788692040217147100,8.251147216796875,9.806185722351074,0.08431451767683029,-0.04477092623710632
1788692040222147300,8.256147216796874,9.806184768676758,0.08436241000890732,-0.044825032353401184
1788692040227147300,8.261147216796875,9.806183815002441,0.0843917578458786,-0.04488416761159897
1788692040232147200,8.266147216796876,9.806183815002441,0.08438149839639664,-0.044960957020521164
1788692040237147100,8.271147216796875,9.806183815002441,0.08436950296163559,-0.0450739711523056
1788692040242147300,8.276147216796875,9.806182861328125,0.08435582369565964,-0.045232806354761124
1788692040247147300,8.281147216796874,9.806181907653809,0.08439882099628448,-0.045305974781513214
1788692040252147200,8.286147216796875,9.806180953979492,0.0844445452094078,-0.04547712206840515
1788692040257147100,8.291147216796874,9.806180953979492,0.08443211764097214,-0.04559536650776863
1788692040262147300,8.296147216796875,9.806180000305176,0.08437780290842056,-0.04570913687348366
1788692040267147300,8.301147216796876,9.806180000305176,0.08433224260807037,-0.045829519629478455
1788692040272147200,8.306147216796875,9.806178092956543,0.08434198051691055,-0.04640363156795502
1788692040277147100,8.311147216796876,9.806174278259277,0.08445865660905838,-0.046987589448690414
1788692040282147300,8.316147216796875,9.806170463562012,0.08449002355337143,-0.0475165918469429
1788692040287147300,8.321147216796875,9.806167602539062,0.08452245593070984,-0.04808809608221054
1788692040292147200,8.326147216796874,9.80616569519043,0.08451982587575912,-0.04864131286740303
1788692040297147100,8.331147216796875,9.806161880493164,0.0845835953950882,-0.04921684041619301
1788692040302147300,8.336147216796874,9.806159019470215,0.08458652347326279,-0.04982495680451393
1788692040307147300,8.341147216796875,9.80615520477295,0.08460035175085068,-0.0504678450524807
1788692040312147200,8.346147216796876,9.80615234375,0.08462293446063995,-0.05094718188047409
1788692040317147100,8.351147216796875,9.806150436401367,0.08456715196371078,-0.05150124803185463
1788692040322147300,8.356147216796876,9.806146621704102,0.08462369441986084,-0.05207660049200058
1788692040327147300,8.361147216796875,9.806142807006836,0.0847560465335846,-0.05265774577856064
1788692040332147200,8.366147216796875,9.806138038635254,0.08491668105125427,-0.05315900593996048
1788692040337147100,8.371147216796874,9.806135177612305,0.08492212742567062,-0.053670234978199005
1788692040342147300,8.376147216796875,9.806133270263672,0.08494195342063904,-0.05413622781634331
1788692040347147300,8.381147216796874,9.80612850189209,0.08509085327386856,-0.054613616317510605
1788692040352147200,8.386147216796875,9.80612564086914,0.0851387232542038,-0.05505099147558212
1788692040357147100,8.391147216796876,9.806124687194824,0.08510527014732361,-0.05543398857116699
1788692040362147300,8.396147216796875,9.806122779846191,0.08510035276412964,-0.0558285191655159
1788692040367147300,8.401147216796875,9.806119918823242,0.08513468503952026,-0.05621466413140297
1788692040372147200,8.406147216796874,9.806117057800293,0.08515419811010361,-0.05661744251847267
1788692040377147100,8.411147216796875,9.806114196777344,0.08512144535779953,-0.057076435536146164
1788692040382147300,8.416147216796874,9.806112289428711,0.08514022827148438,-0.05749819055199623
1788692040387147300,8.421147216796875,9.806109428405762,0.0851474404335022,-0.05793514847755432
1788692040392147200,8.426147216796876,9.806107521057129,0.08510828763246536,-0.05832819640636444
1788692040397147100,8.431147216796875,9.80610466003418,0.08507431298494339,-0.05878434702754021
1788692040402147300,8.436147216796876,9.806102752685547,0.08510065823793411,-0.05914634093642235
1788692040407147300,8.441147216796875,9.806098937988281,0.08519525825977325,-0.05954532325267792
1788692040412147200,8.446147216796875,9.806096076965332,0.08522666245698929,-0.05994170904159546
1788692040417147100,8.451147216796874,9.806095123291016,0.0852377861738205,-0.060314569622278214
1788692040422147300,8.456147216796875,9.806092262268066,0.0852522999048233,-0.060651086270809174
1788692040427147300,8.461147216796874,9.806089401245117,0.08531378954648972,-0.06100719794631004
1788692040432147200,8.466147216796875,9.806087493896484,0.08533455431461334,-0.06130160018801689
1788692040437147100,8.471147216796876,9.806084632873535,0.08531476557254791,-0.06170634180307388
1788692040442147300,8.476147216796875,9.806081771850586,0.08531185239553452,-0.06215108558535576
1788692040447147300,8.481147216796876,9.806079864501953,0.0853184312582016,-0.06247716024518013
1788692040452147200,8.486147216796875,9.806078910827637,0.08526554703712463,-0.06280702352523804
1788692040457147100,8.491147216796875,9.806075096130371,0.08530516922473907,-0.06318385154008865
1788692040462147300,8.496147216796874,9.806075096130371,0.0852033942937851,-0.06354734301567078
1788692040467147300,8.501147216796875,9.806071281433105,0.08525524288415909,-0.06386121362447739
1788692040472147200,8.506147216796874,9.806069374084473,0.08539089560508728,-0.06418228149414062
1788692040477147100,8.511147216796875,9.806065559387207,0.08538299053907394,-0.06453099101781845
1788692040482147300,8.516147216796876,9.806063652038574,0.08540892601013184,-0.06492307782173157
1788692040487147300,8.521147216796875,9.806059837341309,0.08548504114151001,-0.06531712412834167
1788692040492147200,8.526147216796875,9.80605697631836,0.08556350320577621,-0.06569230556488037
1788692040497147100,8.531147216796874,9.80605411529541,0.08570951223373413,-0.06603272259235382
1788692040502147300,8.536147216796875,9.806051254272461,0.08559815585613251,-0.06637005507946014
1788692040507147300,8.541147216796874,9.806051254272461,0.08554282039403915,-0.06669683754444122
1788692040512147200,8.546147216796875,9.806047439575195,0.0855185016989708,-0.06708338856697083
1788692040517147100,8.551147216796876,9.806044578552246,0.08555915206670761,-0.06750009953975677
1788692040522147300,8.556147216796875,9.806041717529297,0.08558090031147003,-0.06792031973600388
1788692040527147300,8.561147216796876,9.806039810180664,0.08559603244066238,-0.06814795732498169
1788692040532147200,8.566147216796875,9.806036949157715,0.08561058342456818,-0.06843778491020203
1788692040537147100,8.571147216796875,9.806034088134766,0.08565563708543777,-0.06887908279895782
1788692040542147300,8.576147216796874,9.806031227111816,0.08570819348096848,-0.06919916719198227
1788692040547147300,8.581147216796875,9.806029319763184,0.08570343255996704,-0.06954199820756912
1788692040552147200,8.586147216796874,9.806026458740234,0.08571706712245941,-0.06990908831357956
1788692040557147100,8.591147216796875,9.806024551391602,0.0856640487909317,-0.07028506696224213
1788692040562147300,8.596147216796876,9.806020736694336,0.08572716265916824,-0.07065675407648087
1788692040567147300,8.601147216796875,9.806017875671387,0.08583469688892365,-0.07099000364542007
1788692040572147200,8.606147216796876,9.806014060974121,0.08591602742671967,-0.0713789239525795
1788692040577147100,8.611147216796875,9.806011199951172,0.08596819639205933,-0.07174187153577805
1788692040582147300,8.616147216796875,9.806009292602539,0.08601986616849899,-0.07200565934181213
1788692040587147300,8.621147216796874,9.80600643157959,0.08606288582086563,-0.0722462609410286
1788692040592147200,8.626147216796875,9.80600357055664,0.08600588142871857,-0.07262303680181503
1788692040597147100,8.631147216796874,9.806001663208008,0.08604301512241364,-0.0729297399520874
1788692040602147300,8.636147216796875,9.805997848510742,0.08609622716903687,-0.07330004125833511
1788692040607147300,8.641147216796876,9.80599594116211,0.08610843122005463,-0.07362807542085648
1788692040612147200,8.646147216796875,9.805994033813477,0.08607981353998184,-0.07393156737089157
1788692040617147100,8.651147216796875,9.805992126464844,0.0860249474644661,-0.07418779283761978
1788692040622147300,8.656147216796874,9.805990219116211,0.0860070288181305,-0.07445812225341797
1788692040627147300,8.661147216796875,9.805987358093262,0.0860932394862175,-0.07475122809410095
1788692040632147200,8.666147216796874,9.805985450744629,0.08610422909259796,-0.07500927150249481
1788692040637147100,8.671147216796875,9.805984497070312,0.08607649803161621,-0.0752640888094902
1788692040642147300,8.676147216796876,9.805981636047363,0.08610669523477554,-0.07557044923305511
1788692040647147300,8.681147216796875,9.80597972869873,0.08615079522132874,-0.07573972642421722
1788692040652147200,8.686147216796876,9.805978775024414,0.08609898388385773,-0.07592044770717621
1788692040657147100,8.691147216796875,9.805974960327148,0.0861438736319542,-0.07617153227329254
1788692040662147300,8.696147216796875,9.805974006652832,0.08613038808107376,-0.07644873857498169
1788692040667147300,8.701147216796874,9.8059720993042,0.08604203164577484,-0.07668767124414444
1788692040672147200,8.706147216796875,9.805971145629883,0.08605146408081055,-0.07699037343263626
1788692040677147100,8.711147216796874,9.805968284606934,0.0861286148428917,-0.07723003625869751
1788692040682147300,8.716147216796875,9.805965423583984,0.08626673370599747,-0.07747301459312439
1788692040687147300,8.721147216796876,9.805963516235352,0.08627595752477646,-0.07767404615879059
1788692040692147200,8.726147216796875,9.805961608886719,0.08627445995807648,-0.07787738740444183
1788692040697147100,8.731147216796876,9.805959701538086,0.08624406158924103,-0.07814391702413559
1788692040702147300,8.736147216796875,9.805956840515137,0.08626192063093185,-0.07838454842567444
1788692040707147300,8.741147216796875,9.80595588684082,0.08628009259700775,-0.07861053198575974
1788692040712147200,8.746147216796874,9.805953025817871,0.08632618188858032,-0.07883495837450027
1788692040717147100,8.751147216796875,9.805953025817871,0.08629198372364044,-0.07902589440345764
1788692040722147300,8.756147216796874,9.805951118469238,0.08623189479112625,-0.07925072312355042
1788692040727147300,8.761147216796875,9.805948257446289,0.08620186150074005,-0.07948195934295654
1788692040732147200,8.766147216796876,9.80594539642334,0.0862877294421196,-0.079758420586586
1788692040737147100,8.771147216796875,9.805943489074707,0.08635181933641434,-0.0800074115395546
1788692040742147300,8.776147216796875,9.80594253540039,0.08627451211214066,-0.08026019483804703
1788692040747147300,8.781147216796874,9.805938720703125,0.08630214631557465,-0.08055078238248825
1788692040752147200,8.786147216796875,9.805936813354492,0.08638535439968109,-0.08084823191165924
1788692040757147100,8.791147216796874,9.805933952331543,0.08645166456699371,-0.08115718513727188
1788692040762147300,8.796147216796875,9.805930137634277,0.08654136210680008,-0.08146174252033234
1788692040767147300,8.801147216796876,9.805927276611328,0.0866771787405014,-0.08167901635169983
1788692040772147200,8.806147216796875,9.805925369262695,0.08675071597099304,-0.0818779319524765
1788692040777147100,8.811147216796876,9.80592155456543,0.0868067815899849,-0.08220609277486801
1788692040782147300,8.816147216796875,9.805917739868164,0.08687464892864227,-0.08249829709529877
1788692040787147300,8.821147216796875,9.805914878845215,0.08696208149194717,-0.08270610868930817
1788692040792147200,8.826147216796874,9.805913925170898,0.08699508756399155,-0.0829368606209755
1788692040797147100,8.831147216796875,9.805910110473633,0.08701606094837189,-0.08319325745105743
1788692040802147300,8.836147216796874,9.805909156799316,0.08698885887861252,-0.08348356932401657
1788692040807147300,8.841147216796875,9.805906295776367,0.08709464222192764,-0.08375325053930283
1788692040812147200,8.846147216796876,9.805902481079102,0.08711513131856918,-0.08396650105714798
1788692040817147100,8.851147216796875,9.805900573730469,0.08717391639947891,-0.08417818695306778
1788692040822147300,8.856147216796876,9.805899620056152,0.0871913954615593,-0.08439359068870544
1788692040827147300,8.861147216796875,9.80589771270752,0.08726035803556442,-0.0845816358923912
1788692040832147200,8.866147216796875,9.805896759033203,0.08716463297605515,-0.08475691825151443
1788692040837147100,8.871147216796874,9.805895805358887,0.08708873391151428,-0.084968201816082
1788692040842147300,8.876147216796875,9.805893898010254,0.0871054083108902,-0.08513905107975006
1788692040847147300,8.881147216796874,9.805891990661621,0.08714501559734344,-0.08529499173164368
1788692040852147200,8.886147216796875,9.805891036987305,0.08710778504610062,-0.08544459939002991
1788692040857147100,8.891147216796876,9.805890083312988,0.08704669028520584,-0.08559536188840866
1788692040862147300,8.896147216796875,9.805887222290039,0.08716695010662079,-0.08581981062889099
1788692040867147300,8.901147216796875,9.805885314941406,0.0872279480099678,-0.0859832763671875
1788692040872147200,8.906147216796874,9.80588436126709,0.08729375153779984,-0.08609398454427719
1788692040877147100,8.911147216796875,9.805882453918457,0.08726834505796432,-0.08624571561813354
1788692040882147300,8.916147216796874,9.80588150024414,0.0872495025396347,-0.086405910551548
1788692040887147300,8.921147216796875,9.805878639221191,0.08721060305833817,-0.08662761747837067
1788692040892147200,8.926147216796876,9.805878639221191,0.08719835430383682,-0.08674681931734085
1788692040897147100,8.931147216796875,9.805876731872559,0.08725886791944504,-0.08695119619369507
1788692040902147300,8.936147216796876,9.805872917175293,0.08733334392309189,-0.08717083185911179
1788692040907147300,8.941147216796875,9.80587100982666,0.08730849623680115,-0.0874079018831253
1788692040912147200,8.946147216796875,9.805870056152344,0.08730696141719818,-0.08763663470745087
1788692040917147100,8.951147216796874,9.805867195129395,0.08734139055013657,-0.08789854496717453
1788692040922147300,8.956147216796875,9.805866241455078,0.08730308711528778,-0.08804767578840256
1788692040927147300,8.961147216796874,9.805866241455078,0.08716265112161636,-0.08819896727800369
1788692040932147200,8.966147216796875,9.805864334106445,0.08715984970331192,-0.08843716979026794
1788692040937147100,8.971147216796876,9.805862426757812,0.08712290227413177,-0.0886511504650116
1788692040942147300,8.976147216796875,9.80586051940918,0.08710481226444244,-0.08885271847248077
1788692040947147300,8.981147216796876,9.805858612060547,0.08706346899271011,-0.08903112262487411
1788692040952147200,8.986147216796875,9.805856704711914,0.08705838769674301,-0.08920823037624359
1788692040957147100,8.991147216796875,9.805856704711914,0.08707483857870102,-0.08939239382743835
1788692040962147300,8.996147216796874,9.805854797363281,0.08703815191984177,-0.08962187170982361
1788692040967147300,9.001147216796875,9.805853843688965,0.08698517829179764,-0.08978526294231415
1788692040972147200,9.006147216796874,9.805852890014648,0.08694907277822495,-0.0899166464805603
1788692040977147100,9.011147216796875,9.805850982666016,0.08691350370645523,-0.09009358286857605
1788692040982147300,9.016147216796876,9.8058500289917,0.08690286427736282,-0.09028642624616623
1788692040987147300,9.021147216796875,9.805848121643066,0.08685515075922012,-0.09046075493097305
1788692040992147200,9.026147216796875,9.805846214294434,0.08688627183437347,-0.09065338969230652
1788692040997147100,9.031147216796874,9.8058443069458,0.08685802668333054,-0.09089524298906326
1788692041002147300,9.036147216796875,9.805841445922852,0.08689915388822556,-0.09112962335348129
1788692041007147300,9.041147216796874,9.805839538574219,0.08689382672309875,-0.09136223047971725
1788692041012147200,9.046147216796875,9.805837631225586,0.08691759407520294,-0.09160804003477097
1788692041017147100,9.051147216796876,9.805835723876953,0.08687654882669449,-0.09180941432714462
1788692041022147300,9.056147216796875,9.805832862854004,0.08694298565387726,-0.09205251187086105
1788692041027147300,9.061147216796876,9.805830001831055,0.08700063824653625,-0.09222886711359024
1788692041032147200,9.066147216796875,9.805829048156738,0.08699661493301392,-0.09239533543586731
1788692041037147100,9.071147216796875,9.805828094482422,0.08701702207326889,-0.09246472269296646
1788692041042147300,9.076147216796874,9.805827140808105,0.08701586723327637,-0.09256791323423386
1788692041047147300,9.081147216796875,9.805825233459473,0.08705287426710129,-0.0927199050784111
1788692041052147200,9.086147216796874,9.805822372436523,0.08714941143989563,-0.09284041076898575
1788692041057147100,9.091147216796875,9.805821418762207,0.08715492486953735,-0.09304730594158173
1788692041062147300,9.096147216796876,9.805819511413574,0.0871569812297821,-0.09328427165746689
1788692041067147300,9.101147216796875,9.805817604064941,0.08713717013597488,-0.09348984807729721
1788692041072147200,9.106147216796876,9.805815696716309,0.0871979221701622,-0.09364660829305649
1788692041077147100,9.111147216796875,9.805814743041992,0.08716090023517609,-0.09380923956632614
1788692041082147300,9.116147216796875,9.805813789367676,0.08703713864088058,-0.0939662903547287
1788692041087147300,9.121147216796874,9.80581283569336,0.08697731047868729,-0.09409800916910172
1788692041092147200,9.126147216796875,9.80581283569336,0.08698040246963501,-0.09417714923620224
1788692041097147100,9.131147216796874,9.805811882019043,0.08694008737802505,-0.09423117339611053
1788692041102147300,9.136147216796875,9.805810928344727,0.08691666275262833,-0.09436532109975815
1788692041107147300,9.141147216796876,9.80580997467041,0.08684198558330536,-0.09455252438783646
1788692041112147200,9.146147216796875,9.805809020996094,0.08677183091640472,-0.09469036757946014
1788692041117147100,9.151147216796875,9.805807113647461,0.08683391660451889,-0.09479566663503647
1788692041122147300,9.156147216796874,9.805806159973145,0.08681361377239227,-0.09493310749530792
1788692041127147300,9.161147216796875,9.805805206298828,0.08677677810192108,-0.09503740817308426
1788692041132147200,9.166147216796874,9.805804252624512,0.08675694465637207,-0.09516306221485138
1788692041137147100,9.171147216796875,9.805803298950195,0.0867622047662735,-0.09530643373727798
1788692041142147300,9.176147216796876,9.805802345275879,0.08680640906095505,-0.0953143984079361
1788692041147147300,9.181147216796875,9.805802345275879,0.08674643933773041,-0.09540017694234848
1788692041152147200,9.186147216796876,9.805801391601562,0.08676590025424957,-0.09549854695796967
1788692041157147100,9.191147216796875,9.80579948425293,0.08677082508802414,-0.09566297382116318
1788692041162147300,9.196147216796875,9.805797576904297,0.08689021319150925,-0.09579379856586456
1788692041167147300,9.201147216796874,9.80579662322998,0.08692736178636551,-0.09588152170181274
1788692041172147200,9.206147216796875,9.805794715881348,0.0869026631116867,-0.09600275754928589
1788692041177147100,9.211147216796874,9.805792808532715,0.08696720749139786,-0.09618889540433884
1788692041182147300,9.216147216796875,9.805791854858398,0.08693397790193558,-0.09629363566637039
1788692041187147300,9.221147216796876,9.805790901184082,0.08695774525403976,-0.09637020528316498
1788692041192147200,9.226147216796875,9.805789947509766,0.08695455640554428,-0.09649799764156342
1788692041197147100,9.231147216796876,9.805788040161133,0.08697042614221573,-0.09664615988731384
1788692041202147300,9.236147216796875,9.805787086486816,0.08698519319295883,-0.0967206209897995
1788692041207147300,9.241147216796875,9.805787086486816,0.08693347871303558,-0.096807561814785
1788692041212147200,9.246147216796874,9.8057861328125,0.08694041520357132,-0.0969119444489479
1788692041217147100,9.251147216796875,9.805785179138184,0.08698154985904694,-0.09698516875505447
1788692041222147300,9.256147216796874,9.80578327178955,0.08703988790512085,-0.09704162925481796
1788692041227147300,9.261147216796875,9.805781364440918,0.08714151382446289,-0.09714439511299133
1788692041232147200,9.266147216796876,9.805780410766602,0.08717508614063263,-0.0972745344042778
1788692041237147100,9.271147216796875,9.805778503417969,0.08721515536308289,-0.09744303673505783
1788692041242147300,9.276147216796875,9.80577564239502,0.08728508651256561,-0.0975983738899231
1788692041247147300,9.281147216796874,9.805774688720703,0.08732599020004272,-0.09770390391349792
1788692041252147200,9.286147216796875,9.80577278137207,0.08736526221036911,-0.097879558801651
1788692041257147100,9.291147216796874,9.805769920349121,0.08740507066249847,-0.09807726740837097
1788692041262147300,9.296147216796875,9.805768966674805,0.08745916187763214,-0.09819892793893814
1788692041267147300,9.301147216796876,9.805767059326172,0.0874401107430458,-0.09839523583650589
1788692041272147200,9.306147216796875,9.805765151977539,0.08744584769010544,-0.09856462478637695
1788692041277147100,9.311147216796876,9.805764198303223,0.08738818019628525,-0.09867300093173981
1788692041282147300,9.316147216796875,9.805764198303223,0.08735663443803787,-0.09871377795934677
1788692041287147300,9.321147216796875,9.805763244628906,0.08738663792610168,-0.09882491827011108
1788692041292147200,9.326147216796874,9.805761337280273,0.08744953572750092,-0.09888070821762085
1788692041297147100,9.331147216796875,9.805761337280273,0.08749198913574219,-0.09886346012353897
1788692041302147300,9.336147216796874,9.805761337280273,0.087471142411232,-0.09890902787446976
1788692041307147300,9.341147216796875,9.805761337280273,0.08742489665746689,-0.09894108772277832
1788692041312147200,9.346147216796876,9.805761337280273,0.08735650032758713,-0.09899620711803436
1788692041317147100,9.351147216796875,9.805760383605957,0.0873376876115799,-0.09910490363836288
1788692041322147300,9.356147216796876,9.805758476257324,0.0874207615852356,-0.09925367683172226
1788692041327147300,9.361147216796875,9.805755615234375,0.08747534453868866,-0.09946095198392868
1788692041332147200,9.366147216796875,9.805754661560059,0.08754570782184601,-0.09949271380901337
1788692041337147100,9.371147216796874,9.805754661560059,0.08750641345977783,-0.0995110273361206
1788692041342147300,9.376147216796875,9.805753707885742,0.08744440227746964,-0.09964460879564285
1788692041347147300,9.381147216796874,9.805752754211426,0.08746375143527985,-0.09971000254154205
1788692041352147200,9.386147216796875,9.80575180053711,0.08744297921657562,-0.09988901764154434
1788692041357147100,9.391147216796876,9.805750846862793,0.08739132434129715,-0.10003338009119034
1788692041362147300,9.396147216796875,9.805749893188477,0.08732343465089798,-0.10010576993227005
1788692041367147300,9.401147216796875,9.805750846862793,0.08728946000337601,-0.10012665390968323
1788692041372147200,9.406147216796874,9.805750846862793,0.08722175657749176,-0.10019335150718689
1788692041377147100,9.411147216796875,9.80574893951416,0.08724553138017654,-0.10033382475376129
1788692041382147300,9.416147216796874,9.805747985839844,0.08724702149629593,-0.10041332989931107
1788692041387147300,9.421147216796875,9.805747985839844,0.0872226133942604,-0.10043047368526459
1788692041392147200,9.426147216796876,9.805747032165527,0.08723750710487366,-0.10054031014442444
1788692041397147100,9.431147216796875,9.805746078491211,0.08713389933109283,-0.10068022459745407
1788692041402147300,9.436147216796876,9.805745124816895,0.08709796518087387,-0.10077725350856781
1788692041407147300,9.441147216796875,9.805745124816895,0.08704528212547302,-0.10082949697971344
1788692041412147200,9.446147216796875,9.805743217468262,0.0871305987238884,-0.10096180438995361
1788692041417147100,9.451147216796874,9.805741310119629,0.08714185655117035,-0.10112722963094711
1788692041422147300,9.456147216796875,9.805740356445312,0.08715759962797165,-0.10123235732316971
1788692041427147300,9.461147216796874,9.80573844909668,0.08722095191478729,-0.10136575996875763
1788692041432147200,9.466147216796875,9.805736541748047,0.0872393473982811,-0.10150126367807388
1788692041437147100,9.471147216796876,9.805734634399414,0.08728275448083878,-0.10168618708848953
1788692041442147300,9.476147216796875,9.805732727050781,0.08734109252691269,-0.10182200372219086
1788692041447147300,9.481147216796876,9.805732727050781,0.08732204884290695,-0.10181290656328201
1788692041452147200,9.486147216796875,9.805732727050781,0.0873037725687027,-0.10183010995388031
1788692041457147100,9.491147216796875,9.805731773376465,0.0873335525393486,-0.10185792297124863
1788692041462147300,9.496147216796874,9.805731773376465,0.0873732939362526,-0.10188847035169601
1788692041467147300,9.501147216796875,9.805731773376465,0.0873745009303093,-0.10189304500818253
1788692041472147200,9.506147216796874,9.805730819702148,0.08733464777469635,-0.10197578370571136
1788692041477147100,9.511147216796875,9.805730819702148,0.08729570358991623,-0.10202519595623016
1788692041482147300,9.516147216796876,9.805729866027832,0.08726836740970612,-0.10216701030731201
1788692041487147300,9.521147216796875,9.8057279586792,0.08729714155197144,-0.10227663069963455
1788692041492147200,9.526147216796875,9.805726051330566,0.08729785680770874,-0.10244400799274445
1788692041497147100,9.531147216796874,9.805726051330566,0.087320975959301,-0.10249192267656326
1788692041502147300,9.536147216796875,9.80572509765625,0.0873785987496376,-0.10251618921756744
1788692041507147300,9.541147216796874,9.805723190307617,0.08738107979297638,-0.10262695699930191
1788692041512147200,9.546147216796875,9.805723190307617,0.08742927014827728,-0.10267562419176102
1788692041517147100,9.551147216796876,9.8057222366333,0.08743283152580261,-0.10271886736154556
1788692041522147300,9.556147216796875,9.805721282958984,0.08748851716518402,-0.10275848954916
1788692041527147300,9.561147216796876,9.805720329284668,0.08753757178783417,-0.1027931347489357
1788692041532147200,9.566147216796875,9.805720329284668,0.08758730441331863,-0.10278507322072983
1788692041537147100,9.571147216796875,9.805719375610352,0.08760030567646027,-0.10285786539316177
1788692041542147300,9.576147216796874,9.805718421936035,0.08756241947412491,-0.10291867703199387
1788692041547147300,9.581147216796875,9.805717468261719,0.0875660702586174,-0.10303447395563126
1788692041552147200,9.586147216796874,9.805717468261719,0.08752560615539551,-0.10311049222946167
1788692041557147100,9.591147216796875,9.805717468261719,0.0874607115983963,-0.10320530086755753
1788692041562147300,9.596147216796876,9.805717468261719,0.08741064369678497,-0.10322762280702591
1788692041567147300,9.601147216796875,9.805716514587402,0.08737684041261673,-0.10340982675552368
1788692041572147200,9.606147216796876,9.805715560913086,0.08737629652023315,-0.1034076139330864
1788692041577147100,9.611147216796875,9.805716514587402,0.08729736506938934,-0.10337388515472412
1788692041582147300,9.616147216796875,9.805716514587402,0.08727120608091354,-0.10346784442663193
1788692041587147300,9.621147216796874,9.80571460723877,0.0872919112443924,-0.1035604178905487
1788692041592147200,9.626147216796875,9.805713653564453,0.08731196075677872,-0.10363610833883286
1788692041597147100,9.631147216796874,9.805712699890137,0.08736318349838257,-0.10370498150587082
1788692041602147300,9.636147216796875,9.805712699890137,0.08737905323505402,-0.10368316620588303
1788692041607147300,9.641147216796876,9.805712699890137,0.08739490061998367,-0.1036984771490097
1788692041612147200,9.646147216796875,9.80571174621582,0.08734764158725739,-0.10376450419425964
1788692041617147100,9.651147216796875,9.805710792541504,0.08732551336288452,-0.10387812554836273
1788692041622147300,9.656147216796874,9.805710792541504,0.08731532841920853,-0.10393163561820984
1788692041627147300,9.661147216796875,9.805710792541504,0.08730362355709076,-0.1038859412074089
1788692041632147200,9.666147216796874,9.805708885192871,0.08739884942770004,-0.10397648811340332
1788692041637147100,9.671147216796875,9.805708885192871,0.0873946100473404,-0.10405324399471283
1788692041642147300,9.676147216796876,9.805707931518555,0.08737079054117203,-0.10411538928747177
1788692041647147300,9.681147216796875,9.805707931518555,0.08730462193489075,-0.10421329736709595
1788692041652147200,9.686147216796876,9.805707931518555,0.08721358329057693,-0.10428085178136826
1788692041657147100,9.691147216796875,9.805707931518555,0.08715016394853592,-0.10429586470127106
1788692041662147300,9.696147216796875,9.805707931518555,0.08714112639427185,-0.104342021048069
1788692041667147300,9.701147216796874,9.805707931518555,0.08716122806072235,-0.1043367087841034
1788692041672147200,9.706147216796875,9.805706024169922,0.08718694001436234,-0.10445867478847504
1788692041677147100,9.711147216796874,9.805704116821289,0.08725127577781677,-0.10456416010856628
1788692041682147300,9.716147216796875,9.805704116821289,0.08724841475486755,-0.10457978397607803
1788692041687147300,9.721147216796876,9.805704116821289,0.087209552526474,-0.10465525090694427
1788692041692147200,9.726147216796875,9.805703163146973,0.0871586799621582,-0.10475385934114456
1788692041697147100,9.731147216796876,9.805702209472656,0.08709149807691574,-0.1048840880393982
1788692041702147300,9.736147216796875,9.805702209472656,0.08709389716386795,-0.10489951074123383
1788692041707147300,9.741147216796875,9.805702209472656,0.08705534785985947,-0.1049056127667427
1788692041712147200,9.746147216796874,9.805702209472656,0.08708026260137558,-0.10493887215852737
1788692041717147100,9.751147216796875,9.805702209472656,0.08703672140836716,-0.10495011508464813
1788692041722147300,9.756147216796874,9.805702209472656,0.08708006143569946,-0.10496613383293152
1788692041727147300,9.761147216796875,9.805700302124023,0.08711536228656769,-0.10503730177879333
1788692041732147200,9.766147216796876,9.805699348449707,0.0871175080537796,-0.10514084994792938
1788692041737147100,9.771147216796875,9.80569839477539,0.08714021742343903,-0.10522355884313583
1788692041742147300,9.776147216796875,9.805697441101074,0.0871320590376854,-0.10528568178415298
1788692041747147300,9.781147216796874,9.80569839477539,0.08708234131336212,-0.10528689622879028
1788692041752147200,9.786147216796875,9.80569839477539,0.08710557222366333,-0.10528893023729324
1788692041757147100,9.791147216796874,9.805696487426758,0.08718138188123703,-0.10534414649009705
1788692041762147300,9.796147216796875,9.805696487426758,0.08719991147518158,-0.1053759977221489
1788692041767147300,9.801147216796876,9.805695533752441,0.08725962042808533,-0.10539703071117401
1788692041772147200,9.806147216796875,9.805694580078125,0.08731099963188171,-0.10541161894798279
1788692041777147100,9.811147216796876,9.805694580078125,0.08731881529092789,-0.10547123104333878
1788692041782147300,9.816147216796875,9.805694580078125,0.08740893751382828,-0.10547129809856415
1788692041787147300,9.821147216796875,9.805692672729492,0.0874035656452179,-0.1054958924651146
1788692041792147200,9.826147216796874,9.805692672729492,0.08738809823989868,-0.10558369755744934
1788692041797147100,9.831147216796875,9.80569076538086,0.08744736760854721,-0.10562265664339066
1788692041802147300,9.836147216796874,9.805689811706543,0.08750654757022858,-0.10568425804376602
1788692041807147300,9.841147216796875,9.805688858032227,0.08748132735490799,-0.10577315837144852
1788692041812147200,9.846147216796876,9.805689811706543,0.08748190104961395,-0.1058231070637703
1788692041817147100,9.851147216796875,9.805688858032227,0.08754604309797287,-0.10580343008041382
1788692041822147300,9.856147216796876,9.80568790435791,0.08751605451107025,-0.10583329945802689
1788692041827147300,9.861147216796875,9.805688858032227,0.08747953176498413,-0.10588639229536057
1788692041832147200,9.866147216796875,9.80568790435791,0.08742343634366989,-0.10590886324644089
1788692041837147100,9.871147216796874,9.805688858032227,0.08741370588541031,-0.10594572871923447
1788692041842147300,9.876147216796875,9.80568790435791,0.08733867108821869,-0.10598573088645935
1788692041847147300,9.881147216796874,9.80568790435791,0.08730382472276688,-0.10607387125492096
1788692041852147200,9.886147216796875,9.805686950683594,0.0873151496052742,-0.10608420521020889
1788692041857147100,9.891147216796876,9.805685997009277,0.08735700696706772,-0.10613827407360077
1788692041862147300,9.896147216796875,9.805685043334961,0.0873999297618866,-0.1062159538269043
1788692041867147300,9.901147216796875,9.805685043334961,0.08734802156686783,-0.10625418275594711
1788692041872147200,9.906147216796874,9.805685043334961,0.08729463815689087,-0.10630491375923157
1788692041877147100,9.911147216796875,9.805685997009277,0.08729442954063416,-0.10629426687955856
1788692041882147300,9.916147216796874,9.805685043334961,0.08730960637331009,-0.10630235821008682
1788692041887147300,9.921147216796875,9.805683135986328,0.0873108059167862,-0.10643482953310013
1788692041892147200,9.926147216796876,9.805683135986328,0.08731132745742798,-0.10654259473085403
1788692041897147100,9.931147216796875,9.805681228637695,0.0873359739780426,-0.10663235187530518
1788692041902147300,9.936147216796876,9.805681228637695,0.08738652616739273,-0.10664509981870651
1788692041907147300,9.941147216796875,9.805681228637695,0.0873609259724617,-0.10671158879995346
1788692041912147200,9.946147216796875,9.805679321289062,0.08737119287252426,-0.10676586627960205
1788692041917147100,9.951147216796874,9.805678367614746,0.08733247220516205,-0.10685395449399948
1788692041922147300,9.956147216796875,9.80567741394043,0.08731528371572495,-0.10694106668233871
1788692041927147300,9.961147216796874,9.805676460266113,0.08733982592821121,-0.1070278212428093
1788692041932147200,9.966147216796875,9.80567741394043,0.08726607263088226,-0.10704044252634048
1788692041937147100,9.971147216796876,9.80567741394043,0.08725494891405106,-0.10708088427782059
1788692041942147300,9.976147216796875,9.805676460266113,0.08725937455892563,-0.1071433499455452
1788692041947147300,9.981147216796876,9.805675506591797,0.0872703269124031,-0.1071690022945404
1788692041952147200,9.986147216796875,9.805676460266113,0.08723173290491104,-0.10719410330057144
1788692041957147100,9.991147216796875,9.805675506591797,0.0871935486793518,-0.10725544393062592
1788692041962147300,9.996147216796874,9.805676460266113,0.08718729019165039,-0.10721217095851898
1788692041967147300,10.001147216796875,9.805676460266113,0.08715555816888809,-0.10716155171394348
1788692041972147200,10.006147216796874,9.805676460266113,0.08718752861022949,-0.1072029396891594
1788692041977147100,10.011147216796875,9.805676460266113,0.08715012669563293,-0.10727707296609879
1788692041982147300,10.016147216796876,9.805675506591797,0.08713360130786896,-0.107338547706604
1788692041987147300,10.021147216796875,9.80567455291748,0.08724184334278107,-0.10733604431152344
1788692041992147200,10.026147216796875,9.805673599243164,0.08728944510221481,-0.10735484212636948
1788692041997147100,10.031147216796874,9.80567455291748,0.08724944293498993,-0.10733909904956818
1788692042002147300,10.036147216796875,9.80567455291748,0.08717833459377289,-0.1073923110961914
1788692042007147300,10.041147216796874,9.805673599243164,0.08714091777801514,-0.10750267654657364
1788692042012147200,10.046147216796875,9.805672645568848,0.08716371655464172,-0.10754462331533432
1788692042017147100,10.051147216796876,9.805672645568848,0.08721621334552765,-0.10762634128332138
1788692042022147300,10.056147216796875,9.805671691894531,0.08720434457063675,-0.10758962482213974
1788692042027147300,10.061147216796876,9.805671691894531,0.08722604811191559,-0.10757249593734741
1788692042032147200,10.066147216796875,9.805671691894531,0.08718767762184143,-0.10758956521749496
1788692042037147100,10.071147216796875,9.805672645568848,0.08713611960411072,-0.10758566856384277
1788692042042147300,10.076147216796874,9.805673599243164,0.08709981292486191,-0.10758905112743378
1788692042047147300,10.081147216796875,9.805672645568848,0.08715038746595383,-0.10759864002466202
1788692042052147200,10.086147216796874,9.805672645568848,0.08709398657083511,-0.10758788883686066
1788692042057147100,10.091147216796875,9.805671691894531,0.08715412020683289,-0.10769878327846527
1788692042062147300,10.096147216796876,9.805670738220215,0.08718747645616531,-0.10768590867519379
1788692042067147300,10.101147216796875,9.805670738220215,0.08723434060811996,-0.1077067032456398
1788692042072147200,10.106147216796876,9.805670738220215,0.08725296705961227,-0.10772766172885895
1788692042077147100,10.111147216796875,9.805667877197266,0.0873386487364769,-0.10782273858785629
1788692042082147300,10.116147216796875,9.805667877197266,0.08729075640439987,-0.10784678906202316
1788692042087147300,10.121147216796874,9.805667877197266,0.08729198575019836,-0.10786393284797668
1788692042092147200,10.126147216796875,9.805668830871582,0.08729381859302521,-0.10781515389680862
1788692042097147100,10.131147216796874,9.805667877197266,0.0873112604022026,-0.10783547163009644
1788692042102147300,10.136147216796875,9.805669784545898,0.08727588504552841,-0.1078573539853096
1788692042107147300,10.141147216796876,9.805668830871582,0.0872713029384613,-0.1078345850110054
1788692042112147200,10.146147216796875,9.805668830871582,0.08724934607744217,-0.1078721359372139
1788692042117147100,10.151147216796875,9.805667877197266,0.08728636801242828,-0.10790560394525528
1788692042122147300,10.156147216796874,9.805667877197266,0.08728665113449097,-0.10792532563209534
1788692042127147300,10.161147216796875,9.80566692352295,0.08730325102806091,-0.1079721748828888
1788692042132147200,10.166147216796874,9.80566692352295,0.08730234950780869,-0.10801447927951813
1788692042137147100,10.171147216796875,9.805665969848633,0.08734482526779175,-0.10812710225582123
1788692042142147300,10.176147216796876,9.805663108825684,0.08738408982753754,-0.1081971824169159
1788692042147147300,10.181147216796875,9.805663108825684,0.08745517581701279,-0.1082400530576706
1788692042152147200,10.186147216796876,9.805663108825684,0.08737172186374664,-0.10822513699531555
1788692042157147100,10.191147216796875,9.8056640625,0.0873681902885437,-0.10820798575878143
1788692042162147300,10.196147216796875,9.8056640625,0.08739341050386429,-0.1081438735127449
1788692042167147300,10.201147216796874,9.8056640625,0.08737345784902573,-0.10814570635557175
1788692042172147200,10.206147216796875,9.805665969848633,0.08740322291851044,-0.1080876812338829
1788692042177147100,10.211147216796874,9.805665016174316,0.08736953884363174,-0.1080489531159401
1788692042182147300,10.216147216796875,9.805665969848633,0.08729053288698196,-0.1080690249800682
1788692042187147300,10.221147216796876,9.805667877197266,0.08722183108329773,-0.10803631693124771
1788692042192147200,10.226147216796875,9.80566692352295,0.08718454092741013,-0.10806592553853989
1788692042197147100,10.231147216796876,9.80566692352295,0.08716919273138046,-0.1080474779009819
1788692042202147300,10.236147216796875,9.80566692352295,0.08719953894615173,-0.10802104324102402
1788692042207147300,10.241147216796875,9.805668830871582,0.08716956526041031,-0.1079990565776825
1788692042212147200,10.246147216796874,9.805669784545898,0.08709222078323364,-0.10797807574272156
1788692042217147100,10.251147216796875,9.805668830871582,0.08703316748142242,-0.1079898253083229
1788692042222147300,10.256147216796874,9.805668830871582,0.08706670254468918,-0.1080683246254921
1788692042227147300,10.261147216796875,9.80566692352295,0.08710476011037827,-0.1081029623746872
1788692042232147200,10.266147216796876,9.805667877197266,0.08710770308971405,-0.10814577341079712
1788692042237147100,10.271147216796875,9.805667877197266,0.08701999485492706,-0.10808957368135452
1788692042242147300,10.276147216796875,9.805667877197266,0.08699745684862137,-0.1080951988697052
1788692042247147300,10.281147216796874,9.805667877197266,0.08704494684934616,-0.108098603785038
1788692042252147200,10.286147216796875,9.80566692352295,0.08710502833127975,-0.10816121101379395
1788692042257147100,10.291147216796874,9.80566692352295,0.08704062551259995,-0.10817749053239822
1788692042262147300,10.296147216796875,9.805667877197266,0.08698423951864243,-0.10819461196660995
1788692042267147300,10.301147216796876,9.805665969848633,0.08705062419176102,-0.10823696106672287
1788692042272147200,10.306147216796875,9.80566692352295,0.08701394498348236,-0.10830056667327881
1788692042277147100,10.311147216796876,9.80566692352295,0.08697058260440826,-0.108278289437294
1788692042282147300,10.316147216796875,9.80566692352295,0.08688143640756607,-0.10830078274011612
1788692042287147300,10.321147216796875,9.80566692352295,0.08684758841991425,-0.10835594683885574
1788692042292147200,10.326147216796874,9.80566692352295,0.0868372842669487,-0.10828667879104614
1788692042297147100,10.331147216796875,9.805665016174316,0.08692765235900879,-0.1084006205201149
1788692042302147300,10.336147216796874,9.805665016174316,0.0869310200214386,-0.10842620581388474
1788692042307147300,10.341147216796875,9.805665016174316,0.08690878748893738,-0.10853433609008789
1788692042312147200,10.346147216796876,9.805663108825684,0.0869688019156456,-0.10858143866062164
1788692042317147100,10.351147216796875,9.805662155151367,0.08705116808414459,-0.10859546065330505
1788692042322147300,10.356147216796876,9.80566120147705,0.08707782626152039,-0.10860317945480347
1788692042327147300,10.361147216796875,9.805662155151367,0.08708031475543976,-0.10860230773687363
1788692042332147200,10.366147216796875,9.80566120147705,0.08711116015911102,-0.10867459326982498
1788692042337147100,10.371147216796874,9.80566120147705,0.08701231330633163,-0.10871369391679764
1788692042342147300,10.376147216796875,9.80566120147705,0.08701414614915848,-0.1087326630949974
1788692042347147300,10.381147216796874,9.80566120147705,0.08703488111495972,-0.10874316096305847
1788692042352147200,10.386147216796875,9.805660247802734,0.08706646412611008,-0.10876400023698807
1788692042357147100,10.391147216796876,9.805660247802734,0.08710133284330368,-0.10879366844892502
1788692042362147300,10.396147216796875,9.805658340454102,0.08709624409675598,-0.10888514667749405
1788692042367147300,10.401147216796875,9.805660247802734,0.08703937381505966,-0.10889752954244614
1788692042372147200,10.406147216796874,9.805659294128418,0.08703938126564026,-0.1089334487915039
1788692042377147100,10.411147216796875,9.805658340454102,0.08704502880573273,-0.10893270373344421
1788692042382147300,10.416147216796874,9.805658340454102,0.08703266829252243,-0.10892219841480255
1788692042387147300,10.421147216796875,9.805658340454102,0.08703553676605225,-0.10898370295763016
1788692042392147200,10.426147216796876,9.805657386779785,0.08712038397789001,-0.10897745937108994
1788692042397147100,10.431147216796875,9.805657386779785,0.08704178035259247,-0.10908372700214386
1788692042402147300,10.436147216796876,9.805657386779785,0.08701644837856293,-0.10911538451910019
1788692042407147300,10.441147216796875,9.805656433105469,0.0870191901922226,-0.10908497869968414
1788692042412147200,10.446147216796875,9.805657386779785,0.08706827461719513,-0.10910166054964066
1788692042417147100,10.451147216796874,9.805656433105469,0.08707429468631744,-0.10907445847988129
1788692042422147300,10.456147216796875,9.805656433105469,0.08707739412784576,-0.10913573950529099
1788692042427147300,10.461147216796874,9.805655479431152,0.08706029504537582,-0.10914074629545212
1788692042432147200,10.466147216796875,9.805656433105469,0.08712147921323776,-0.10913603007793427
1788692042437147100,10.471147216796876,9.805655479431152,0.08714690059423447,-0.10912952572107315
1788692042442147300,10.476147216796875,9.805655479431152,0.08707931637763977,-0.10919179022312164
1788692042447147300,10.481147216796876,9.805655479431152,0.08698225766420364,-0.10923892259597778
1788692042452147200,10.486147216796875,9.805656433105469,0.08698765188455582,-0.1092488020658493
1788692042457147100,10.491147216796875,9.80565357208252,0.08713948726654053,-0.10929275304079056
1788692042462147300,10.496147216796874,9.805652618408203,0.08719126880168915,-0.10936540365219116
1788692042467147300,10.501147216796875,9.80565357208252,0.08719736337661743,-0.10934948921203613
1788692042472147200,10.506147216796874,9.805652618408203,0.08720845729112625,-0.10930633544921875
1788692042477147100,10.511147216796875,9.805652618408203,0.08722830563783646,-0.10937792807817459
1788692042482147300,10.516147216796876,9.805651664733887,0.08716268092393875,-0.10943774878978729
1788692042487147300,10.521147216796875,9.805651664733887,0.08716124296188354,-0.10940428823232651
1788692042492147200,10.526147216796875,9.80565357208252,0.08709873259067535,-0.10937091708183289
1788692042497147100,10.531147216796874,9.805655479431152,0.08701975643634796,-0.10930505394935608
1788692042502147300,10.536147216796875,9.805656433105469,0.08694331347942352,-0.10923615097999573
1788692042507147300,10.541147216796874,9.805656433105469,0.08690030872821808,-0.10930410027503967
1788692042512147200,10.546147216796875,9.805657386779785,0.08682563900947571,-0.10924650728702545
1788692042517147100,10.551147216796876,9.805656433105469,0.08684736490249634,-0.10930288583040237
1788692042522147300,10.556147216796875,9.805656433105469,0.08682078123092651,-0.10929881781339645
1788692042527147300,10.561147216796876,9.805657386779785,0.08675689250230789,-0.10930907726287842
1788692042532147200,10.566147216796875,9.805657386779785,0.08674246817827225,-0.10931732505559921
1788692042537147100,10.571147216796875,9.805657386779785,0.0867520347237587,-0.10926955193281174
1788692042542147300,10.576147216796874,9.805657386779785,0.08684834092855453,-0.10923303663730621
1788692042547147300,10.581147216796875,9.805658340454102,0.08677336573600769,-0.10920365154743195
1788692042552147200,10.586147216796874,9.805657386779785,0.08675207942724228,-0.10927493125200272
1788692042557147100,10.591147216796875,9.805657386779785,0.08683560788631439,-0.10930802673101425
1788692042562147300,10.596147216796876,9.805657386779785,0.08688119798898697,-0.10923662781715393
1788692042567147300,10.601147216796875,9.805656433105469,0.08681575953960419,-0.1092713326215744
1788692042572147200,10.606147216796876,9.805655479431152,0.08693841844797134,-0.10933990031480789
1788692042577147100,10.611147216796875,9.805654525756836,0.08694451302289963,-0.10940679907798767
1788692042582147300,10.616147216796875,9.80565357208252,0.08698762953281403,-0.10943330824375153
1788692042587147300,10.621147216796874,9.80565357208252,0.08697500079870224,-0.10950493067502975
1788692042592147200,10.626147216796875,9.805651664733887,0.08700032532215118,-0.10959047079086304
1788692042597147100,10.631147216796874,9.805651664733887,0.08704040944576263,-0.10960587859153748
1788692042602147300,10.636147216796875,9.805652618408203,0.08700481057167053,-0.1096128597855568
1788692042607147300,10.641147216796876,9.805651664733887,0.08695825934410095,-0.10958925634622574
1788692042612147200,10.646147216796875,9.80565357208252,0.08688278496265411,-0.10957515239715576
1788692042617147100,10.651147216796875,9.805652618408203,0.0868469625711441,-0.10961375385522842
1788692042622147300,10.656147216796874,9.805651664733887,0.08683017641305923,-0.10967757552862167
1788692042627147300,10.661147216796875,9.805651664733887,0.08683421462774277,-0.10968715697526932
1788692042632147200,10.666147216796874,9.805652618408203,0.0868067592382431,-0.10963527858257294
1788692042637147100,10.671147216796875,9.805651664733887,0.08685050904750824,-0.10969889909029007
1788692042642147300,10.676147216796876,9.80565071105957,0.08686310797929764,-0.10976984351873398
1788692042647147300,10.681147216796875,9.80565071105957,0.08688387274742126,-0.1098901703953743
1788692042652147200,10.686147216796876,9.805647850036621,0.08691102266311646,-0.10997368395328522
1788692042657147100,10.691147216796875,9.805647850036621,0.08696578443050385,-0.10998725146055222
1788692042662147300,10.696147216796875,9.805646896362305,0.08702773600816727,-0.11001525819301605
1788692042667147300,10.701147216796874,9.805645942687988,0.08703945577144623,-0.11001607775688171
1788692042672147200,10.706147216796875,9.805646896362305,0.08704376965761185,-0.10996642708778381
1788692042677147100,10.711147216796874,9.805647850036621,0.08702220022678375,-0.10998913645744324
1788692042682147300,10.716147216796875,9.805648803710938,0.08704118430614471,-0.10989762097597122
1788692042687147300,10.721147216796876,9.805649757385254,0.08703172206878662,-0.10983164608478546
1788692042692147200,10.726147216796875,9.805649757385254,0.08696398884057999,-0.10977993160486221
1788692042697147100,10.731147216796876,9.80565071105957,0.08688899874687195,-0.1097668707370758
1788692042702147300,10.736147216796875,9.80565071105957,0.08687114715576172,-0.10977869480848312
1788692042707147300,10.741147216796875,9.80565071105957,0.08685791492462158,-0.10980872809886932
1788692042712147200,10.746147216796874,9.805651664733887,0.0868004709482193,-0.10985477268695831
1788692042717147100,10.751147216796875,9.805651664733887,0.08681393414735794,-0.10983236879110336
1788692042722147300,10.756147216796874,9.805649757385254,0.0868544727563858,-0.10988248884677887
1788692042727147300,10.761147216796875,9.80565071105957,0.08694612979888916,-0.10981772840023041
1788692042732147200,10.766147216796876,9.805648803710938,0.0869656354188919,-0.10984054952859879
1788692042737147100,10.771147216796875,9.805648803710938,0.08703888207674026,-0.10986350476741791
1788692042742147300,10.776147216796875,9.805647850036621,0.08712413907051086,-0.10985104739665985
1788692042747147300,10.781147216796874,9.805647850036621,0.08718716353178024,-0.10990579426288605
1788692042752147200,10.786147216796875,9.805646896362305,0.08720983564853668,-0.10989426076412201
1788692042757147100,10.791147216796874,9.805648803710938,0.08725305646657944,-0.10975474864244461
1788692042762147300,10.796147216796875,9.805646896362305,0.0872393399477005,-0.10978186130523682
1788692042767147300,10.801147216796876,9.805646896362305,0.08726600557565689,-0.10981786996126175
1788692042772147200,10.806147216796875,9.805646896362305,0.08725811541080475,-0.10979308187961578
1788692042777147100,10.811147216796876,9.805646896362305,0.08725402504205704,-0.10981781035661697
1788692042782147300,10.816147216796875,9.805645942687988,0.08723950386047363,-0.10991494357585907
1788692042787147300,10.821147216796875,9.805644035339355,0.08729101717472076,-0.11001217365264893
1788692042792147200,10.826147216796874,9.805644035339355,0.08735237270593643,-0.11001511663198471
1788692042797147100,10.831147216796875,9.805643081665039,0.08738129585981369,-0.11001815646886826
1788692042802147300,10.836147216796874,9.805644035339355,0.08738711476325989,-0.11002059280872345
1788692042807147300,10.841147216796875,9.805643081665039,0.08744434267282486,-0.11010916531085968
1788692042812147200,10.846147216796876,9.805642127990723,0.08743927627801895,-0.11016854643821716
1788692042817147100,10.851147216796875,9.805641174316406,0.08740100264549255,-0.11020958423614502
1788692042822147300,10.856147216796876,9.805641174316406,0.08739160001277924,-0.11022228747606277
1788692042827147300,10.861147216796875,9.805641174316406,0.08739979565143585,-0.11026083678007126
1788692042832147200,10.866147216796875,9.80564022064209,0.08742541819810867,-0.11029345542192459
1788692042837147100,10.871147216796874,9.805639266967773,0.08734167367219925,-0.11037427186965942
1788692042842147300,10.876147216796875,9.805639266967773,0.08728495985269547,-0.11042113602161407
1788692042847147300,10.881147216796874,9.80564022064209,0.08723476529121399,-0.11051926761865616
1788692042852147200,10.886147216796875,9.80564022064209,0.087198406457901,-0.11053779721260071
1788692042857147100,10.891147216796876,9.805638313293457,0.08723243325948715,-0.11060187965631485
1788692042862147300,10.896147216796875,9.805638313293457,0.08726463466882706,-0.11065765470266342
1788692042867147300,10.901147216796875,9.805636405944824,0.08734523504972458,-0.11065511405467987
1788692042872147200,10.906147216796874,9.805636405944824,0.08734072744846344,-0.1106484904885292
1788692042877147100,10.911147216796875,9.805639266967773,0.08724261820316315,-0.11058837175369263
1788692042882147300,10.916147216796874,9.80564022064209,0.08722522854804993,-0.11050701141357422
1788692042887147300,10.921147216796875,9.805639266967773,0.08720754832029343,-0.11047223210334778
1788692042892147200,10.926147216796876,9.80564022064209,0.08721281588077545,-0.1104450672864914
1788692042897147100,10.931147216796875,9.805641174316406,0.08717430382966995,-0.1103844940662384
1788692042902147300,10.936147216796876,9.805642127990723,0.08717654645442963,-0.11031898856163025
1788692042907147300,10.941147216796875,9.805642127990723,0.0871124267578125,-0.11033659428358078
1788692042912147200,10.946147216796875,9.805641174316406,0.0871225893497467,-0.11042609810829163
1788692042917147100,10.951147216796874,9.80564022064209,0.08712521940469742,-0.11051233112812042
1788692042922147300,10.956147216796875,9.805641174316406,0.08707594871520996,-0.11055397987365723
1788692042927147300,10.961147216796874,9.805642127990723,0.08701775968074799,-0.11053548008203506
1788692042932147200,10.966147216796875,9.805641174316406,0.08698079735040665,-0.11055326461791992
1788692042937147100,10.971147216796876,9.805642127990723,0.08685437589883804,-0.11052102595567703
1788692042942147300,10.976147216796875,9.805643081665039,0.08687774091959,-0.11041524261236191
1788692042947147300,10.981147216796876,9.805645942687988,0.0868968516588211,-0.11019939929246902
1788692042952147200,10.986147216796875,9.805648803710938,0.08686517924070358,-0.11005669087171555
1788692042957147100,10.991147216796875,9.80565071105957,0.08681169152259827,-0.10992178320884705
1788692042962147300,10.996147216796874,9.80565071105957,0.08685743808746338,-0.10979118198156357
1788692042967147300,11.001147216796875,9.80565071105957,0.08682727068662643,-0.1097695603966713
1788692042972147200,11.006147216796874,9.805651664733887,0.08683019876480103,-0.10969825088977814
1788692042977147100,11.011147216796875,9.80565071105957,0.08690953999757767,-0.10976417362689972
1788692042982147300,11.016147216796876,9.805648803710938,0.08694801479578018,-0.10990633815526962
1788692042987147300,11.021147216796875,9.805645942687988,0.08706687390804291,-0.11003036051988602
1788692042992147200,11.026147216796875,9.805644035339355,0.08716166019439697,-0.11010655760765076
1788692042997147100,11.031147216796874,9.805643081665039,0.08723863959312439,-0.11017213761806488
1788692043002147300,11.036147216796875,9.805642127990723,0.08728465437889099,-0.11026015877723694
1788692043007147300,11.041147216796874,9.805642127990723,0.0872892215847969,-0.11029668152332306
1788692043012147200,11.046147216796875,9.805643081665039,0.08726102858781815,-0.11020661145448685
1788692043017147100,11.051147216796876,9.805644035339355,0.08719462156295776,-0.11013984680175781
1788692043022147300,11.056147216796875,9.805645942687988,0.08706023544073105,-0.1100749745965004
1788692043027147300,11.061147216796876,9.805646896362305,0.08699966967105865,-0.11002747714519501
1788692043032147200,11.066147216796875,9.805648803710938,0.08684801310300827,-0.10995376855134964
1788692043037147100,11.071147216796875,9.80565071105957,0.08677931129932404,-0.1098431795835495
1788692043042147300,11.076147216796874,9.805651664733887,0.08681923896074295,-0.1098325103521347
1788692043047147300,11.081147216796875,9.80565071105957,0.08680640906095505,-0.10985428094863892
1788692043052147200,11.086147216796874,9.80565071105957,0.08676232397556305,-0.10987630486488342
1788692043057147100,11.091147216796875,9.805649757385254,0.0868256539106369,-0.10992513597011566
1788692043062147300,11.096147216796876,9.805648803710938,0.08698127418756485,-0.1099003478884697
1788692043067147300,11.101147216796875,9.805646896362305,0.08711817115545273,-0.10994821786880493
1788692043072147200,11.106147216796876,9.805644989013672,0.0872608870267868,-0.10994188487529755
1788692043077147100,11.111147216796875,9.805644989013672,0.08736487478017807,-0.1099046915769577
1788692043082147300,11.116147216796875,9.805643081665039,0.08751020580530167,-0.10993294417858124
1788692043087147300,11.121147216796874,9.805642127990723,0.08763154596090317,-0.10993820428848267
1788692043092147200,11.126147216796875,9.80564022064209,0.08776076138019562,-0.11001169681549072
1788692043097147100,11.131147216796874,9.80564022064209,0.08772525936365128,-0.11004572361707687
1788692043102147300,11.136147216796875,9.805641174316406,0.08757747709751129,-0.11010463535785675
1788692043107147300,11.141147216796876,9.805641174316406,0.08750403672456741,-0.11014263331890106
1788692043112147200,11.146147216796875,9.805642127990723,0.0874614343047142,-0.11014554649591446
1788692043117147100,11.151147216796875,9.805642127990723,0.08726609498262405,-0.11022741347551346
1788692043122147300,11.156147216796874,9.805644035339355,0.08709891885519028,-0.11025676876306534
1788692043127147300,11.161147216796875,9.805644035339355,0.08703021705150604,-0.11025432497262955
1788692043132147200,11.166147216796874,9.805645942687988,0.08694733679294586,-0.11015017330646515
1788692043137147100,11.171147216796875,9.805647850036621,0.08684637397527695,-0.1100349947810173
1788692043142147300,11.176147216796876,9.805648803710938,0.08687390387058258,-0.10989686846733093
1788692043147147300,11.181147216796875,9.805651664733887,0.08697085082530975,-0.10968965291976929
1788692043152147200,11.186147216796876,9.805652618408203,0.0871131420135498,-0.10952947288751602
1788692043157147100,11.191147216796875,9.80565071105957,0.08718614280223846,-0.10951413959264755
1788692043162147300,11.196147216796875,9.805649757385254,0.087321937084198,-0.1094948872923851
1788692043167147300,11.201147216796874,9.805647850036621,0.08757555484771729,-0.10950835049152374
1788692043172147200,11.206147216796875,9.805644989013672,0.08777355402708054,-0.10959421843290329
1788692043177147100,11.211147216796874,9.805642127990723,0.08793340623378754,-0.10969948768615723
1788692043182147300,11.216147216796875,9.805638313293457,0.08808901906013489,-0.10990257561206818
1788692043187147300,11.221147216796876,9.805635452270508,0.08821181207895279,-0.11011391133069992
1788692043192147200,11.226147216796875,9.805634498596191,0.08815766125917435,-0.11020081490278244
1788692043197147100,11.231147216796876,9.805633544921875,0.08806070685386658,-0.11033763736486435
1788692043202147300,11.236147216796875,9.805633544921875,0.08799467980861664,-0.11041805893182755
1788692043207147300,11.241147216796875,9.805634498596191,0.08785580843687057,-0.11040572822093964
1788692043212147200,11.246147216796874,9.805638313293457,0.08762803673744202,-0.11036504060029984
1788692043217147100,11.251147216796875,9.80564022064209,0.08739633858203888,-0.11029542982578278
1788692043222147300,11.256147216796874,9.805642127990723,0.08723345398902893,-0.11026948690414429
1788692043227147300,11.261147216796875,9.805643081665039,0.08717052638530731,-0.11018087714910507
1788692043232147200,11.266147216796876,9.805644989013672,0.08711446076631546,-0.11006170511245728
1788692043237147100,11.271147216796875,9.805645942687988,0.08708790689706802,-0.11008546501398087
1788692043242147300,11.276147216796875,9.805643081665039,0.08718588948249817,-0.11017860472202301
1788692043247147300,11.281147216796874,9.80564022064209,0.08743466436862946,-0.11022640019655228
1788692043252147200,11.286147216796875,9.80563735961914,0.08763447403907776,-0.11034811288118362
1788692043257147100,11.291147216796874,9.805634498596191,0.08785873651504517,-0.11045438051223755
1788692043262147300,11.296147216796875,9.805631637573242,0.08805757761001587,-0.11050282418727875
1788692043267147300,11.301147216796876,9.805631637573242,0.08828191459178925,-0.11037031561136246
1788692043272147200,11.306147216796875,9.805631637573242,0.08841909468173981,-0.11024075746536255
1788692043277147100,11.311147216796876,9.805633544921875,0.08854780346155167,-0.11008432507514954
1788692043282147300,11.316147216796875,9.805632591247559,0.08866311609745026,-0.109947569668293
1788692043287147300,11.321147216796875,9.805634498596191,0.0885552242398262,-0.1098746508359909
1788692043292147200,11.326147216796874,9.805636405944824,0.08843778073787689,-0.10976356267929077
1788692043297147100,11.331147216796875,9.805638313293457,0.08836505562067032,-0.10969973355531693
1788692043302147300,11.336147216796874,9.80564022064209,0.08817244321107864,-0.1097506582736969
1788692043307147300,11.341147216796875,9.80564022064209,0.08797153830528259,-0.10985014587640762
1788692043312147200,11.346147216796876,9.805642127990723,0.08781217038631439,-0.1099013090133667
1788692043317147100,11.351147216796875,9.805642127990723,0.08763479441404343,-0.10996020585298538
1788692043322147300,11.356147216796876,9.805643081665039,0.0873749628663063,-0.11005568504333496
1788692043327147300,11.361147216796875,9.805644989013672,0.08715663105249405,-0.11010485887527466
1788692043332147200,11.366147216796875,9.805644989013672,0.08703923225402832,-0.11011485755443573
1788692043337147100,11.371147216796874,9.805646896362305,0.08690468221902847,-0.11009540408849716
1788692043342147300,11.376147216796875,9.805646896362305,0.08696667850017548,-0.11005661636590958
1788692043347147300,11.381147216796874,9.805648803710938,0.08711928874254227,-0.10986718535423279
1788692043352147200,11.386147216796875,9.805646896362305,0.08731608837842941,-0.1097363755106926
1788692043357147100,11.391147216796876,9.805646896362305,0.0875573381781578,-0.1095808818936348
1788692043362147300,11.396147216796875,9.805644989013672,0.08787256479263306,-0.10948006063699722
1788692043367147300,11.401147216796875,9.805643081665039,0.08811258524656296,-0.10948904603719711
1788692043372147200,11.406147216796874,9.805641174316406,0.08839522302150726,-0.10942471027374268
1788692043377147100,11.411147216796875,9.805639266967773,0.08862189203500748,-0.10951048135757446
1788692043382147300,11.416147216796874,9.805636405944824,0.08878108114004135,-0.10964407026767731
1788692043387147300,11.421147216796875,9.805633544921875,0.08890990167856216,-0.10978572070598602
1788692043392147200,11.426147216796876,9.805630683898926,0.08898497372865677,-0.10988201946020126
1788692043397147100,11.431147216796875,9.80562973022461,0.08887863159179688,-0.11001953482627869
1788692043402147300,11.436147216796876,9.805630683898926,0.0887945145368576,-0.11002498120069504
1788692043407147300,11.441147216796875,9.805631637573242,0.0886576771736145,-0.11010190844535828
1788692043412147200,11.446147216796875,9.805632591247559,0.08848017454147339,-0.11016736924648285
1788692043417147100,11.451147216796874,9.805634498596191,0.08823037147521973,-0.11010746657848358
1788692043422147300,11.456147216796875,9.805639266967773,0.08790553361177444,-0.1100020706653595
1788692043427147300,11.461147216796874,9.805642127990723,0.08762300759553909,-0.10989460349082947
1788692043432147200,11.466147216796875,9.805644989013672,0.08730591833591461,-0.1099492758512497
1788692043437147100,11.471147216796876,9.805643081665039,0.08728831261396408,-0.11009087413549423
1788692043442147300,11.476147216796875,9.805642127990723,0.08727838099002838,-0.11024551093578339
1788692043447147300,11.481147216796876,9.80564022064209,0.08732006698846817,-0.11038460582494736
1788692043452147200,11.486147216796875,9.80563735961914,0.08747648447751999,-0.110526904463768
1788692043457147100,11.491147216796875,9.805635452270508,0.08764263242483139,-0.1105380654335022
1788692043462147300,11.496147216796874,9.805631637573242,0.08791758120059967,-0.11061535030603409
1788692043467147300,11.501147216796875,9.805630683898926,0.08809958398342133,-0.11062756925821304
1788692043472147200,11.506147216796874,9.805628776550293,0.08835602551698685,-0.11053641885519028
1788692043477147100,11.511147216796875,9.805628776550293,0.0885881781578064,-0.11047343909740448
1788692043482147300,11.516147216796876,9.805627822875977,0.08873720467090607,-0.110357366502285
1788692043487147300,11.521147216796875,9.805627822875977,0.0888151079416275,-0.1102781742811203
1788692043492147200,11.526147216796875,9.805627822875977,0.08873393386602402,-0.11033783107995987
1788692043497147100,11.531147216796874,9.805628776550293,0.08869028836488724,-0.11025863140821457
1788692043502147300,11.536147216796875,9.805630683898926,0.08853818476200104,-0.11022073775529861
1788692043507147300,11.541147216796874,9.805632591247559,0.08827207237482071,-0.1102398931980133
1788692043512147200,11.546147216796875,9.805634498596191,0.08806227147579193,-0.11027991771697998
1788692043517147100,11.551147216796876,9.805636405944824,0.08779353648424149,-0.11031945049762726
1788692043522147300,11.556147216796875,9.805638313293457,0.0876120999455452,-0.11037220805883408
1788692043527147300,11.561147216796876,9.805638313293457,0.08745060116052628,-0.11041630804538727
1788692043532147200,11.566147216796875,9.805638313293457,0.0874185785651207,-0.11047130078077316
1788692043537147100,11.571147216796875,9.805638313293457,0.08735734969377518,-0.11047235131263733
1788692043542147300,11.576147216796874,9.80564022064209,0.087271548807621,-0.11040811985731125
1788692043547147300,11.581147216796875,9.80564022064209,0.08738124370574951,-0.11034777015447617
1788692043552147200,11.586147216796874,9.805639266967773,0.08764829486608505,-0.11018341034650803
1788692043557147100,11.591147216796875,9.80564022064209,0.08780759572982788,-0.10997801274061203
1788692043562147300,11.596147216796876,9.805641174316406,0.0879126712679863,-0.10981880128383636
1788692043567147300,11.601147216796875,9.805641174316406,0.08804251998662949,-0.10968752950429916
1788692043572147200,11.606147216796876,9.805642127990723,0.08812378346920013,-0.10955841839313507
1788692043577147100,11.611147216796875,9.805642127990723,0.08827459067106247,-0.10947547852993011
1788692043582147300,11.616147216796875,9.805642127990723,0.08831264823675156,-0.10940156131982803
1788692043587147300,11.621147216796874,9.805642127990723,0.08834502846002579,-0.10932930558919907
1788692043592147200,11.626147216796875,9.805644035339355,0.0883573442697525,-0.10926315933465958
1788692043597147100,11.631147216796874,9.805643081665039,0.08830953389406204,-0.10927093774080276
1788692043602147300,11.636147216796875,9.805644989013672,0.088262178003788,-0.1092790961265564
1788692043607147300,11.641147216796876,9.805644035339355,0.08827028423547745,-0.10934199392795563
1788692043612147200,11.646147216796875,9.805644035339355,0.08821064233779907,-0.10938575863838196
1788692043617147100,11.651147216796875,9.805643081665039,0.0881296694278717,-0.10945087671279907
1788692043622147300,11.656147216796874,9.805643081665039,0.0880134254693985,-0.10957198590040207
1788692043627147300,11.661147216796875,9.805642127990723,0.087946817278862,-0.109657883644104
1788692043632147200,11.666147216796874,9.805642127990723,0.0878610610961914,-0.10976449400186539
1788692043637147100,11.671147216796875,9.805642127990723,0.087749183177948,-0.10987216979265213
1788692043642147300,11.676147216796876,9.805641174316406,0.08763157576322556,-0.10999513417482376
1788692043647147300,11.681147216796875,9.805641174316406,0.08756760507822037,-0.11004027724266052
1788692043652147200,11.686147216796876,9.80564022064209,0.08763734996318817,-0.11009017378091812
1788692043657147100,11.691147216796875,9.805639266967773,0.08766034245491028,-0.11013570427894592
1788692043662147300,11.696147216796875,9.80563735961914,0.0877654030919075,-0.11025505512952805
1788692043667147300,11.701147216796874,9.805634498596191,0.08794070780277252,-0.11033022403717041
1788692043672147200,11.706147216796875,9.805632591247559,0.08818086236715317,-0.1103254109621048
1788692043677147100,11.711147216796874,9.805631637573242,0.08829537779092789,-0.11033697426319122
1788692043682147300,11.716147216796875,9.805630683898926,0.08846404403448105,-0.11034218221902847
1788692043687147300,11.721147216796876,9.805628776550293,0.08866509050130844,-0.11037423461675644
1788692043692147200,11.726147216796875,9.80562686920166,0.0887509360909462,-0.11039096862077713
1788692043697147100,11.731147216796876,9.805627822875977,0.08880370110273361,-0.11031889170408249
1788692043702147300,11.736147216796875,9.805628776550293,0.08881764113903046,-0.11024212092161179
1788692043707147300,11.741147216796875,9.805628776550293,0.08869269490242004,-0.11022383719682693
1788692043712147200,11.746147216796874,9.805630683898926,0.08850354701280594,-0.11025556921958923
1788692043717147100,11.751147216796875,9.805634498596191,0.08830957114696503,-0.11018812656402588
1788692043722147300,11.756147216796874,9.805636405944824,0.08808388561010361,-0.11011022329330444
1788692043727147300,11.761147216796875,9.805639266967773,0.08774834871292114,-0.11010518670082092
1788692043732147200,11.766147216796876,9.805641174316406,0.08755993098020554,-0.11006680130958557
1788692043737147100,11.771147216796875,9.805643081665039,0.08740071207284927,-0.11005859076976776
1788692043742147300,11.776147216796875,9.805643081665039,0.08738191425800323,-0.1100282222032547
1788692043747147300,11.781147216796874,9.805643081665039,0.08741135150194168,-0.11005692929029465
1788692043752147200,11.786147216796875,9.805641174316406,0.0875113233923912,-0.11007943749427795
1788692043757147100,11.791147216796874,9.805639266967773,0.08768048137426376,-0.11015268415212631
1788692043762147300,11.796147216796875,9.805638313293457,0.08776523917913437,-0.11022006720304489
1788692043767147300,11.801147216796876,9.80563735961914,0.0879603773355484,-0.11019167304039001
1788692043772147200,11.806147216796875,9.805635452270508,0.08811495453119278,-0.11012597382068634
1788692043777147100,11.811147216796876,9.805635452270508,0.08823179453611374,-0.1100279837846756
1788692043782147300,11.816147216796875,9.805636405944824,0.08826571702957153,-0.10993007570505142
1788692043787147300,11.821147216796875,9.80563735961914,0.08831922709941864,-0.10982760787010193
1788692043792147200,11.826147216796874,9.805638313293457,0.08829151839017868,-0.10974349826574326
1788692043797147100,11.831147216796875,9.805641174316406,0.08812783658504486,-0.10963106155395508
1788692043802147300,11.836147216796874,9.805643081665039,0.08799780160188675,-0.10955843329429626
1788692043807147300,11.841147216796875,9.805644989013672,0.08782212436199188,-0.10948590934276581
1788692043812147200,11.846147216796876,9.805647850036621,0.08767649531364441,-0.10943212360143661
1788692043817147100,11.851147216796875,9.805647850036621,0.08762437105178833,-0.10947368294000626
1788692043822147300,11.856147216796876,9.805647850036621,0.08752115815877914,-0.10949809104204178
1788692043827147300,11.861147216796875,9.805647850036621,0.08740579336881638,-0.10965656489133835
1788692043832147200,11.866147216796875,9.805645942687988,0.08740234375,-0.10974571108818054
1788692043837147100,11.871147216796874,9.805644035339355,0.08747877180576324,-0.10989656299352646
1788692043842147300,11.876147216796875,9.805641174316406,0.08759275823831558,-0.11002356559038162
1788692043847147300,11.881147216796874,9.805638313293457,0.08779668062925339,-0.1101279929280281
1788692043852147200,11.886147216796875,9.80563735961914,0.0880119577050209,-0.11011679470539093
1788692043857147100,11.891147216796876,9.805634498596191,0.08809180557727814,-0.11025384813547134
1788692043862147300,11.896147216796875,9.805632591247559,0.08816634118556976,-0.11038567870855331
1788692043867147300,11.901147216796875,9.805632591247559,0.08823999762535095,-0.11042912304401398
1788692043872147200,11.906147216796874,9.805630683898926,0.08822786062955856,-0.11045107245445251
1788692043877147100,11.911147216796875,9.805633544921875,0.08805584907531738,-0.11047318577766418
1788692043882147300,11.916147216796874,9.805631637573242,0.08801107108592987,-0.11052098125219345
1788692043887147300,11.921147216796875,9.805632591247559,0.08789440244436264,-0.1105603352189064
1788692043892147200,11.926147216796876,9.805633544921875,0.08785419911146164,-0.11053774505853653
1788692043897147100,11.931147216796875,9.805634498596191,0.0877862274646759,-0.1105060800909996
1788692043902147300,11.936147216796876,9.805635452270508,0.08780737966299057,-0.11042659729719162
1788692043907147300,11.941147216796875,9.805635452270508,0.08785586059093475,-0.11036807298660278
1788692043912147200,11.946147216796875,9.805635452270508,0.0879049077630043,-0.11029744893312454
1788692043917147100,11.951147216796874,9.805634498596191,0.08803163468837738,-0.11028973758220673
1788692043922147300,11.956147216796875,9.805634498596191,0.08807578682899475,-0.11029116064310074
1788692043927147300,11.961147216796874,9.805632591247559,0.08819521218538284,-0.11033356934785843
1788692043932147200,11.966147216796875,9.805630683898926,0.08832433819770813,-0.11040802299976349
1788692043937147100,11.971147216796876,9.80562973022461,0.08845530450344086,-0.11040757596492767
1788692043942147300,11.976147216796875,9.805627822875977,0.08862347900867462,-0.11044340580701828
1788692043947147300,11.981147216796876,9.805624961853027,0.08874216675758362,-0.11055674403905869
1788692043952147200,11.986147216796875,9.805624008178711,0.08877129852771759,-0.11066364496946335
1788692043957147100,11.991147216796875,9.805623054504395,0.08880580961704254,-0.11069418489933014
1788692043962147300,11.996147216796874,9.805623054504395,0.08881261944770813,-0.11071252077817917
1788692043967147300,12.001147216796875,9.805622100830078,0.08881910890340805,-0.11076521873474121
1788692043972147200,12.006147216796874,9.805622100830078,0.08870182931423187,-0.11087948828935623
1788692043977147100,12.011147216796875,9.805622100830078,0.08863048255443573,-0.11095423996448517
1788692043982147300,12.016147216796876,9.805622100830078,0.08857215940952301,-0.11098998039960861
1788692043987147300,12.021147216796875,9.805624008178711,0.08847885578870773,-0.1109880581498146
1788692043992147200,12.026147216796875,9.805625915527344,0.0882655456662178,-0.1109156385064125
1788692043997147100,12.031147216796874,9.805627822875977,0.08807868510484695,-0.11085052043199539
1788692044002147300,12.036147216796875,9.805628776550293,0.08804633468389511,-0.11079424619674683
1788692044007147300,12.041147216796874,9.805631637573242,0.08793433010578156,-0.11061558872461319
1788692044012147200,12.046147216796875,9.805634498596191,0.08785130828619003,-0.11040368676185608
1788692044017147100,12.051147216796876,9.80563735961914,0.08786316215991974,-0.11023066192865372
1788692044022147300,12.056147216796875,9.805636405944824,0.08809148520231247,-0.11004511266946793
1788692044027147300,12.061147216796876,9.805635452270508,0.08832427114248276,-0.10996794700622559
1788692044032147200,12.066147216796875,9.805632591247559,0.08858278393745422,-0.11000669747591019
1788692044037147100,12.071147216796875,9.80562973022461,0.0888255313038826,-0.11012118309736252
1788692044042147300,12.076147216796874,9.805625915527344,0.08912312239408493,-0.11023262143135071
1788692044047147300,12.081147216796875,9.805621147155762,0.08932909369468689,-0.11044089496135712
1788692044052147200,12.086147216796874,9.805618286132812,0.08949970453977585,-0.11058848351240158
1788692044057147100,12.091147216796875,9.805617332458496,0.0895053818821907,-0.11076479405164719
1788692044062147300,12.096147216796876,9.805615425109863,0.08945737779140472,-0.11087997257709503
1788692044067147300,12.101147216796875,9.805614471435547,0.08935515582561493,-0.1109812930226326
1788692044072147200,12.106147216796876,9.805615425109863,0.08930794149637222,-0.11099833250045776
1788692044077147100,12.111147216796875,9.805617332458496,0.08905927836894989,-0.11097622662782669
1788692044082147300,12.116147216796875,9.805620193481445,0.0887855738401413,-0.11097706109285355
1788692044087147300,12.121147216796874,9.805623054504395,0.08851543068885803,-0.11095327138900757
1788692044092147200,12.126147216796875,9.805624961853027,0.08829141408205032,-0.11093080043792725
1788692044097147100,12.131147216796874,9.805628776550293,0.08801364153623581,-0.11086299270391464
1788692044102147300,12.136147216796875,9.805627822875977,0.08798729628324509,-0.11091308295726776
1788692044107147300,12.141147216796876,9.80562686920166,0.08795412629842758,-0.1110357865691185
1788692044112147200,12.146147216796875,9.805624961853027,0.08801250904798508,-0.1111222580075264
1788692044117147100,12.151147216796875,9.805624008178711,0.08812496811151505,-0.111194908618927
1788692044122147300,12.156147216796874,9.805621147155762,0.08828098326921463,-0.11126575618982315
1788692044127147300,12.161147216796875,9.805619239807129,0.08855120837688446,-0.11126120388507843
1788692044132147200,12.166147216796874,9.805617332458496,0.08878767490386963,-0.11121682822704315
1788692044137147100,12.171147216796875,9.805617332458496,0.08897796273231506,-0.11106301844120026
1788692044142147300,12.176147216796876,9.805619239807129,0.08912859857082367,-0.1109057143330574
1788692044147147300,12.181147216796875,9.805619239807129,0.08923615515232086,-0.11073855310678482
1788692044152147200,12.186147216796876,9.805620193481445,0.08927466720342636,-0.11055061221122742
1788692044157147100,12.191147216796875,9.805623054504395,0.08920830488204956,-0.1104055866599083
1788692044162147300,12.196147216796875,9.805624008178711,0.08920380473136902,-0.1102796420454979
1788692044167147300,12.201147216796874,9.805625915527344,0.0890546590089798,-0.11024314165115356
1788692044172147200,12.206147216796875,9.805625915527344,0.08903010934591293,-0.1102885976433754
1788692044177147100,12.211147216796874,9.805625915527344,0.08891675621271133,-0.1103924810886383
1788692044182147300,12.216147216796875,9.805625915527344,0.0887368842959404,-0.11049388349056244
1788692044187147300,12.221147216796876,9.80562686920166,0.08840858191251755,-0.11063686013221741
1788692044192147200,12.226147216796875,9.805628776550293,0.08816913515329361,-0.1107371374964714
1788692044197147100,12.231147216796876,9.805630683898926,0.08792425692081451,-0.11073277145624161
1788692044202147300,12.236147216796875,9.805633544921875,0.08770906180143356,-0.11065216362476349
1788692044207147300,12.241147216796875,9.805635452270508,0.08761927485466003,-0.11057120561599731
1788692044212147200,12.246147216796874,9.805636405944824,0.0876232460141182,-0.11045844852924347
1788692044217147100,12.251147216796875,9.805636405944824,0.0876903086900711,-0.11039680987596512
1788692044222147300,12.256147216796874,9.80563735961914,0.08774492144584656,-0.1102450042963028
1788692044227147300,12.261147216796875,9.805636405944824,0.0879359319806099,-0.1102474108338356
1788692044232147200,12.266147216796876,9.805634498596191,0.08823588490486145,-0.11018483340740204
1788692044237147100,12.271147216796875,9.805630683898926,0.08859779685735703,-0.11021629720926285
1788692044242147300,12.276147216796875,9.805625915527344,0.08892825245857239,-0.11038234084844589
1788692044247147300,12.281147216796874,9.805621147155762,0.08922604471445084,-0.11050320416688919
1788692044252147200,12.286147216796875,9.805618286132812,0.08938197046518326,-0.1106220930814743
1788692044257147100,12.291147216796874,9.805618286132812,0.08940489590167999,-0.11066067963838577
1788692044262147300,12.296147216796875,9.805617332458496,0.08941848576068878,-0.11075175553560257
1788692044267147300,12.301147216796876,9.805617332458496,0.08930923044681549,-0.11082960665225983
1788692044272147200,12.306147216796875,9.805618286132812,0.08913332223892212,-0.11084426194429398
1788692044277147100,12.311147216796876,9.805619239807129,0.08893009275197983,-0.11095772683620453
1788692044282147300,12.316147216796875,9.805620193481445,0.08874815702438354,-0.11099322885274887
1788692044287147300,12.321147216796875,9.805621147155762,0.0885382741689682,-0.11108957231044769
1788692044292147200,12.326147216796874,9.805621147155762,0.08832996338605881,-0.1113024428486824
1788692044297147100,12.331147216796875,9.805620193481445,0.08815082907676697,-0.11146552860736847
1788692044302147300,12.336147216796874,9.805619239807129,0.08804583549499512,-0.1116166040301323
1788692044307147300,12.341147216796875,9.805618286132812,0.08798085898160934,-0.11176382750272751
1788692044312147200,12.346147216796876,9.805615425109863,0.08807574957609177,-0.11191247403621674
1788692044317147100,12.351147216796875,9.805614471435547,0.08810078352689743,-0.1120574101805687
1788692044322147300,12.356147216796876,9.805611610412598,0.08823540806770325,-0.11212406307458878
1788692044327147300,12.361147216796875,9.805610656738281,0.08843279629945755,-0.1121286079287529
1788692044332147200,12.366147216796875,9.805608749389648,0.0886831283569336,-0.11209529638290405
1788692044337147100,12.371147216796874,9.805608749389648,0.08883082121610641,-0.11194608360528946
1788692044342147300,12.376147216796875,9.805610656738281,0.08893787860870361,-0.11170819401741028
1788692044347147300,12.381147216796874,9.805610656738281,0.08905277401208878,-0.11154594272375107
1788692044352147200,12.386147216796875,9.805612564086914,0.08913186937570572,-0.11134213954210281
1788692044357147100,12.391147216796876,9.805614471435547,0.0891478955745697,-0.11116247624158859
1788692044362147300,12.396147216796875,9.805618286132812,0.0891142189502716,-0.11091788858175278
1788692044367147300,12.401147216796875,9.805619239807129,0.08910738676786423,-0.1107778251171112
1788692044372147200,12.406147216796874,9.805621147155762,0.08901705592870712,-0.11066270619630814
1788692044377147100,12.411147216796875,9.805624008178711,0.08891268819570541,-0.11050117760896683
1788692044382147300,12.416147216796874,9.805627822875977,0.08866476267576218,-0.11043423414230347
1788692044387147300,12.421147216796875,9.805628776550293,0.08846686780452728,-0.11046547442674637
1788692044392147200,12.426147216796876,9.805630683898926,0.08827710896730423,-0.11046197265386581
1788692044397147100,12.431147216796875,9.805631637573242,0.0881362333893776,-0.11048075556755066
1788692044402147300,12.436147216796876,9.805633544921875,0.08801146596670151,-0.11044205725193024
1788692044407147300,12.441147216796875,9.805635452270508,0.08792569488286972,-0.110319122672081
1788692044412147200,12.446147216796875,9.805635452270508,0.08788230270147324,-0.11031642556190491
1788692044417147100,12.451147216796874,9.805636405944824,0.08789817243814468,-0.11023631691932678
1788692044422147300,12.456147216796875,9.805635452270508,0.08805087208747864,-0.1101570799946785
1788692044427147300,12.461147216796874,9.805636405944824,0.08810658752918243,-0.11005273461341858
1788692044432147200,12.466147216796875,9.805636405944824,0.08818840235471725,-0.10998181253671646
1788692044437147100,12.471147216796876,9.805635452270508,0.08833912760019302,-0.10994578152894974
1788692044442147300,12.476147216796875,9.805634498596191,0.08841855823993683,-0.1099691167473793
1788692044447147300,12.481147216796876,9.805633544921875,0.08848944306373596,-0.11004967987537384
1788692044452147200,12.486147216796875,9.805631637573242,0.08857894688844681,-0.11008837074041367
1788692044457147100,12.491147216796875,9.805630683898926,0.08864548057317734,-0.11012861132621765
1788692044462147300,12.496147216796874,9.805630683898926,0.08866548538208008,-0.11017007380723953
1788692044467147300,12.501147216796875,9.80562973022461,0.08860951662063599,-0.11025131493806839
1788692044472147200,12.506147216796874,9.805628776550293,0.08853079378604889,-0.11042476445436478
1788692044477147100,12.511147216796875,9.805628776550293,0.08836707472801208,-0.11054225265979767
1788692044482147300,12.516147216796876,9.805628776550293,0.08822396397590637,-0.11065368354320526
1788692044487147300,12.521147216796875,9.805628776550293,0.08810307085514069,-0.11075889319181442
1788692044492147200,12.526147216796875,9.805628776550293,0.08798866719007492,-0.11085569113492966
1788692044497147100,12.531147216796874,9.80562686920166,0.08793535828590393,-0.11105746030807495
1788692044502147300,12.536147216796875,9.805625915527344,0.0878920704126358,-0.1111607477068901
1788692044507147300,12.541147216796874,9.805624961853027,0.08787429332733154,-0.11128614842891693
1788692044512147200,12.546147216796875,9.805623054504395,0.08790448307991028,-0.11144674569368362
1788692044517147100,12.551147216796876,9.805621147155762,0.08792642503976822,-0.11155592650175095
1788692044522147300,12.556147216796875,9.805620193481445,0.08794528990983963,-0.11164552718400955
1788692044527147300,12.561147216796876,9.805619239807129,0.0879775807261467,-0.11167316138744354
1788692044532147200,12.566147216796875,9.805618286132812,0.0881388857960701,-0.11163614690303802
1788692044537147100,12.571147216796875,9.805617332458496,0.08825266361236572,-0.11163829267024994
1788692044542147300,12.576147216796874,9.805618286132812,0.08831819891929626,-0.11152254045009613
1788692044547147300,12.581147216796875,9.805618286132812,0.08837245404720306,-0.11145402491092682
1788692044552147200,12.586147216796874,9.805619239807129,0.08844301104545593,-0.11134996265172958
1788692044557147100,12.591147216796875,9.805619239807129,0.08854741603136063,-0.11122158169746399
1788692044562147300,12.596147216796876,9.805620193481445,0.08857608586549759,-0.11114849150180817
1788692044567147300,12.601147216796875,9.805619239807129,0.08856578916311264,-0.11121164262294769
1788692044572147200,12.606147216796876,9.805620193481445,0.0885731428861618,-0.1111895963549614
1788692044577147100,12.611147216796875,9.805619239807129,0.08854231983423233,-0.1112247109413147
1788692044582147300,12.616147216796875,9.805619239807129,0.08850263059139252,-0.11126576364040375
1788692044587147300,12.621147216796874,9.805619239807129,0.08839305490255356,-0.11135617643594742
1788692044592147200,12.626147216796875,9.805621147155762,0.0882248729467392,-0.11131599545478821
1788692044597147100,12.631147216796874,9.805622100830078,0.08812495321035385,-0.11135586351156235
1788692044602147300,12.636147216796875,9.805622100830078,0.08796005696058273,-0.11144932359457016
1788692044607147300,12.641147216796876,9.805623054504395,0.08789641410112381,-0.11144015938043594
1788692044612147200,12.646147216796875,9.805624961853027,0.08788885921239853,-0.11125831305980682
1788692044617147100,12.651147216796875,9.805625915527344,0.08794379234313965,-0.11112406104803085
1788692044622147300,12.656147216796874,9.80562686920166,0.0879499539732933,-0.11103769391775131
1788692044627147300,12.661147216796875,9.805627822875977,0.08808118104934692,-0.11087358742952347
1788692044632147200,12.666147216796874,9.80562973022461,0.08806446194648743,-0.11072144657373428
1788692044637147100,12.671147216796875,9.805630683898926,0.08805766701698303,-0.11063667386770248
1788692044642147300,12.676147216796876,9.805631637573242,0.08807074278593063,-0.11054851859807968
1788692044647147300,12.681147216796875,9.805630683898926,0.08816143870353699,-0.11054353415966034
1788692044652147200,12.686147216796876,9.805631637573242,0.08824866265058517,-0.11038601398468018
1788692044657147100,12.691147216796875,9.805633544921875,0.08818048238754272,-0.11029965430498123
1788692044662147300,12.696147216796875,9.805634498596191,0.08815399557352066,-0.11017977446317673
1788692044667147300,12.701147216796874,9.805635452270508,0.08812614530324936,-0.11011634021997452
1788692044672147200,12.706147216796875,9.805634498596191,0.08814364671707153,-0.11023849248886108
1788692044677147100,12.711147216796874,9.805634498596191,0.0880684033036232,-0.11028353869915009
1788692044682147300,12.716147216796875,9.805634498596191,0.08795303851366043,-0.1103619858622551
1788692044687147300,12.721147216796876,9.805633544921875,0.08792390674352646,-0.11047681421041489
1788692044692147200,12.726147216796875,9.805633544921875,0.08778999745845795,-0.11059301346540451
1788692044697147100,12.731147216796876,9.805631637573242,0.08778176456689835,-0.11071433871984482
1788692044702147300,12.736147216796875,9.805630683898926,0.08781861513853073,-0.11081276834011078
1788692044707147300,12.741147216796875,9.80562973022461,0.08788061887025833,-0.11088261008262634
1788692044712147200,12.746147216796874,9.805628776550293,0.0878237932920456,-0.11096330732107162
1788692044717147100,12.751147216796875,9.805627822875977,0.08783227950334549,-0.11104023456573486
1788692044722147300,12.756147216796874,9.805627822875977,0.08786963671445847,-0.11105284839868546
1788692044727147300,12.761147216796875,9.805627822875977,0.08794573694467545,-0.1110234186053276
1788692044732147200,12.766147216796876,9.805625915527344,0.08802063018083572,-0.111039899289608
1788692044737147100,12.771147216796875,9.805624961853027,0.0881798192858696,-0.11105327308177948
1788692044742147300,12.776147216796875,9.805624961853027,0.08831529319286346,-0.11103016883134842
1788692044747147300,12.781147216796874,9.805622100830078,0.08843502402305603,-0.1110503152012825
1788692044752147200,12.786147216796875,9.805620193481445,0.08853200078010559,-0.1111188754439354
1788692044757147100,12.791147216796874,9.805620193481445,0.08857513219118118,-0.11111972481012344
1788692044762147300,12.796147216796875,9.805620193481445,0.08862073719501495,-0.11114053428173065
1788692044767147300,12.801147216796876,9.805617332458496,0.08896336704492569,-0.11109386384487152
1788692044772147200,12.806147216796875,9.805627822875977,0.08933278173208237,-0.10985882580280304
1788692044777147100,12.811147216796876,9.805622100830078,0.08943108469247818,-0.11030317097902298
1788692044782147300,12.816147216796875,9.805621147155762,0.08959629386663437,-0.11020103842020035
1788692044787147300,12.821147216796875,9.805621147155762,0.08983039855957031,-0.1100795790553093
1788692044792147200,12.826147216796874,9.805621147155762,0.09004760533571243,-0.1098855510354042
1788692044797147100,12.831147216796875,9.805618286132812,0.09036373347043991,-0.1098700687289238
1788692044802147300,12.836147216796874,9.805609703063965,0.09099709242582321,-0.11009808629751205
1788692044807147300,12.841147216796875,9.805599212646484,0.09176628291606903,-0.11042654514312744
1788692044812147200,12.846147216796876,9.8056001663208,0.09173868596553802,-0.11031074076890945
1788692044817147100,12.851147216796875,9.805612564086914,0.09085558354854584,-0.10993433743715286
1788692044822147300,12.856147216796876,9.805623054504395,0.09007393568754196,-0.10964535921812057
1788692044827147300,12.861147216796875,9.80562686920166,0.08978381007909775,-0.10955731570720673
1788692044832147200,12.866147216796875,9.805625915527344,0.08969764411449432,-0.10974854975938797
1788692044837147100,12.871147216796874,9.805625915527344,0.08954743295907974,-0.1098247542977333
1788692044842147300,12.876147216796875,9.80562686920166,0.08935835212469101,-0.10997634381055832
1788692044847147300,12.881147216796874,9.805624961853027,0.08922211825847626,-0.11020158231258392
1788692044852147200,12.886147216796875,9.805633544921875,0.08815325796604156,-0.11031337827444077
1788692044857147100,12.891147216796876,9.805618286132812,0.08950106054544449,-0.11059202253818512
1788692044862147300,12.896147216796875,9.805627822875977,0.08862698078155518,-0.11038800328969955
