time,seconds_elapsed,qz,qy,qx,qw,roll,pitch,yaw
1788692032102147600,0.136147705078125,-0.993189811706543,-0.003555212402716279,0.006669207010418177,0.11626220494508743,0.012421682476997375,-0.008612860925495625,2.90858793258667
1788692032107147500,0.1411474609375,-0.9931897521018982,-0.0035832698922604322,0.006654540076851845,0.11626248061656952,0.012386024929583073,-0.00866518821567297,2.908587694168091
1788692032112147500,0.1461474609375,-0.9930713772773743,-0.0035941735841333866,0.0066330875270068645,0.11727020144462585,0.01233205758035183,-0.008694378659129143,2.9065582752227783
1788692032117147400,0.1511474609375,-0.9930709004402161,-0.003597310511395335,0.006582969333976507,0.11727684736251831,0.012231715023517609,-0.00868893787264824,2.9065444469451904
1788692032122147600,0.156147705078125,-0.9931315183639526,-0.0035947998985648155,0.00656043691560626,0.1167638748884201,0.01219202857464552,-0.008672371506690979,2.9075772762298584
1788692032127147500,0.1611474609375,-0.9931318163871765,-0.0035603120923042297,0.006537591107189655,0.11676371097564697,0.012154696509242058,-0.00859853159636259,2.9075770378112793
1788692032132147500,0.1661474609375,-0.9930747151374817,-0.003560283686965704,0.00648819375783205,0.11725123971700668,0.012052363716065884,-0.008592858910560608,2.906594753265381
1788692032137147400,0.1711474609375,-0.9930742383003235,-0.003565587569028139,0.006446313578635454,0.11725742369890213,0.011967879720032215,-0.008593648672103882,2.9065821170806885
1788692032142147600,0.176147705078125,-0.9930890202522278,-0.0035852803848683834,0.006419751327484846,0.11713281273841858,0.011911585927009583,-0.008625038899481297,2.9068329334259033
1788692032147147500,0.1811474609375,-0.9930889010429382,-0.003593142842873931,0.006394937168806791,0.1171351969242096,0.011860435828566551,-0.008634871803224087,2.9068281650543213
1788692032152147500,0.1861474609375,-0.9930912256240845,-0.0035843742080032825,0.006389749236404896,0.11711571365594864,0.011852351948618889,-0.00861600786447525,2.906867265701294
1788692032157147400,0.1911474609375,-0.9930912852287292,-0.0035751345567405224,0.006374442484229803,0.11711672693490982,0.011824102140963078,-0.008594083599746227,2.906864881515503
1788692032162147600,0.196147705078125,-0.9931026101112366,-0.0035958264488726854,0.006378556601703167,0.11701936274766922,0.011828277260065079,-0.00863498542457819,2.9070611000061035
1788692032167147500,0.2011474609375,-0.9931030869483948,-0.003615352790802717,0.006403859704732895,0.11701379716396332,0.011874019168317318,-0.008679624646902084,2.9070727825164795
1788692032172147500,0.2061474609375,-0.9930611252784729,-0.0036298870109021664,0.006411713548004627,0.11736808717250824,0.011883110739290714,-0.008714569732546806,2.9063594341278076
1788692032177147400,0.2111474609375,-0.9930614233016968,-0.003657131688669324,0.006422714795917273,0.11736408621072769,0.011898607015609741,-0.008771217428147793,2.9063680171966553
1788692032182147600,0.216147705078125,-0.9930577278137207,-0.0036636926233768463,0.006427230313420296,0.1173950582742691,0.011905763298273087,-0.008785679005086422,2.9063057899475098
1788692032187147500,0.2211474609375,-0.9930576086044312,-0.0036721057258546352,0.006429593078792095,0.1173955649137497,0.011908477172255516,-0.008802950382232666,2.9063048362731934
1788692032192147500,0.2261474609375,-0.9930416345596313,-0.0036727995611727238,0.006438989657908678,0.11753049492835999,0.011925782077014446,-0.008808154612779617,2.9060330390930176
1788692032197147400,0.2311474609375,-0.9930418133735657,-0.0036861076951026917,0.006440948694944382,0.11752814799547195,0.011926568113267422,-0.0088350186124444,2.9060380458831787
1788692032202147600,0.236147705078125,-0.9930704832077026,-0.0036892686039209366,0.006436202675104141,0.11728571355342865,0.01191855687648058,-0.00883727241307497,2.9065263271331787
1788692032207147500,0.2411474609375,-0.9930706024169922,-0.003685971489176154,0.006445904262363911,0.11728425323963165,0.011938612908124924,-0.008832980878651142,2.906529188156128
1788692032212147500,0.2461474609375,-0.993086040019989,-0.0036846452858299017,0.00645174877718091,0.11715324968099594,0.011951697990298271,-0.00883014127612114,2.9067931175231934
1788692032217147400,0.2511474609375,-0.9930863976478577,-0.003689045086503029,0.006465891841799021,0.11714942008256912,0.011978794820606709,-0.008842147886753082,2.9068009853363037
1788692032222147600,0.256147705078125,-0.9931136965751648,-0.00368822761811316,0.006466459482908249,0.11691772937774658,0.011982175521552563,-0.008837861940264702,2.9072675704956055
1788692032227147500,0.2611474609375,-0.9931139349937439,-0.0036790829617530107,0.006464673206210136,0.11691630631685257,0.01198077667504549,-0.00881926342844963,2.9072704315185547
1788692032232147500,0.2661474609375,-0.9931253790855408,-0.0036797712091356516,0.00646488880738616,0.11681906878948212,0.011981908231973648,-0.00881950743496418,2.907466173171997
1788692032237147400,0.2711474609375,-0.9931255578994751,-0.0036835316568613052,0.006470301654189825,0.11681688576936722,0.011991801671683788,-0.00882821436971426,2.907470703125
1788692032242147600,0.276147705078125,-0.99317467212677,-0.0036927321925759315,0.0064783720299601555,0.11639800667762756,0.012009414844214916,-0.008843311108648777,2.9083142280578613
1788692032247147500,0.2811474609375,-0.9931749105453491,-0.0036980065051466227,0.006487241946160793,0.11639516055583954,0.012025833129882812,-0.008855816908180714,2.908320188522339
1788692032252147500,0.2861474609375,-0.993172824382782,-0.00370656861923635,0.006485572550445795,0.11641285568475723,0.012020367197692394,-0.008872650563716888,2.9082846641540527
1788692032257147400,0.2911474609375,-0.9931730031967163,-0.0037063630297780037,0.006484490353614092,0.1164112389087677,0.012018280103802681,-0.008871970698237419,2.908287763595581
1788692032262147600,0.296147705078125,-0.9932063817977905,-0.0037140599451959133,0.006479471456259489,0.1161261647939682,0.01200906839221716,-0.008882644586265087,2.9088618755340576
1788692032267147500,0.3011474609375,-0.9932066202163696,-0.003708277363330126,0.006481456104665995,0.11612411588430405,0.01201437134295702,-0.008871594443917274,2.9088659286499023
1788692032272147500,0.3061474609375,-0.9932072162628174,-0.0037115418817847967,0.006483541335910559,0.11611896753311157,0.012017802335321903,-0.008878501132130623,2.908876419067383
1788692032277147400,0.3111474609375,-0.9932074546813965,-0.003720134263858199,0.006485238671302795,0.11611676961183548,0.012019200250506401,-0.008895937353372574,2.9088809490203857
1788692032282147600,0.316147705078125,-0.9932288527488708,-0.003727513598278165,0.006484325975179672,0.11593323945999146,0.012017319910228252,-0.0089081646874547,2.909250497817993
1788692032287147500,0.3211474609375,-0.99322909116745,-0.0037366992328315973,0.006493038032203913,0.1159304603934288,0.012032524682581425,-0.008928396739065647,2.9092564582824707
1788692032292147500,0.3261474609375,-0.9932171702384949,-0.0037337697576731443,0.006500864401459694,0.11603228002786636,0.012047835625708103,-0.00892562698572874,2.9090514183044434
1788692032297147400,0.3311474609375,-0.993217408657074,-0.0037317504175007343,0.006504254415631294,0.11602990329265594,0.012055059894919395,-0.008922372944653034,2.9090561866760254
1788692032302147600,0.336147705078125,-0.9932246208190918,-0.0037343562580645084,0.006505288649350405,0.11596807092428207,0.012057066895067692,-0.008927038870751858,2.9091806411743164
1788692032307147500,0.3411474609375,-0.9932247400283813,-0.003730406519025564,0.006502537056803703,0.11596719920635223,0.012052522972226143,-0.00891854427754879,2.90918231010437
1788692032312147500,0.3461474609375,-0.9932236671447754,-0.003725974587723613,0.006506526377052069,0.1159764900803566,0.012061393819749355,-0.008910778909921646,2.9091637134552
1788692032317147400,0.3511474609375,-0.9932237267494202,-0.00372840347699821,0.006497390102595091,0.11597633361816406,0.012042679823935032,-0.008913482539355755,2.9091639518737793
1788692032322147600,0.356147705078125,-0.9932188391685486,-0.003714497433975339,0.0065019098110497,0.1160183995962143,0.012054506689310074,-0.008887417614459991,2.909079074859619
1788692032327147500,0.3611474609375,-0.9932188391685486,-0.003706584917381406,0.006497969385236502,0.116019107401371,0.012048508040606976,-0.008870793506503105,2.9090776443481445
1788692032332147500,0.3661474609375,-0.9932152032852173,-0.003705692943185568,0.006497719790786505,0.11605021357536316,0.012047940865159035,-0.008869340643286705,2.909014940261841
1788692032337147400,0.3711474609375,-0.9932150840759277,-0.003707076655700803,0.006494664587080479,0.1160513311624527,0.012041539885103703,-0.008871394209563732,2.909012794494629
1788692032342147600,0.376147705078125,-0.9932348728179932,-0.0037087558303028345,0.006488442420959473,0.1158820390701294,0.012030301615595818,-0.008871234953403473,2.909353494644165
1788692032347147500,0.3811474609375,-0.9932349324226379,-0.0037060969043523073,0.0064790816977620125,0.11588196456432343,0.012012322433292866,-0.008863783441483974,2.909353494644165
1788692032352147500,0.3861474609375,-0.9932165741920471,-0.0037031921092420816,0.006477277725934982,0.11603953689336777,0.012008005753159523,-0.008859499357640743,2.909036159515381
1788692032357147400,0.3911474609375,-0.9932166934013367,-0.0037029506638646126,0.006474002730101347,0.11603879928588867,0.012001561932265759,-0.008858251385390759,2.9090378284454346
1788692032362147600,0.396147705078125,-0.9932180047035217,-0.003706740215420723,0.006466573104262352,0.11602766066789627,0.0119860228151083,-0.008863921277225018,2.909060001373291
1788692032367147500,0.4011474609375,-0.9932180643081665,-0.003707488067448139,0.006460458040237427,0.11602744460105896,0.011973702348768711,-0.008863985538482666,2.909060478210449
1788692032372147500,0.4061474609375,-0.9932196140289307,-0.003706019138917327,0.0064554898999631405,0.11601471155881882,0.011964288540184498,-0.00885976105928421,2.909085988998413
1788692032377147400,0.4111474609375,-0.9932199716567993,-0.0037096531596034765,0.00644797645509243,0.1160118505358696,0.011948544532060623,-0.008865202777087688,2.9090917110443115
1788692032382147600,0.416147705078125,-0.9932142496109009,-0.003710137913003564,0.006446441635489464,0.11606070399284363,0.011944946832954884,-0.00886639766395092,2.9089934825897217
1788692032387147500,0.4211474609375,-0.99321448802948,-0.003712007775902748,0.006448079831898212,0.11605856567621231,0.011947786435484886,-0.00887046568095684,2.9089977741241455
1788692032392147500,0.4261474609375,-0.9931930899620056,-0.0037123819347471,0.006455785594880581,0.1162414476275444,0.011961373500525951,-0.008875200524926186,2.9086296558380127
1788692032397147400,0.4311474609375,-0.9931932687759399,-0.00371698010712862,0.006459903437644243,0.11623933166265488,0.011968504637479782,-0.00888526625931263,2.9086339473724365
1788692032402147600,0.436147705078125,-0.9931926131248474,-0.003719512838870287,0.006459682248532772,0.11624478548765182,0.011967428028583527,-0.008890311233699322,2.908622980117798
1788692032407147500,0.4411474609375,-0.9931925535202026,-0.00371370417997241,0.0064646112732589245,0.11624517291784286,0.011978566646575928,-0.00887992326170206,2.9086220264434814
1788692032412147500,0.4461474609375,-0.9931696057319641,-0.0037133374717086554,0.00646718917414546,0.11644093692302704,0.011982020922005177,-0.00888215471059084,2.9082279205322266
1788692032417147400,0.4511474609375,-0.9931696057319641,-0.00371276936493814,0.006463244091719389,0.11644122004508972,0.011974315159022808,-0.008880111388862133,2.9082274436950684
1788692032422147600,0.456147705078125,-0.9931694269180298,-0.003717392683029175,0.006463559810072184,0.11644279211759567,0.011973853223025799,-0.008889389224350452,2.90822434425354
1788692032427147500,0.4611474609375,-0.9931695461273193,-0.0037206660490483046,0.006465056911110878,0.11644133925437927,0.01197607722133398,-0.008896221406757832,2.9082272052764893
1788692032432147500,0.4661474609375,-0.9931648373603821,-0.003719837637618184,0.006460170727223158,0.11648206412792206,0.01196619775146246,-0.008893929421901703,2.9081451892852783
1788692032437147400,0.4711474609375,-0.9931646585464478,-0.003720986656844616,0.006458866875618696,0.11648343503475189,0.011963329277932644,-0.00889592431485653,2.908142328262329
1788692032442147600,0.476147705078125,-0.9931533932685852,-0.003722015768289566,0.006464524660259485,0.11657912284135818,0.011973470449447632,-0.00890044029802084,2.907949686050415
1788692032447147500,0.4811474609375,-0.9931530952453613,-0.003728507086634636,0.006460364907979965,0.1165814995765686,0.011963672935962677,-0.008912392891943455,2.907944917678833
1788692032452147500,0.4861474609375,-0.9931411743164062,-0.003731341566890478,0.006456194445490837,0.11668331176042557,0.011953813955187798,-0.008918276987969875,2.9077398777008057
1788692032457147400,0.4911474609375,-0.9931413531303406,-0.003734420984983444,0.00645408034324646,0.11668176203966141,0.011948910541832447,-0.008923881687223911,2.907743215560913
1788692032462147600,0.496147705078125,-0.9931339025497437,-0.0037337741814553738,0.006452749017626047,0.11674532294273376,0.011945845559239388,-0.00892305001616478,2.9076151847839355
1788692032467147500,0.5011474609375,-0.9931341409683228,-0.0037338968832045794,0.006457227747887373,0.11674291640520096,0.011954735964536667,-0.008924310095608234,2.9076199531555176
1788692032472147500,0.5061474609375,-0.9931433796882629,-0.00373017112724483,0.006460994947701693,0.11666423082351685,0.011963794007897377,-0.008916841819882393,2.90777850151062
1788692032477147400,0.5111474609375,-0.9931434392929077,-0.0037298111710697412,0.006460635922849178,0.11666389554738998,0.011963168159127235,-0.008916039019823074,2.9077792167663574
1788692032482147600,0.516147705078125,-0.993140697479248,-0.0037214781623333693,0.006459562573581934,0.11668747663497925,0.01196276769042015,-0.00889952015131712,2.907731533050537
1788692032487147500,0.5211474609375,-0.9931408166885376,-0.003719101659953594,0.006458058953285217,0.11668667942285538,0.011960342526435852,-0.008894439786672592,2.907733201980591
1788692032492147500,0.5261474609375,-0.9931380152702332,-0.0037221068050712347,0.006456836126744747,0.11671070754528046,0.011956998147070408,-0.008900412358343601,2.907684803009033
1788692032497147400,0.5311474609375,-0.9931381940841675,-0.003718514693900943,0.006455672439187765,0.11670909076929092,0.01195553783327341,-0.008892986923456192,2.9076879024505615
1788692032502147600,0.536147705078125,-0.9931393265724182,-0.003720022039487958,0.006452337838709354,0.1166994646191597,0.011948649771511555,-0.008895086124539375,2.9077072143554688
1788692032507147500,0.5411474609375,-0.9931392073631287,-0.003721673972904682,0.006452270783483982,0.11670060455799103,0.011948119848966599,-0.008898366242647171,2.907705068588257
1788692032512147500,0.5461474609375,-0.9931356906890869,-0.0037229694426059723,0.0064543914049863815,0.11673015356063843,0.011951765976846218,-0.008901788853108883,2.9076454639434814
1788692032517147400,0.5511474609375,-0.9931358098983765,-0.00371910585090518,0.006455112714320421,0.11672939360141754,0.011954106390476227,-0.00889427401125431,2.907647132873535
1788692032522147600,0.556147705078125,-0.9931392669677734,-0.0037201649975031614,0.006453859619796276,0.11669990420341492,0.011951633729040623,-0.00889573059976101,2.9077064990997314
1788692032527147500,0.5611474609375,-0.993139386177063,-0.0037189836148172617,0.006451420485973358,0.11669901758432388,0.01194707304239273,-0.008892804384231567,2.907708168029785
1788692032532147500,0.5661474609375,-0.9931389689445496,-0.0037197081837803125,0.006458627991378307,0.11670222878456116,0.011961191892623901,-0.008895964361727238,2.9077017307281494
1788692032537147400,0.5711474609375,-0.9931387901306152,-0.0037228832952678204,0.006457440555095673,0.11670396476984024,0.011958078481256962,-0.008902015164494514,2.907698392868042
1788692032542147600,0.576147705078125,-0.9931392669677734,-0.003720978507772088,0.0064512621611356735,0.11670039594173431,0.011946281418204308,-0.008896746672689915,2.907705545425415
1788692032547147500,0.5811474609375,-0.993139386177063,-0.0037186448462307453,0.0064476411789655685,0.11669939756393433,0.0119396410882473,-0.008891254663467407,2.907707452774048
1788692032552147500,0.5861474609375,-0.9931416511535645,-0.003716913517564535,0.006450464949011803,0.1166801005601883,0.011945826932787895,-0.0088882427662611,2.9077463150024414
1788692032557147400,0.5911474609375,-0.9931418299674988,-0.0037174951285123825,0.0064509836956858635,0.11667867004871368,0.011946734972298145,-0.008889501914381981,2.9077491760253906
1788692032562147600,0.596147705078125,-0.9931386709213257,-0.0037239412777125835,0.006449334789067507,0.11670513451099396,0.011941718868911266,-0.008902238681912422,2.907696008682251
1788692032567147500,0.6011474609375,-0.9931385517120361,-0.0037299615796655416,0.006452014669775963,0.11670617014169693,0.011945629492402077,-0.008914834819734097,2.907693862915039
1788692032572147500,0.6061474609375,-0.9931434392929077,-0.0037346412427723408,0.006453806068748236,0.116663858294487,0.011948474682867527,-0.008924039080739021,2.9077792167663574
1788692032577147400,0.6111474609375,-0.993143618106842,-0.003735125996172428,0.006455989554524422,0.11666233092546463,0.011952713131904602,-0.008925492875277996,2.9077823162078857
1788692032582147600,0.616147705078125,-0.9931455850601196,-0.0037391476798802614,0.006457486189901829,0.11664548516273499,0.0119548998773098,-0.008933627977967262,2.907816171646118
1788692032587147500,0.6211474609375,-0.9931453466415405,-0.0037404245231300592,0.006455466616898775,0.11664748191833496,0.011950572021305561,-0.0089357178658247,2.9078121185302734
1788692032592147500,0.6261474609375,-0.9931533336639404,-0.003740123240277171,0.006452469155192375,0.11657960712909698,0.011945299804210663,-0.008933603763580322,2.9079487323760986
1788692032597147400,0.6311474609375,-0.9931532144546509,-0.0037389136850833893,0.006456715054810047,0.11658063530921936,0.011954006738960743,-0.0089322030544281,2.907946825027466
1788692032602147600,0.636147705078125,-0.9931578636169434,-0.003740845015272498,0.006461083423346281,0.11654087901115417,0.011962592601776123,-0.008936579339206219,2.908026933670044
1788692032607147500,0.6411474609375,-0.9931579232215881,-0.003739240113645792,0.006462086923420429,0.11654005944728851,0.011964965611696243,-0.008933614939451218,2.9080286026000977
1788692032612147500,0.6461474609375,-0.9931629300117493,-0.00373659236356616,0.006464501842856407,0.11649759858846664,0.01197076216340065,-0.008928406052291393,2.908114194869995
1788692032617147400,0.6511474609375,-0.9931627511978149,-0.003731469390913844,0.006463336292654276,0.11649895459413528,0.011969627812504768,-0.0089179752394557,2.908111333847046
1788692032622147600,0.656147705078125,-0.9931670427322388,-0.0037308528553694487,0.006462096236646175,0.11646284908056259,0.011967631056904793,-0.008916026912629604,2.908184051513672
1788692032627147500,0.6611474609375,-0.9931671023368835,-0.0037315243389457464,0.006459958851337433,0.11646231263875961,0.011963234283030033,-0.008916856721043587,2.9081850051879883
1788692032632147500,0.6661474609375,-0.9931734800338745,-0.003730432828888297,0.006459998432546854,0.11640762537717819,0.011964056640863419,-0.0089140385389328,2.908295154571533
1788692032637147400,0.6711474609375,-0.9931735992431641,-0.0037312302738428116,0.006457997485995293,0.11640697717666626,0.011959902010858059,-0.008915148675441742,2.908296585083008
1788692032642147600,0.676147705078125,-0.9931758642196655,-0.003732637269422412,0.006459556519985199,0.1163875013589859,0.011962847784161568,-0.00891807209700346,2.9083356857299805
1788692032647147500,0.6811474609375,-0.9931756258010864,-0.0037363574374467134,0.006458714604377747,0.11638935655355453,0.011960293166339397,-0.00892528798431158,2.908332109451294
1788692032652147500,0.6861474609375,-0.9931648373603821,-0.0037408529315143824,0.006460465490818024,0.11648101359605789,0.011961900629103184,-0.00893572997301817,2.9081475734710693
1788692032657147400,0.6911474609375,-0.9931648373603821,-0.003737989580258727,0.006459355354309082,0.1164814904332161,0.011960357427597046,-0.008929789066314697,2.908146619796753
1788692032662147600,0.696147705078125,-0.9931644797325134,-0.003739664563909173,0.006462027318775654,0.11648435890674591,0.011965249665081501,-0.008933773264288902,2.9081406593322754
1788692032667147500,0.7011474609375,-0.9931646585464478,-0.003741190070286393,0.0064633931033313274,0.11648247390985489,0.01196762453764677,-0.008937099017202854,2.908144474029541
1788692032672147500,0.7061474609375,-0.9931643009185791,-0.0037425656337291002,0.006466226186603308,0.1164856031537056,0.01197290513664484,-0.008940529078245163,2.9081382751464844
1788692032677147400,0.7111474609375,-0.9931641221046448,-0.0037467856891453266,0.006470719818025827,0.11648644506931305,0.011980840004980564,-0.00894996803253889,2.9081366062164307
1788692032682147600,0.716147705078125,-0.9931597113609314,-0.0037446999922394753,0.006469736807048321,0.11652437597513199,0.011979032307863235,-0.008946053683757782,2.908060312271118
1788692032687147500,0.7211474609375,-0.993159830570221,-0.00374530628323555,0.006468902807682753,0.11652351170778275,0.01197724137455225,-0.008947052992880344,2.908061981201172
1788692032692147500,0.7261474609375,-0.9931465983390808,-0.0037443607579916716,0.006471045780926943,0.11663585156202316,0.011980706825852394,-0.008947029709815979,2.9078357219696045
1788692032697147400,0.7311474609375,-0.9931465983390808,-0.003745428752154112,0.0064721680246293545,0.11663566529750824,0.01198268961161375,-0.008949410170316696,2.9078361988067627
1788692032702147600,0.736147705078125,-0.9931445717811584,-0.0037495784927159548,0.0064748236909508705,0.11665266007184982,0.011986843310296535,-0.008958478458225727,2.907802104949951
1788692032707147500,0.7411474609375,-0.9931446313858032,-0.003748178482055664,0.00647972896695137,0.11665190756320953,0.01199692115187645,-0.008956831879913807,2.907803535461426
1788692032712147500,0.7461474609375,-0.9931306838989258,-0.0037476203870028257,0.006484306883066893,0.11677074432373047,0.012005073018372059,-0.00895822886377573,2.907564401626587
1788692032717147400,0.7511474609375,-0.9931306838989258,-0.0037482697516679764,0.0064860121347010136,0.11677046865224838,0.012008311226963997,-0.008959912694990635,2.907564878463745
1788692032722147600,0.756147705078125,-0.9931290745735168,-0.003750041127204895,0.006485292688012123,0.11678428947925568,0.012006343342363834,-0.008963430300354958,2.9075369834899902
1788692032727147500,0.7611474609375,-0.9931290745735168,-0.003753247670829296,0.006487980019301176,0.11678384244441986,0.012010938487946987,-0.008970421738922596,2.9075379371643066
1788692032732147500,0.7661474609375,-0.9931248426437378,-0.0037515698932111263,0.0064903381280601025,0.11681967228651047,0.012015690095722675,-0.008968072943389416,2.907465934753418
1788692032737147400,0.7711474609375,-0.9931248426437378,-0.0037539503537118435,0.006489088758826256,0.116819828748703,0.012012651190161705,-0.008972511626780033,2.907465696334839
1788692032742147600,0.776147705078125,-0.9931170344352722,-0.0037547454703599215,0.006492895539849997,0.11688604950904846,0.012019429355859756,-0.008975781500339508,2.907332181930542
1788692032747147500,0.7811474609375,-0.9931170344352722,-0.003760098246857524,0.006494374945759773,0.11688577383756638,0.012021119706332684,-0.008986756205558777,2.9073328971862793
1788692032752147500,0.7861474609375,-0.9931086897850037,-0.003764133434742689,0.006494488567113876,0.11695630103349686,0.012019762769341469,-0.00899565126746893,2.9071907997131348
1788692032757147400,0.7911474609375,-0.9931086897850037,-0.0037655592896044254,0.006492726504802704,0.11695653945207596,0.012015928514301777,-0.008998073637485504,2.9071903228759766
1788692032762147600,0.796147705078125,-0.9931028485298157,-0.003764328546822071,0.006491167936474085,0.11700586974620819,0.012012672610580921,-0.008995860815048218,2.9070911407470703
1788692032767147500,0.8011474609375,-0.9931028485298157,-0.003762707347050309,0.006485407706350088,0.11700671166181564,0.012001601979136467,-0.008991303853690624,2.9070892333984375
1788692032772147500,0.8061474609375,-0.9931066632270813,-0.0037625001277774572,0.006484862416982651,0.11697402596473694,0.012000863440334797,-0.008990369737148285,2.9071550369262695
1788692032777147400,0.8111474609375,-0.9931066632270813,-0.0037667537108063698,0.006487173028290272,0.11697366088628769,0.012004461139440536,-0.0089993542060256,2.907155990600586
1788692032782147600,0.816147705078125,-0.9931038618087769,-0.0037658095825463533,0.006487549748271704,0.11699782311916351,0.012005212716758251,-0.008997859433293343,2.907107353210449
1788692032787147500,0.8211474609375,-0.9931038618087769,-0.0037666151765733957,0.006487967912107706,0.11699775606393814,0.012005854398012161,-0.008999556303024292,2.907107353210449
1788692032792147500,0.8261474609375,-0.9931005835533142,-0.0037690680474042892,0.0064882379956543446,0.1170252189040184,0.012005570344626904,-0.009004823863506317,2.9070520401000977
1788692032797147400,0.8311474609375,-0.9931005835533142,-0.003769379574805498,0.006488748360425234,0.11702515184879303,0.012006510980427265,-0.009005561470985413,2.9070522785186768
1788692032802147600,0.836147705078125,-0.9930998682975769,-0.0037769859191030264,0.006486866157501936,0.11703139543533325,0.012000937014818192,-0.009020304307341576,2.9070396423339844
1788692032807147500,0.8411474609375,-0.9930998682975769,-0.003775995457544923,0.006490237545222044,0.11703095585107803,0.01200786791741848,-0.00901912059634924,2.907040596008301
1788692032812147500,0.8461474609375,-0.9930964708328247,-0.0037766369059681892,0.006487490143626928,0.11706025153398514,0.01200199592858553,-0.009020105935633183,2.9069817066192627
1788692032817147400,0.8511474609375,-0.9930964112281799,-0.0037708745803683996,0.006483892444521189,0.11706078797578812,0.011996191926300526,-0.009007825516164303,2.906980514526367
1788692032822147600,0.856147705078125,-0.993097186088562,-0.003770179580897093,0.006481416989117861,0.11705457419157028,0.011991494335234165,-0.009005790576338768,2.9069929122924805
1788692032827147500,0.8611474609375,-0.993097186088562,-0.0037713805213570595,0.006479665637016296,0.11705479770898819,0.011987732723355293,-0.009007768705487251,2.9069924354553223
1788692032832147500,0.8661474609375,-0.9930955171585083,-0.003761495929211378,0.00647589610889554,0.1170693039894104,0.011982426047325134,-0.008987427689135075,2.9069631099700928
1788692032837147400,0.8711474609375,-0.9930955171585083,-0.0037638971116393805,0.006475774571299553,0.1170692965388298,0.011981623247265816,-0.008992168121039867,2.9069631099700928
1788692032842147600,0.876147705078125,-0.9930945634841919,-0.0037596379406750202,0.006477330811321735,0.11707723885774612,0.011985638178884983,-0.008984168991446495,2.906947135925293
1788692032847147500,0.8811474609375,-0.9930945634841919,-0.003758656093850732,0.006477486342191696,0.11707722395658493,0.01198617648333311,-0.00898225512355566,2.906947135925293
1788692032852147500,0.8861474609375,-0.9930944442749023,-0.003759882878512144,0.006478569470345974,0.1170782670378685,0.011988031677901745,-0.008984957821667194,2.906944990158081
1788692032857147400,0.8911474609375,-0.9930944442749023,-0.003758898936212063,0.006477782037109137,0.11707837879657745,0.01198669709265232,-0.008982820436358452,2.906944751739502
1788692032862147600,0.896147705078125,-0.9930914044380188,-0.003756343387067318,0.0064812153577804565,0.1171039417386055,0.011993883177638054,-0.008978857658803463,2.906893253326416
1788692032867147500,0.9011474609375,-0.9930914640426636,-0.00374979292973876,0.006483995355665684,0.11710365116596222,0.012000943534076214,-0.008966493420302868,2.9068939685821533
1788692032872147500,0.9061474609375,-0.9930934309959412,-0.003749390598386526,0.006486729718744755,0.11708692461252213,0.01200661901384592,-0.008966132998466492,2.9069275856018066
1788692032877147400,0.9111474609375,-0.9930933713912964,-0.003750518197193742,0.006482797674834728,0.11708740144968033,0.011998539790511131,-0.008967457339167595,2.9069266319274902
1788692032882147600,0.916147705078125,-0.9930934309959412,-0.0037522304337471724,0.006480874959379435,0.11708686500787735,0.011994323693215847,-0.008970401249825954,2.9069278240203857
1788692032887147500,0.9211474609375,-0.9930934309959412,-0.003750246251001954,0.006479998584836721,0.1170869842171669,0.01199304684996605,-0.008966256864368916,2.9069273471832275
1788692032892147500,0.9261474609375,-0.9930975437164307,-0.0037561331409960985,0.006475720088928938,0.11705239862203598,0.011983484029769897,-0.008976530283689499,2.9069972038269043
1788692032897147400,0.9311474609375,-0.9930974841117859,-0.0037573890294879675,0.006472666282206774,0.11705275624990463,0.01197712030261755,-0.008978314697742462,2.906996250152588
1788692032902147600,0.936147705078125,-0.9930996894836426,-0.0037634975742548704,0.006472575478255749,0.11703381687402725,0.011975682340562344,-0.008990198373794556,2.9070346355438232
1788692032907147500,0.9411474609375,-0.9930996894836426,-0.003765343688428402,0.006472513545304537,0.11703380942344666,0.011975128203630447,-0.008993850089609623,2.9070346355438232
1788692032912147500,0.9461474609375,-0.9931020736694336,-0.0037689455784857273,0.006471709348261356,0.11701339483261108,0.011972872540354729,-0.009000569581985474,2.9070756435394287
1788692032917147400,0.9511474609375,-0.9931021332740784,-0.0037719295360147953,0.006474591791629791,0.11701303720474243,0.011977904476225376,-0.009007168002426624,2.907076597213745
1788692032922147600,0.956147705078125,-0.9931038022041321,-0.003772884141653776,0.006472385488450527,0.11699860543012619,0.011973428539931774,-0.009008373133838177,2.9071056842803955
1788692032927147500,0.9611474609375,-0.9931038022041321,-0.003774054115638137,0.006471439730376005,0.11699870973825455,0.011971275322139263,-0.009010477922856808,2.9071054458618164
1788692032932147500,0.9661474609375,-0.993107259273529,-0.0037733684293925762,0.006471297238022089,0.11696930974721909,0.011971420608460903,-0.009008727967739105,2.9071645736694336
1788692032937147400,0.9711474609375,-0.9931073188781738,-0.0037747544702142477,0.006475481670349836,0.11696881800889969,0.011979412287473679,-0.009012453258037567,2.90716552734375
1788692032942147600,0.976147705078125,-0.9931081533432007,-0.003776924218982458,0.006477748043835163,0.11696133017539978,0.011983473785221577,-0.009017202071845531,2.9071807861328125
1788692032947147500,0.9811474609375,-0.9931081533432007,-0.003780580125749111,0.0064791105687618256,0.11696115136146545,0.01198532897979021,-0.009024781174957752,2.9071812629699707
1788692032952147500,0.9861474609375,-0.9931063652038574,-0.0037822218146175146,0.006481582298874855,0.11697632074356079,0.011989716440439224,-0.009028803557157516,2.9071507453918457
1788692032957147400,0.9911474609375,-0.9931063652038574,-0.0037788113113492727,0.006478110793977976,0.11697673797607422,0.011983613483607769,-0.009021221660077572,2.9071497917175293
1788692032962147600,0.996147705078125,-0.9931091070175171,-0.0037792250514030457,0.006475845817476511,0.11695317178964615,0.011979232542216778,-0.009021229110658169,2.9071972370147705
1788692032967147500,1.0011474609375,-0.9931091070175171,-0.0037773861549794674,0.006476176902651787,0.11695314943790436,0.011980320326983929,-0.00901765376329422,2.9071972370147705
1788692032972147500,1.0061474609375,-0.9931106567382812,-0.0037775563541799784,0.00647621788084507,0.1169404610991478,0.011980477720499039,-0.009017848409712315,2.9072227478027344
1788692032977147400,1.0111474609375,-0.9931106567382812,-0.0037786022294312716,0.006478864699602127,0.11694016307592392,0.011985492892563343,-0.009020540863275528,2.9072234630584717
1788692032982147600,1.016147705078125,-0.9931089282035828,-0.00377893028780818,0.006481438875198364,0.11695466935634613,0.011990399099886417,-0.009021969512104988,2.907194137573242
1788692032987147500,1.0211474609375,-0.9931089282035828,-0.0037792630027979612,0.006480750162154436,0.1169547438621521,0.01198895089328289,-0.009022470563650131,2.907194137573242
1788692032992147500,1.0261474609375,-0.9931066036224365,-0.0037769279442727566,0.006482918281108141,0.11697448045015335,0.011993625201284885,-0.009018578566610813,2.9071543216705322
1788692032997147400,1.0311474609375,-0.9931066036224365,-0.0037719791289418936,0.00648777699097991,0.11697398871183395,0.012004435993731022,-0.00900987908244133,2.9071552753448486
1788692033002147600,1.036147705078125,-0.993110179901123,-0.0037677879445254803,0.006490218918770552,0.11694404482841492,0.012010538950562477,-0.00900176353752613,2.9072155952453613
1788692033007147500,1.0411474609375,-0.993110179901123,-0.0037669006269425154,0.006493185646831989,0.11694373190402985,0.012016641907393932,-0.009000690653920174,2.9072163105010986
1788692033012147500,1.0461474609375,-0.9931087493896484,-0.0037688843440264463,0.006495852489024401,0.11695542186498642,0.01202137116342783,-0.009005396626889706,2.9071927070617676
1788692033017147400,1.0511474609375,-0.9931087493896484,-0.0037716892547905445,0.0064976694993674755,0.1169552132487297,0.01202432531863451,-0.009011389687657356,2.907193183898926
1788692033022147600,1.056147705078125,-0.9931071400642395,-0.0037719332613050938,0.006497339345514774,0.11696925014257431,0.012023485265672207,-0.009011967107653618,2.9071648120880127
1788692033027147500,1.0611474609375,-0.9931071400642395,-0.003771847113966942,0.006498659960925579,0.11696910858154297,0.012026130221784115,-0.009012104012072086,2.907165288925171
1788692033032147500,1.0661474609375,-0.993110716342926,-0.0037685746792703867,0.00649613281711936,0.11693911999464035,0.012022147886455059,-0.009004649706184864,2.9072256088256836
1788692033037147400,1.0711474609375,-0.993110716342926,-0.003769280854612589,0.006497569847851992,0.11693897098302841,0.012024838477373123,-0.009006386622786522,2.9072258472442627
1788692033042147600,1.076147705078125,-0.9931140542030334,-0.003773010801523924,0.006495996378362179,0.11691049486398697,0.012021099217236042,-0.009013082832098007,2.907283306121826
1788692033047147500,1.0811474609375,-0.9931140542030334,-0.003773127216845751,0.006497610826045275,0.11691032350063324,0.012024280615150928,-0.009013689123094082,2.9072835445404053
1788692033052147500,1.0861474609375,-0.9931160807609558,-0.003771669464185834,0.006496839225292206,0.11689336597919464,0.012023243121802807,-0.009010408073663712,2.907317638397217
1788692033057147400,1.0911474609375,-0.9931160807609558,-0.003771526273339987,0.0065002720803022385,0.11689302325248718,0.012030097655951977,-0.009010921232402325,2.907318353652954
1788692033062147600,1.096147705078125,-0.9931120276451111,-0.003768910886719823,0.006501345429569483,0.11692757159471512,0.012032527476549149,-0.009006396867334843,2.9072489738464355
1788692033067147500,1.1011474609375,-0.9931120276451111,-0.00376709527336061,0.006504938006401062,0.11692722886800766,0.0120400907471776,-0.009003626182675362,2.9072494506835938
1788692033072147500,1.1061474609375,-0.9931135177612305,-0.0037698247469961643,0.006506886333227158,0.11691464483737946,0.012043438851833344,-0.009009350091218948,2.9072749614715576
1788692033077147400,1.1111474609375,-0.9931134581565857,-0.0037677991203963757,0.006503967568278313,0.11691494286060333,0.012038110755383968,-0.009004647843539715,2.9072742462158203
1788692033082147600,1.116147705078125,-0.9931121468544006,-0.0037710005417466164,0.006502979900687933,0.11692646145820618,0.01203529629856348,-0.009010915644466877,2.9072511196136475
1788692033087147500,1.1211474609375,-0.9931120872497559,-0.0037737456150352955,0.0064996108412742615,0.11692678183317184,0.012027960270643234,-0.009015584364533424,2.90725040435791
1788692033092147500,1.1261474609375,-0.9931159615516663,-0.0037750096525996923,0.006497476249933243,0.11689407378435135,0.01202371995896101,-0.009017199277877808,2.9073164463043213
1788692033097147400,1.1311474609375,-0.9931159615516663,-0.0037753195501863956,0.006498261354863644,0.11689399927854538,0.012025208212435246,-0.009017997421324253,2.9073164463043213
1788692033102147600,1.136147705078125,-0.9931210279464722,-0.003777825040742755,0.006501814816147089,0.11685088276863098,0.012032072991132736,-0.009023282676935196,2.9074034690856934
1788692033107147500,1.1411474609375,-0.9931209683418274,-0.003781339153647423,0.006499440874904394,0.11685109883546829,0.012026535347104073,-0.009029710665345192,2.907402992248535
1788692033112147500,1.1461474609375,-0.9931237697601318,-0.003788742935284972,0.006498878356069326,0.11682732403278351,0.012023905292153358,-0.009043997153639793,2.9074509143829346
1788692033117147400,1.1511474609375,-0.9931237101554871,-0.0037899159360677004,0.0064956010319292545,0.11682762950658798,0.01201711781322956,-0.009045565500855446,2.9074501991271973
1788692033122147600,1.156147705078125,-0.9931214451789856,-0.003790077520534396,0.006497513502836227,0.11684706807136536,0.012020702473819256,-0.009046568535268307,2.9074110984802246
1788692033127147500,1.1611474609375,-0.9931214451789856,-0.003790903137996793,0.006499366369098425,0.11684688925743103,0.012024191208183765,-0.009048639796674252,2.907411575317383
1788692033132147500,1.1661474609375,-0.9931209087371826,-0.0037955979350954294,0.0064991251565515995,0.11685106158256531,0.012022577226161957,-0.009057958610355854,2.9074032306671143
1788692033137147400,1.1711474609375,-0.9931209087371826,-0.0037947397213429213,0.006497827358543873,0.11685118824243546,0.012020198628306389,-0.009055952541530132,2.907402992248535
1788692033142147600,1.176147705078125,-0.9931191802024841,-0.003790945978835225,0.006492281332612038,0.11686623096466064,0.012009930796921253,-0.009047303348779678,2.90737247467041
1788692033147147500,1.1811474609375,-0.9931192398071289,-0.0037906316574662924,0.0064934780821204185,0.11686611920595169,0.012012382969260216,-0.009046957828104496,2.9073727130889893
1788692033152147500,1.1861474609375,-0.9931154251098633,-0.0037886924110352993,0.0064923204481601715,0.1168982982635498,0.01201024278998375,-0.009043223224580288,2.9073078632354736
1788692033157147400,1.1911474609375,-0.9931154251098633,-0.0037881173193454742,0.006490039173513651,0.11689851433038712,0.012005845084786415,-0.009041550569236279,2.9073073863983154
1788692033162147600,1.196147705078125,-0.9931122064590454,-0.003786811837926507,0.006489453837275505,0.11692593991756439,0.012004737742245197,-0.009039151482284069,2.907252311706543
1788692033167147500,1.2011474609375,-0.9931122064590454,-0.0037907990626990795,0.006493829190731049,0.11692553013563156,0.012012500315904617,-0.009048090316355228,2.9072530269622803
1788692033172147500,1.2061474609375,-0.9931054711341858,-0.0037898237351328135,0.0064958371222019196,0.11698281764984131,0.012016194872558117,-0.009047316387295723,2.907137870788574
1788692033177147400,1.2111474609375,-0.9931054711341858,-0.0037852481473237276,0.0064947837963700294,0.11698292940855026,0.012015171349048615,-0.009037981741130352,2.907137393951416
1788692033182147600,1.216147705078125,-0.9931047558784485,-0.003789580427110195,0.006493760738521814,0.11698918044567108,0.012012070044875145,-0.009046423248946667,2.9071249961853027
1788692033187147500,1.2211474609375,-0.9931046962738037,-0.0037909625098109245,0.006492740008980036,0.11698926985263824,0.012009717524051666,-0.009048931300640106,2.9071247577667236
1788692033192147500,1.2261474609375,-0.9931038618087769,-0.00379422795958817,0.006491838023066521,0.11699667572975159,0.012007094919681549,-0.009055295959115028,2.9071099758148193
1788692033197147400,1.2311474609375,-0.9931038618087769,-0.0037929662503302097,0.006492795422673225,0.11699659377336502,0.012009293772280216,-0.009053012356162071,2.9071099758148193
1788692033202147600,1.236147705078125,-0.9931060075759888,-0.003792522707954049,0.006489941850304604,0.1169782355427742,0.012003895826637745,-0.009051241911947727,2.90714693069458
1788692033207147500,1.2411474609375,-0.9931060075759888,-0.0037953522987663746,0.00649035070091486,0.11697819083929062,0.012004045769572258,-0.009056957438588142,2.907147169113159
1788692033212147500,1.2461474609375,-0.993108868598938,-0.003793581621721387,0.006491046864539385,0.11695403605699539,0.01200606394559145,-0.009053311310708523,2.907195806503296
1788692033217147400,1.2511474609375,-0.993108868598938,-0.0037894435226917267,0.006492416374385357,0.11695393174886703,0.012009751051664352,-0.009045409969985485,2.907195806503296
1788692033222147600,1.256147705078125,-0.9931150078773499,-0.003785526379942894,0.0064948792569339275,0.1169019490480423,0.012016032822430134,-0.009037577547132969,2.9073004722595215
1788692033227147500,1.2611474609375,-0.9931150078773499,-0.003778847400099039,0.0064933691173791885,0.11690210551023483,0.012014592997729778,-0.009023959748446941,2.9073002338409424
1788692033232147500,1.2661474609375,-0.9931143522262573,-0.0037791116628795862,0.006496781017631292,0.11690786480903625,0.012021255679428577,-0.009025353007018566,2.9072885513305664
1788692033237147400,1.2711474609375,-0.9931143522262573,-0.003780046943575144,0.006498606409877539,0.11690770089626312,0.01202466432005167,-0.009027634747326374,2.9072890281677246
1788692033242147600,1.276147705078125,-0.9931182861328125,-0.0037817528937011957,0.006501665338873863,0.11687369644641876,0.012030650861561298,-0.00903132651001215,2.9073574542999268
1788692033247147500,1.2811474609375,-0.9931182861328125,-0.0037826336920261383,0.006503670010715723,0.11687352508306503,0.012034428305923939,-0.00903354212641716,2.907357931137085
1788692033252147500,1.2861474609375,-0.9931154251098633,-0.00378693756647408,0.0065050385892391205,0.11689773947000504,0.012035921216011047,-0.009042703546583652,2.907309055328369
1788692033257147400,1.2911474609375,-0.9931154251098633,-0.0037858332507312298,0.00650724396109581,0.11689756065607071,0.012040562927722931,-0.009041023440659046,2.9073095321655273
1788692033262147600,1.296147705078125,-0.9931240081787109,-0.0037809533532708883,0.0065071783028542995,0.11682470887899399,0.012042234651744366,-0.009030432440340519,2.907456159591675
1788692033267147500,1.3011474609375,-0.9931240081787109,-0.0037815237883478403,0.006505094934254885,0.11682488024234772,0.012037960812449455,-0.009031080640852451,2.9074559211730957
1788692033272147500,1.3061474609375,-0.9931181073188782,-0.003778958460316062,0.0065088337287306786,0.11687489598989487,0.012045533396303654,-0.009027465246617794,2.9073550701141357
1788692033277147400,1.3111474609375,-0.993118166923523,-0.0037757973186671734,0.006513106171041727,0.11687455326318741,0.012054760940372944,-0.009022180922329426,2.907355785369873
1788692033282147600,1.316147705078125,-0.9931156039237976,-0.0037750264164060354,0.006516529247164726,0.11689602583646774,0.012061545625329018,-0.00902170967310667,2.9073126316070557
1788692033287147500,1.3211474609375,-0.9931156039237976,-0.0037730231415480375,0.006520287599414587,0.11689572781324387,0.01206948235630989,-0.009018605574965477,2.907313108444214
1788692033292147500,1.3261474609375,-0.9931124448776245,-0.003773375181481242,0.00651947595179081,0.11692258715629578,0.012067544274032116,-0.009019441902637482,2.907258987426758
1788692033297147400,1.3311474609375,-0.9931124448776245,-0.003777253208681941,0.006523603573441505,0.11692223697900772,0.012074840255081654,-0.00902810599654913,2.907259941101074
1788692033302147600,1.336147705078125,-0.9931104779243469,-0.0037778355181217194,0.006526355631649494,0.11693894118070602,0.012080018408596516,-0.009030109271407127,2.907226324081421
1788692033307147500,1.3411474609375,-0.9931104779243469,-0.0037780744023621082,0.0065268403850495815,0.11693889647722244,0.012080925516784191,-0.00903069693595171,2.907226324081421
1788692033312147500,1.3461474609375,-0.9931069016456604,-0.003777420846745372,0.006522764917463064,0.11696969717741013,0.01207270473241806,-0.00902882032096386,2.9071643352508545
1788692033317147400,1.3511474609375,-0.9931069016456604,-0.0037800087593495846,0.006523658987134695,0.11696961522102356,0.012073874473571777,-0.009034167975187302,2.9071645736694336
1788692033322147600,1.356147705078125,-0.9931078553199768,-0.0037798609118908644,0.006524191703647375,0.11696120351552963,0.012075044214725494,-0.009033896028995514,2.90718150138855
1788692033327147500,1.3611474609375,-0.9931078553199768,-0.0037848309148103,0.006530349608510733,0.11696070432662964,0.012086118571460247,-0.009045202285051346,2.907182455062866
1788692033332147500,1.3661474609375,-0.9931110143661499,-0.0037842357996851206,0.006532023660838604,0.11693371087312698,0.012089828960597515,-0.009044082835316658,2.9072368144989014
1788692033337147400,1.3711474609375,-0.9931110143661499,-0.0037830492947250605,0.006532873492687941,0.11693365126848221,0.012091794982552528,-0.0090419240295887,2.9072370529174805
1788692033342147600,1.376147705078125,-0.9931122064590454,-0.003781131934374571,0.00653159199282527,0.11692406982183456,0.012089784257113934,-0.009037699550390244,2.9072563648223877
1788692033347147500,1.3811474609375,-0.9931121468544006,-0.003781636245548725,0.006529522594064474,0.1169242337346077,0.01208555418998003,-0.009038219228386879,2.9072558879852295
1788692033352147500,1.3861474609375,-0.9931087493896484,-0.0037823778111487627,0.006530080921947956,0.1169530376791954,0.012086227536201477,-0.009040173143148422,2.907197952270508
1788692033357147400,1.3911474609375,-0.9931087493896484,-0.0037827312480658293,0.00652749789878726,0.11695323139429092,0.01208101399242878,-0.00904027372598648,2.9071974754333496
1788692033362147600,1.396147705078125,-0.9931097626686096,-0.003780594328418374,0.006529942620545626,0.11694483458995819,0.012086445465683937,-0.009036500006914139,2.907214403152466
1788692033367147500,1.4011474609375,-0.9931097626686096,-0.0037805817555636168,0.006526952609419823,0.1169450581073761,0.012080507352948189,-0.009035778231918812,2.9072139263153076
1788692033372147500,1.4061474609375,-0.9931105971336365,-0.0037872714456170797,0.0065265679731965065,0.11693782359361649,0.012078245170414448,-0.009048888459801674,2.907228708267212
1788692033377147400,1.4111474609375,-0.9931105375289917,-0.003791562281548977,0.006527240388095379,0.11693776398897171,0.012078577652573586,-0.009057566523551941,2.907228708267212
1788692033382147600,1.416147705078125,-0.9931117296218872,-0.003793463110923767,0.006526808720082045,0.11692775040864944,0.01207736786454916,-0.009061119519174099,2.9072489738464355
1788692033387147500,1.4211474609375,-0.9931117296218872,-0.003798570716753602,0.0065239230170845985,0.11692795902490616,0.01207044068723917,-0.009070592932403088,2.9072484970092773
1788692033392147500,1.4261474609375,-0.993109405040741,-0.003801066894084215,0.006522392388433218,0.11694749444723129,0.01206663716584444,-0.00907543022185564,2.9072091579437256
1788692033397147400,1.4311474609375,-0.993109405040741,-0.0038015309255570173,0.006519349757581949,0.1169477254152298,0.012060482986271381,-0.009075643494725227,2.9072086811065674
1788692033402147600,1.436147705078125,-0.9931133985519409,-0.003803978208452463,0.006517401896417141,0.1169138252735138,0.012056351639330387,-0.009079637005925179,2.9072771072387695
1788692033407147500,1.4411474609375,-0.9931133985519409,-0.0038011614233255386,0.00651472108438611,0.11691403388977051,0.012051683850586414,-0.009073417633771896,2.9072766304016113
1788692033412147500,1.4461474609375,-0.9931111931800842,-0.00380259333178401,0.006509831640869379,0.1169329583644867,0.012041463516652584,-0.009075348265469074,2.907238483428955
1788692033417147400,1.4511474609375,-0.9931111931800842,-0.003800221486017108,0.006500758230686188,0.11693362891674042,0.0120239881798625,-0.009068523533642292,2.9072370529174805
1788692033422147600,1.456147705078125,-0.993115246295929,-0.0038006471004337072,0.006502098869532347,0.11689894646406174,0.012026868760585785,-0.009069262072443962,2.9073069095611572
1788692033427147500,1.4611474609375,-0.993115246295929,-0.00380110670812428,0.0065003009513020515,0.11689907312393188,0.01202318910509348,-0.009069757536053658,2.907306432723999
1788692033432147500,1.4661474609375,-0.9931129813194275,-0.003797319484874606,0.006496644113212824,0.1169188842177391,0.012016628868877888,-0.009061618708074093,2.907266616821289
1788692033437147400,1.4711474609375,-0.9931129813194275,-0.0037954829167574644,0.0064944070763885975,0.11691905558109283,0.012012613005936146,-0.009057450108230114,2.907266139984131
1788692033442147600,1.476147705078125,-0.9931104779243469,-0.003794570453464985,0.006492522545158863,0.11694041639566422,0.01200888678431511,-0.009055456146597862,2.9072232246398926
1788692033447147500,1.4811474609375,-0.9931104779243469,-0.003794973948970437,0.006489931605756283,0.11694060266017914,0.012003646232187748,-0.00905565358698368,2.9072227478027344
1788692033452147500,1.4861474609375,-0.9931087493896484,-0.003790188580751419,0.006489991210401058,0.11695517599582672,0.012004749849438667,-0.009046337567269802,2.907193422317505
1788692033457147400,1.4911474609375,-0.9931087493896484,-0.0037863629404455423,0.0064863841980695724,0.11695544421672821,0.011998475529253483,-0.009037898853421211,2.9071927070617676
1788692033462147600,1.496147705078125,-0.9931103587150574,-0.003784573171287775,0.006486974190920591,0.11694178730249405,0.012000191025435925,-0.009034317918121815,2.9072201251983643
1788692033467147500,1.5011474609375,-0.9931104183197021,-0.0037793749943375587,0.0064851525239646435,0.11694192886352539,0.011997785419225693,-0.009023567661643028,2.907219886779785
1788692033472147500,1.5061474609375,-0.9931065440177917,-0.0037794592790305614,0.006486794445663691,0.11697467416524887,0.012000730261206627,-0.009024515748023987,2.907154083251953
1788692033477147400,1.5111474609375,-0.9931065440177917,-0.003774172393605113,0.006487629842013121,0.11697462946176529,0.012003626674413681,-0.009014208801090717,2.907154083251953
1788692033482147600,1.516147705078125,-0.9931049346923828,-0.00376894767396152,0.006486788857728243,0.11698828637599945,0.012003053911030293,-0.00900379940867424,2.9071264266967773
1788692033487147500,1.5211474609375,-0.9931049346923828,-0.0037680251989513636,0.006480084732174873,0.11698875576257706,0.011989948339760303,-0.009000403806567192,2.907125473022461
1788692033492147500,1.5261474609375,-0.9931036233901978,-0.0037665516138076782,0.006477680988609791,0.11699997633695602,0.01198541559278965,-0.008997050113976002,2.9071028232574463
1788692033497147400,1.5311474609375,-0.9931036829948425,-0.0037657693028450012,0.006481125485152006,0.11699973791837692,0.011992443352937698,-0.008996299467980862,2.9071033000946045
1788692033502147600,1.536147705078125,-0.9931033849716187,-0.0037656135391443968,0.0064828116446733475,0.11700188368558884,0.011995809152722359,-0.008996410295367241,2.9070990085601807
1788692033507147500,1.5411474609375,-0.9931033849716187,-0.003763513872399926,0.006481886375695467,0.11700195074081421,0.01199446152895689,-0.008992024697363377,2.9070987701416016
1788692033512147500,1.5461474609375,-0.9931026697158813,-0.0037601192016154528,0.006482766009867191,0.11700830608606339,0.011996946297585964,-0.008985565043985844,2.907086133956909
1788692033517147400,1.5511474609375,-0.9931026697158813,-0.0037608714774250984,0.006485190242528915,0.11700814217329025,0.012001587077975273,-0.008987624198198318,2.9070863723754883
1788692033522147600,1.556147705078125,-0.9931033253669739,-0.003760978812351823,0.006488214712589979,0.11700230091810226,0.012007622979581356,-0.008988474495708942,2.9070982933044434
1788692033527147500,1.5611474609375,-0.9931033253669739,-0.0037649807054549456,0.006489383522421122,0.1170022115111351,0.012009009718894958,-0.008996695280075073,2.9070982933044434
1788692033532147500,1.5661474609375,-0.9931076169013977,-0.003765999572351575,0.006490194704383612,0.11696577072143555,0.012010712176561356,-0.008998468518257141,2.9071717262268066
1788692033537147400,1.5711474609375,-0.9931076169013977,-0.003766012843698263,0.0064898282289505005,0.11696580052375793,0.012009981088340282,-0.008998408913612366,2.9071717262268066
1788692033542147600,1.576147705078125,-0.9931095242500305,-0.003762759966775775,0.006487456150352955,0.11694986373186111,0.012006174772977829,-0.008991200476884842,2.9072039127349854
1788692033547147500,1.5811474609375,-0.9931095242500305,-0.00376156740821898,0.006491220556199551,0.11694961041212082,0.012013932690024376,-0.008989709429442883,2.9072043895721436
1788692033552147500,1.5861474609375,-0.9931067228317261,-0.0037565201055258512,0.006493649911135435,0.11697323620319366,0.01201972458511591,-0.008980538696050644,2.9071567058563232
1788692033557147400,1.5911474609375,-0.9931067228317261,-0.003756547812372446,0.0064965104684233665,0.11697304993867874,0.012025401927530766,-0.008981260471045971,2.9071571826934814
1788692033562147600,1.596147705078125,-0.9931126236915588,-0.0037545831874012947,0.00649422500282526,0.11692308634519577,0.012021772563457489,-0.008976217359304428,2.9072577953338623
1788692033567147500,1.6011474609375,-0.9931126236915588,-0.00375719484873116,0.00649619335308671,0.11692295223474503,0.012025073170661926,-0.008981864899396896,2.9072580337524414
1788692033572147500,1.6061474609375,-0.993110179901123,-0.00375686539337039,0.0065017701126635075,0.11694340407848358,0.012036042287945747,-0.008982761763036251,2.907216787338257
1788692033577147400,1.6111474609375,-0.993110179901123,-0.0037589825224131346,0.0065032681450247765,0.11694329977035522,0.012038524262607098,-0.00898731593042612,2.907217025756836
1788692033582147600,1.616147705078125,-0.9931119680404663,-0.003764472668990493,0.00650444021448493,0.11692817509174347,0.012039707973599434,-0.008998311124742031,2.907247543334961
1788692033587147500,1.6211474609375,-0.9931119084358215,-0.003768481547012925,0.006506645120680332,0.11692802608013153,0.012043151073157787,-0.009006788022816181,2.907248020172119
1788692033592147500,1.6261474609375,-0.9931124448776245,-0.00376956257969141,0.006504075601696968,0.11692386865615845,0.012037832289934158,-0.009008283726871014,2.9072563648223877
1788692033597147400,1.6311474609375,-0.9931124448776245,-0.003773502307012677,0.006507706828415394,0.11692363023757935,0.012044127099215984,-0.009016955271363258,2.907256841659546
1788692033602147600,1.636147705078125,-0.9931119680404663,-0.003777471138164401,0.00650903070345521,0.11692743003368378,0.01204579509794712,-0.009025195613503456,2.9072492122650146
1788692033607147500,1.6411474609375,-0.9931119680404663,-0.0037799847777932882,0.006511142943054438,0.11692729592323303,0.01204940490424633,-0.009030679240822792,2.907249689102173
1788692033612147500,1.6461474609375,-0.9931122660636902,-0.0037836951669305563,0.006509412545710802,0.11692425608634949,0.012045126408338547,-0.009037607349455357,2.9072556495666504
1788692033617147400,1.6511474609375,-0.9931122660636902,-0.003786402754485607,0.006505214609205723,0.11692452430725098,0.012036152184009552,-0.00904200691729784,2.907255172729492
1788692033622147600,1.656147705078125,-0.9931137561798096,-0.00378484302200377,0.0064995987340807915,0.11691248416900635,0.012025470845401287,-0.009037450887262821,2.9072794914245605
1788692033627147500,1.6611474609375,-0.9931137561798096,-0.0037825852632522583,0.006494186352938414,0.1169128343462944,0.012015243992209435,-0.009031705558300018,2.907278537750244
1788692033632147500,1.6661474609375,-0.9931151866912842,-0.003779286053031683,0.006492730230093002,0.11690080165863037,0.01201323326677084,-0.009024666622281075,2.9073028564453125
1788692033637147400,1.6711474609375,-0.9931151866912842,-0.003781188977882266,0.006488155573606491,0.11690109223127365,0.012003698386251926,-0.009027380496263504,2.907302141189575
1788692033642147600,1.676147705078125,-0.9931169748306274,-0.003780557308346033,0.006485772784799337,0.1168857142329216,0.011999253183603287,-0.009025382809340954,2.9073331356048584
1788692033647147500,1.6811474609375,-0.9931169748306274,-0.003781172912567854,0.006482616066932678,0.11688591539859772,0.011992836371064186,-0.009025869891047478,2.9073326587677
1788692033652147500,1.6861474609375,-0.9931153655052185,-0.0037796488031744957,0.006485024932771921,0.11689941585063934,0.011997854337096214,-0.009023568592965603,2.9073054790496826
1788692033657147400,1.6911474609375,-0.9931153655052185,-0.003782417858019471,0.006486278958618641,0.11689934134483337,0.011999700218439102,-0.009029361419379711,2.9073057174682617
1788692033662147600,1.696147705078125,-0.9931167364120483,-0.0037825782783329487,0.006485242396593094,0.11688799411058426,0.01199770625680685,-0.009029300883412361,2.9073286056518555
1788692033667147500,1.7011474609375,-0.9931167364120483,-0.003777232486754656,0.006484301760792732,0.11688806116580963,0.011997085995972157,-0.009018462151288986,2.9073283672332764
1788692033672147500,1.7061474609375,-0.9931193590164185,-0.003774837125092745,0.00647970475256443,0.11686600744724274,0.011988713406026363,-0.009012364782392979,2.9073727130889893
1788692033677147400,1.7111474609375,-0.9930580258369446,-0.003595485584810376,0.010148169472813606,0.11713168025016785,0.01931522972881794,-0.009518539533019066,2.9068684577941895
1788692033682147600,1.716147705078125,-0.992935299873352,-0.0024684309028089046,0.010696242563426495,0.11814791709184647,0.02066011354327202,-0.007429530378431082,2.904805898666382
1788692033687147500,1.7211474609375,-0.9930313229560852,-0.0029758417513221502,0.011331439949572086,0.1172666996717453,0.021809544414281845,-0.008567914366722107,2.906595468521118
1788692033692147500,1.7261474609375,-0.9930071234703064,-0.0031500982586294413,0.01394583284854889,0.11718545109033585,0.026962822303175926,-0.009524782188236713,2.9067862033843994
1788692033697147400,1.7311474609375,-0.9929715394973755,-0.0027816323563456535,0.01435252744704485,0.11744707077741623,0.027854617685079575,-0.00889560580253601,2.9062538146972656
1788692033702147600,1.736147705078125,-0.9930055141448975,-0.0028688847087323666,0.01407510694116354,0.1171908751130104,0.027285391464829445,-0.008996706455945969,2.9067695140838623
1788692033707147500,1.7411474609375,-0.9929857850074768,-0.002990786684677005,0.014682389795780182,0.11728042364120483,0.028462382033467293,-0.00938366912305355,2.906597852706909
1788692033712147500,1.7461474609375,-0.9929705262184143,-0.002815874991938472,0.014701723121106625,0.11741176247596741,0.028540562838315964,-0.009044595062732697,2.9063289165496826
1788692033717147400,1.7511474609375,-0.9930110573768616,-0.002924111671745777,0.013719298876821995,0.11718464642763138,0.026565715670585632,-0.009022855199873447,2.906780242919922
1788692033722147600,1.756147705078125,-0.9930293560028076,-0.003044857643544674,0.013500663451850414,0.1170518547296524,0.02610437013208866,-0.009207951836287975,2.9070487022399902
1788692033727147500,1.7611474609375,-0.9930341839790344,-0.003101026639342308,0.0133171072229743,0.1170305460691452,0.02572680078446865,-0.009276000782847404,2.9070911407470703
1788692033732147500,1.7661474609375,-0.9930316805839539,-0.0032125876750797033,0.012919725850224495,0.11709317564964294,0.02491072751581669,-0.009406165219843388,2.906964063644409
1788692033737147400,1.7711474609375,-0.9930121302604675,-0.003223331179469824,0.01263217069208622,0.11729004234075546,0.024335136637091637,-0.009365006349980831,2.9065651893615723
1788692033742147600,1.776147705078125,-0.9929895401000977,-0.003343904158100486,0.01218383852392435,0.11752497404813766,0.023414060473442078,-0.009504877962172031,2.90609073638916
1788692033747147500,1.7811474609375,-0.9929858446121216,-0.0031814270187169313,0.011396835558116436,0.1176396980881691,0.021887902170419693,-0.008999785408377647,2.905848979949951
1788692033752147500,1.7861474609375,-0.9930118918418884,-0.0033001499250531197,0.011083138175308704,0.11744652688503265,0.02123868092894554,-0.009157655760645866,2.9062376022338867
1788692033757147400,1.7911474609375,-0.9930239915847778,-0.003391769714653492,0.01078924722969532,0.11736886948347092,0.020634137094020844,-0.009268994443118572,2.906393051147461
1788692033762147600,1.796147705078125,-0.9930247664451599,-0.003471749136224389,0.010551759041845798,0.11738145351409912,0.020143525674939156,-0.009372363798320293,2.906367063522339
1788692033767147500,1.8011474609375,-0.993009626865387,-0.0035751694813370705,0.010295253247022629,0.11752922832965851,0.01960834302008152,-0.009520485065877438,2.906069040298462
1788692033772147500,1.8061474609375,-0.9930026531219482,-0.003494205418974161,0.00969089288264513,0.1176418885588646,0.01842585951089859,-0.009219750761985779,2.9058351516723633
1788692033777147400,1.8111474609375,-0.9930189251899719,-0.003534375922754407,0.009335546754300594,0.11753183603286743,0.017711622640490532,-0.00921398214995861,2.9060542583465576
1788692033782147600,1.816147705078125,-0.9930239319801331,-0.003593375440686941,0.009110292419791222,0.11750579625368118,0.01725059002637863,-0.009277773089706898,2.9061055183410645
1788692033787147500,1.8211474609375,-0.9930170774459839,-0.003669016296043992,0.0088780727237463,0.11757878214120865,0.016770880669355392,-0.009374674409627914,2.9059574604034424
1788692033792147500,1.8261474609375,-0.9930075407028198,-0.0037210825830698013,0.008508973754942417,0.11768495291471481,0.0160245131701231,-0.009393020533025265,2.905740976333618
1788692033797147400,1.8311474609375,-0.9930089116096497,-0.003715441795065999,0.008123662322759628,0.11770069599151611,0.015260369516909122,-0.009291389025747776,2.905705690383911
1788692033802147600,1.836147705078125,-0.9930099248886108,-0.003724625799804926,0.007863846607506275,0.11770962923765182,0.014742070809006691,-0.009248614311218262,2.9056854248046875
1788692033807147500,1.8411474609375,-0.993008553981781,-0.0038227185141295195,0.007522877771407366,0.11774022877216339,0.014041464775800705,-0.009363612160086632,2.9056220054626465
1788692033812147500,1.8461474609375,-0.9930078387260437,-0.003805413842201233,0.0072390297427773476,0.11776455491781235,0.013481526635587215,-0.009262746199965477,2.9055702686309814
1788692033817147400,1.8511474609375,-0.9930059909820557,-0.003871356835588813,0.0070053027011454105,0.11779256165027618,0.013001514598727226,-0.009339042007923126,2.9055123329162598
1788692033822147600,1.856147705078125,-0.9930064678192139,-0.0038842863868921995,0.006660149898380041,0.11780812591314316,0.012312783859670162,-0.009283616207540035,2.905478000640869
1788692033827147500,1.8611474609375,-0.9930081367492676,-0.003923438489437103,0.006434673443436623,0.11780495941638947,0.011855756863951683,-0.009308219887316227,2.905482769012451
1788692033832147500,1.8661474609375,-0.9930047392845154,-0.00396780576556921,0.0062033794820308685,0.1178448498249054,0.011385542340576649,-0.009342309087514877,2.9054007530212402
1788692033837147400,1.8711474609375,-0.9930030703544617,-0.0039624967612326145,0.005905664060264826,0.11787417531013489,0.01079520583152771,-0.00926192570477724,2.905339002609253
1788692033842147600,1.876147705078125,-0.993003785610199,-0.004008533898741007,0.00569099560379982,0.11787693947553635,0.010357966646552086,-0.009302787482738495,2.90533185005188
1788692033847147500,1.8811474609375,-0.9930044412612915,-0.004023794084787369,0.005460381507873535,0.11788222193717957,0.009896285831928253,-0.009278787299990654,2.9053192138671875
1788692033852147500,1.8861474609375,-0.9930047988891602,-0.004033895209431648,0.00546445045620203,0.11787869036197662,0.009902020916342735,-0.00929977372288704,2.9053263664245605
1788692033857147400,1.8911474609375,-0.9930046200752258,-0.004031497985124588,0.005481033585965633,0.11787936836481094,0.009935514070093632,-0.009298928081989288,2.905325174331665
1788692033862147600,1.896147705078125,-0.9930043816566467,-0.004030165262520313,0.005484551656991243,0.11788111180067062,0.009942800737917423,-0.009297127835452557,2.9053215980529785
1788692033867147500,1.9011474609375,-0.993004560470581,-0.004024934954941273,0.0054848878644406796,0.11787976324558258,0.009944712743163109,-0.009286805056035519,2.9053244590759277
1788692033872147500,1.9061474609375,-0.9930044412612915,-0.004024628549814224,0.005487004294991493,0.11788097769021988,0.009948978200554848,-0.009286708198487759,2.9053218364715576
1788692033877147400,1.9111474609375,-0.9930046200752258,-0.0040220459923148155,0.005489250645041466,0.1178794801235199,0.009954062290489674,-0.009282093495130539,2.905324935913086
1788692033882147600,1.916147705078125,-0.9930047392845154,-0.004016729537397623,0.0054968977347016335,0.11787787824869156,0.009970517829060555,-0.009273321367800236,2.9053282737731934
1788692033887147500,1.9211474609375,-0.9930049180984497,-0.0040140473283827305,0.005503237247467041,0.11787635087966919,0.009983755648136139,-0.0092694740742445,2.9053313732147217
1788692033892147500,1.9261474609375,-0.993005096912384,-0.004012882709503174,0.00550612760707736,0.11787495017051697,0.009989784099161625,-0.009267827495932579,2.905334234237671
1788692033897147400,1.9311474609375,-0.9930049180984497,-0.00400939304381609,0.005507592111825943,0.11787641048431396,0.00999350193887949,-0.009261257015168667,2.9053311347961426
1788692033902147600,1.936147705078125,-0.9930050373077393,-0.004006151109933853,0.005508250556886196,0.1178753599524498,0.009995582513511181,-0.00925496220588684,2.9053332805633545
1788692033907147500,1.9411474609375,-0.9930049180984497,-0.004004884511232376,0.005504919681698084,0.11787644028663635,0.009989255107939243,-0.009251672774553299,2.9053311347961426
1788692033912147500,1.9461474609375,-0.9930049777030945,-0.004005121532827616,0.0055017792619764805,0.11787642538547516,0.009982963092625141,-0.009251403622329235,2.9053311347961426
1788692033917147400,1.9511474609375,-0.9930047392845154,-0.0040062605403363705,0.005499733611941338,0.117878258228302,0.009978614747524261,-0.009253202006220818,2.905327320098877
1788692033922147600,1.956147705078125,-0.9930045008659363,-0.004010036587715149,0.005497337784618139,0.11788005381822586,0.009972948580980301,-0.009260153397917747,2.9053237438201904
1788692033927147500,1.9611474609375,-0.993004322052002,-0.004010868724435568,0.005494020879268646,0.11788185685873032,0.009966148063540459,-0.009261042810976505,2.905320167541504
1788692033932147500,1.9661474609375,-0.9930041432380676,-0.004013422876596451,0.0054930271580815315,0.1178833544254303,0.009963558986783028,-0.009265895932912827,2.9053170680999756
1788692033937147400,1.9711474609375,-0.993004322052002,-0.004012994468212128,0.00549358269199729,0.11788200587034225,0.009964775294065475,-0.009265162982046604,2.905319929122925
1788692033942147600,1.976147705078125,-0.993004322052002,-0.004016154445707798,0.005491034593433142,0.11788172274827957,0.009958972223103046,-0.009270835667848587,2.905320405960083
1788692033947147500,1.9811474609375,-0.9930041432380676,-0.004015713464468718,0.005491681396961212,0.11788331717252731,0.009960345923900604,-0.009270128794014454,2.9053173065185547
1788692033952147500,1.9861474609375,-0.9930042028427124,-0.004015608690679073,0.005493325646966696,0.11788272857666016,0.009963642805814743,-0.009270302020013332,2.90531849861145
1788692033957147400,1.9911474609375,-0.9930046796798706,-0.004012795630842447,0.005496028810739517,0.11787864565849304,0.009969712235033512,-0.009265310131013393,2.9053266048431396
1788692033962147600,1.996147705078125,-0.9930048584938049,-0.004009229596704245,0.005495860707014799,0.11787724494934082,0.009970230981707573,-0.009258175268769264,2.905329465866089
1788692033967147500,2.0011474609375,-0.9930050373077393,-0.004004840273410082,0.0054972730576992035,0.11787588894367218,0.009974083863198757,-0.009249777533113956,2.905332088470459
1788692033972147500,2.0061474609375,-0.993005096912384,-0.004003153648227453,0.005496921483427286,0.11787562072277069,0.00997378583997488,-0.009246340952813625,2.905332565307617
1788692033977147400,2.0111474609375,-0.9930049180984497,-0.004001336172223091,0.005495978984981775,0.1178772822022438,0.009972326457500458,-0.009242527186870575,2.9053292274475098
1788692033982147600,2.016147705078125,-0.9930047392845154,-0.003999642096459866,0.0054962001740932465,0.11787888407707214,0.009973150677978992,-0.00923923123627901,2.9053261280059814
1788692033987147500,2.0211474609375,-0.993004560470581,-0.003996438812464476,0.0054956721141934395,0.11788052320480347,0.009972840547561646,-0.009232760407030582,2.905322790145874
1788692033992147500,2.0261474609375,-0.993004322052002,-0.003997155465185642,0.005495822057127953,0.1178821325302124,0.009972954168915749,-0.009234234690666199,2.9053194522857666
1788692033997147400,2.0311474609375,-0.9930041432380676,-0.003999313339591026,0.0055005475878715515,0.11788363009691238,0.009981818497180939,-0.009239649400115013,2.9053165912628174
1788692034002147600,2.036147705078125,-0.9930039644241333,-0.003999250940978527,0.005501861218363047,0.11788515746593475,0.009984428063035011,-0.009239851497113705,2.905313491821289
1788692034007147500,2.0411474609375,-0.9930037260055542,-0.003998465370386839,0.005503077059984207,0.11788669973611832,0.009987011551856995,-0.0092385932803154,2.9053103923797607
1788692034012147500,2.0461474609375,-0.9930035471916199,-0.003997026942670345,0.005506287794560194,0.11788824945688248,0.009993713349103928,-0.00923650898039341,2.9053072929382324
1788692034017147400,2.0511474609375,-0.9930033683776855,-0.003995788749307394,0.00550790736451745,0.11788979172706604,0.009997209534049034,-0.009234447032213211,2.905304193496704
1788692034022147600,2.056147705078125,-0.9930035471916199,-0.0039964597672224045,0.005510314367711544,0.11788826435804367,0.01000184565782547,-0.009236331097781658,2.9053072929382324
1788692034027147500,2.0611474609375,-0.9930034279823303,-0.0039946772158145905,0.005511991214007139,0.11788925528526306,0.0100055867806077,-0.009233197197318077,2.9053051471710205
1788692034032147500,2.0661474609375,-0.9930036067962646,-0.003992450423538685,0.005513524170964956,0.11788774281740189,0.010009169578552246,-0.009229120798408985,2.905308246612549
1788692034037147400,2.0711474609375,-0.993003785610199,-0.003992623649537563,0.00551613699644804,0.1178862601518631,0.010014332830905914,-0.00923006609082222,2.905311346054077
1788692034042147600,2.076147705078125,-0.9930039048194885,-0.003996444866061211,0.005520585924386978,0.11788477003574371,0.010022283531725407,-0.009238687343895435,2.9053144454956055
1788692034047147500,2.0811474609375,-0.9930040240287781,-0.004002384375780821,0.005525188520550728,0.11788327246904373,0.01003003865480423,-0.009251554496586323,2.905317544937134
1788692034052147500,2.0861474609375,-0.9930038452148438,-0.004002338275313377,0.00552832568064332,0.11788485944271088,0.010036265477538109,-0.009252218529582024,2.9053144454956055
1788692034057147400,2.0911474609375,-0.9930039644241333,-0.003998851403594017,0.005530951544642448,0.11788347363471985,0.010042314417660236,-0.009245897643268108,2.9053170680999756
1788692034062147600,2.096147705078125,-0.9930041432380676,-0.003999257925897837,0.005535322707146406,0.11788198351860046,0.010050914250314236,-0.009247721172869205,2.905320167541504
1788692034067147500,2.1011474609375,-0.993004322052002,-0.00399745162576437,0.005537914112210274,0.11788050830364227,0.01005650032311678,-0.009244728833436966,2.905323028564453
1788692034072147500,2.1061474609375,-0.9930045008659363,-0.0039960541762411594,0.005538249388337135,0.11787906289100647,0.010057508945465088,-0.00924201775342226,2.9053261280059814
1788692034077147400,2.1111474609375,-0.993004322052002,-0.003996404353529215,0.00553904427215457,0.11788006871938705,0.010058995336294174,-0.009242910891771317,2.9053239822387695
1788692034082147600,2.116147705078125,-0.9930045008659363,-0.00399401830509305,0.005540737882256508,0.11787864565849304,0.010062934830784798,-0.00923855695873499,2.9053268432617188
1788692034087147500,2.1211474609375,-0.9930046796798706,-0.003991566598415375,0.005541054531931877,0.11787720769643784,0.010064154863357544,-0.009233747608959675,2.905329704284668
1788692034092147500,2.1261474609375,-0.9930047392845154,-0.003991756122559309,0.005542593542486429,0.11787667125463486,0.010067173279821873,-0.009234481491148472,2.9053308963775635
1788692034097147400,2.1311474609375,-0.9930047392845154,-0.0039913235232234,0.005544770509004593,0.11787685006856918,0.010071597062051296,-0.009234138764441013,2.9053304195404053
1788692034102147600,2.136147705078125,-0.9930049180984497,-0.0039888350293040276,0.005544597748667002,0.11787543445825577,0.01007185410708189,-0.009229140356183052,2.9053332805633545
1788692034107147500,2.1411474609375,-0.993005096912384,-0.003983632195740938,0.005547130946069956,0.11787401139736176,0.010078122839331627,-0.009219389408826828,2.9053361415863037
1788692034112147500,2.1461474609375,-0.9930049180984497,-0.003979944158345461,0.0055493018589913845,0.11787554621696472,0.010083290748298168,-0.009212592616677284,2.9053330421447754
1788692034117147400,2.1511474609375,-0.9930047392845154,-0.003975055646151304,0.005551054608076811,0.11787687242031097,0.010087911039590836,-0.009203311055898666,2.9053304195404053
1788692034122147600,2.156147705078125,-0.9930047988891602,-0.003974405117332935,0.005553048104047775,0.1178763210773468,0.010092029348015785,-0.009202481247484684,2.905331611633301
1788692034127147500,2.1611474609375,-0.9930047988891602,-0.003974052146077156,0.005552545189857483,0.11787660419940948,0.010091111063957214,-0.00920166540890932,2.9053308963775635
1788692034132147500,2.1661474609375,-0.9930049180984497,-0.003973248414695263,0.005553502589464188,0.11787524074316025,0.010093213990330696,-0.009200281463563442,2.9053337574005127
1788692034137147400,2.1711474609375,-0.993005096912384,-0.00397226307541132,0.00555322365835309,0.11787387728691101,0.010092904791235924,-0.009198244661092758,2.905336380004883
1788692034142147600,2.176147705078125,-0.9930049180984497,-0.003969583660364151,0.005550680216401815,0.11787544190883636,0.01008847076445818,-0.009192340075969696,2.9053332805633545
1788692034147147500,2.1811474609375,-0.993005096912384,-0.003967974800616503,0.005549401976168156,0.11787411570549011,0.010086322203278542,-0.009188828989863396,2.9053359031677246
1788692034152147500,2.1861474609375,-0.9930052161216736,-0.003963393159210682,0.00555037846788764,0.11787357181310654,0.010089347139000893,-0.009179954417049885,2.90533709526062
1788692034157147400,2.1911474609375,-0.9930049777030945,-0.003962105140089989,0.005549485795199871,0.11787524819374084,0.010087861679494381,-0.009177202358841896,2.9053335189819336
1788692034162147600,2.196147705078125,-0.9930050373077393,-0.003960322588682175,0.005550116300582886,0.11787513643503189,0.01008953619748354,-0.009173810482025146,2.9053337574005127
1788692034167147500,2.2011474609375,-0.9930051565170288,-0.003959396854043007,0.005549781955778599,0.11787378042936325,0.010089101269841194,-0.009171878919005394,2.905336380004883
1788692034172147500,2.2061474609375,-0.9930053353309631,-0.003956894390285015,0.005552425980567932,0.11787237226963043,0.010094954632222652,-0.009167518466711044,2.905339241027832
1788692034177147400,2.2111474609375,-0.9930051565170288,-0.003958392422646284,0.005552196875214577,0.11787402629852295,0.010094133205711842,-0.009170456789433956,2.9053359031677246
1788692034182147600,2.216147705078125,-0.9930049180984497,-0.003959633409976959,0.005553435999900103,0.11787571012973785,0.010096285492181778,-0.009173229336738586,2.905332565307617
1788692034187147500,2.2211474609375,-0.9930047392845154,-0.0039610061794519424,0.005552730523049831,0.1178772896528244,0.01009454671293497,-0.009175806306302547,2.905329465866089
1788692034192147500,2.2261474609375,-0.993004560470581,-0.003965223673731089,0.00555231049656868,0.11787885427474976,0.010092704556882381,-0.009184099733829498,2.9053263664245605
1788692034197147400,2.2311474609375,-0.993004322052002,-0.003968699835240841,0.005555040668696165,0.1178804412484169,0.010097292251884937,-0.00919166300445795,2.9053232669830322
1788692034202147600,2.236147705078125,-0.9930041432380676,-0.003969068173319101,0.0055571324191987514,0.1178821250796318,0.010101345367729664,-0.009192905388772488,2.905319929122925
1788692034207147500,2.2411474609375,-0.9930039048194885,-0.00396773824468255,0.005558718927204609,0.1178838312625885,0.010104794055223465,-0.009190655313432217,2.9053163528442383
1788692034212147500,2.2461474609375,-0.9930036664009094,-0.00396948866546154,0.0055604903027415276,0.11788548529148102,0.010107883252203465,-0.009194565005600452,2.905313014984131
1788692034217147400,2.2511474609375,-0.9930036664009094,-0.0039701820351183414,0.005559091921895742,0.11788597702980042,0.01010493841022253,-0.009195618331432343,2.9053120613098145
1788692034222147600,2.256147705078125,-0.9930036067962646,-0.0039716241881251335,0.0055577754974365234,0.11788633465766907,0.010101980529725552,-0.009198175743222237,2.905311346054077
1788692034227147500,2.2611474609375,-0.9930034279823303,-0.003970473073422909,0.005556859541684389,0.11788800358772278,0.010100417770445347,-0.009195690974593163,2.9053080081939697
1788692034232147500,2.2661474609375,-0.993003249168396,-0.003968778531998396,0.005556667689234018,0.11788962781429291,0.010100421495735645,-0.009192296303808689,2.9053046703338623
1788692034237147400,2.2711474609375,-0.9930033683776855,-0.003969783429056406,0.005559554323554039,0.11788836866617203,0.010105928406119347,-0.009194958955049515,2.9053072929382324
1788692034242147600,2.276147705078125,-0.993003249168396,-0.003969203215092421,0.005560443736612797,0.11788931488990784,0.010107822716236115,-0.009194026701152325,2.9053053855895996
1788692034247147500,2.2811474609375,-0.9930034279823303,-0.003966523800045252,0.005562040954828262,0.11788791418075562,0.010111639276146889,-0.009189068339765072,2.905308246612549
1788692034252147500,2.2861474609375,-0.9930036067962646,-0.003964645322412252,0.005562297068536282,0.11788647621870041,0.01011260412633419,-0.009185383096337318,2.905311107635498
1788692034257147400,2.2911474609375,-0.993003785610199,-0.003964398056268692,0.005560756660997868,0.11788500100374222,0.010109617374837399,-0.009184514172375202,2.9053139686584473
1788692034262147600,2.296147705078125,-0.9930039048194885,-0.0039665172807872295,0.005561646074056625,0.11788351088762283,0.010110897943377495,-0.00918891653418541,2.9053170680999756
1788692034267147500,2.3011474609375,-0.9930041432380676,-0.003965513780713081,0.005563538521528244,0.11788178235292435,0.010114909149706364,-0.009187351912260056,2.905320644378662
1788692034272147500,2.3061474609375,-0.9930042624473572,-0.003965196665376425,0.005565242376178503,0.117880679666996,0.010118378326296806,-0.00918711256235838,2.905322790145874
1788692034277147400,2.3111474609375,-0.9930042028427124,-0.003963958006352186,0.005568245425820351,0.1178809180855751,0.01012463215738535,-0.009185363538563251,2.905322313308716
1788692034282147600,2.316147705078125,-0.9930042028427124,-0.003956548869609833,0.005574319511651993,0.11788083612918854,0.010138442739844322,-0.009172078222036362,2.905322551727295
1788692034287147500,2.3211474609375,-0.9930042624473572,-0.003951677121222019,0.0055815004743635654,0.11788014322519302,0.010153859853744507,-0.00916408933699131,2.9053239822387695
1788692034292147500,2.3261474609375,-0.9930041432380676,-0.003948806319385767,0.005589462351053953,0.11788102984428406,0.010170341469347477,-0.00916027370840311,2.9053220748901367
1788692034297147400,2.3311474609375,-0.9930039644241333,-0.003946481738239527,0.0055971466936171055,0.11788216233253479,0.010186141356825829,-0.009157479740679264,2.905319929122925
1788692034302147600,2.336147705078125,-0.9930041432380676,-0.003940705209970474,0.005602999124675989,0.11788040399551392,0.010199141688644886,-0.009147368371486664,2.9053235054016113
1788692034307147500,2.3411474609375,-0.9930042028427124,-0.003937398549169302,0.005608076695352793,0.11787979304790497,0.010210011154413223,-0.009141991846263409,2.905324697494507
1788692034312147500,2.3461474609375,-0.9930042028427124,-0.003938769921660423,0.005616349168121815,0.11787956953048706,0.010226122103631496,-0.00914666336029768,2.905325174331665
1788692034317147400,2.3511474609375,-0.9930041432380676,-0.0039395857602357864,0.005626808851957321,0.11787975579500198,0.01024670246988535,-0.009150751866400242,2.905324935913086
1788692034322147600,2.356147705078125,-0.9930042028427124,-0.003939108923077583,0.005635413806885481,0.1178785189986229,0.010263916105031967,-0.009151819162070751,2.905327558517456
1788692034327147500,2.3611474609375,-0.9930043816566467,-0.00394187169149518,0.005638598930090666,0.11787671595811844,0.010269607417285442,-0.009158038534224033,2.9053311347961426
1788692034332147500,2.3661474609375,-0.993004560470581,-0.003941879607737064,0.005643315147608519,0.11787518113851547,0.01027898769825697,-0.009159151464700699,2.90533447265625
1788692034337147400,2.3711474609375,-0.9930047392845154,-0.003937761299312115,0.0056431288830935955,0.11787377297878265,0.010279602371156216,-0.009150912053883076,2.90533709526062
1788692034342147600,2.376147705078125,-0.9930047392845154,-0.003937141504138708,0.0056465608067810535,0.11787372827529907,0.010286564007401466,-0.009150490164756775,2.905337333679199
1788692034347147500,2.3811474609375,-0.993004560470581,-0.003937868867069483,0.0056496853940188885,0.11787522584199905,0.010292585007846355,-0.009152687154710293,2.905334234237671
1788692034352147500,2.3861474609375,-0.993004560470581,-0.003934094216674566,0.005649971310049295,0.11787521839141846,0.010294042527675629,-0.009145257994532585,2.905334234237671
1788692034357147400,2.3911474609375,-0.993004560470581,-0.003930258098989725,0.005651112180203199,0.11787515133619308,0.01029721274971962,-0.009137907065451145,2.90533447265625
1788692034362147600,2.396147705078125,-0.993004560470581,-0.003927796613425016,0.005651478655636311,0.11787513643503189,0.010298521257936954,-0.009133104234933853,2.90533447265625
1788692034367147500,2.4011474609375,-0.9930046200752258,-0.0039213248528540134,0.005653835833072662,0.11787500232458115,0.010304728522896767,-0.009120806120336056,2.905334711074829
1788692034372147500,2.4061474609375,-0.9930046200752258,-0.003915824927389622,0.00566019956022501,0.1178746446967125,0.010318667627871037,-0.009111378341913223,2.9053354263305664
1788692034377147400,2.4111474609375,-0.9930046200752258,-0.003914662636816502,0.005666093435138464,0.11787430197000504,0.010330649092793465,-0.00911045540124178,2.9053361415863037
1788692034382147600,2.416147705078125,-0.9930046796798706,-0.003911964129656553,0.005668210331350565,0.11787418276071548,0.01033549103885889,-0.009105593897402287,2.905336380004883
1788692034387147500,2.4211474609375,-0.9930046796798706,-0.003912751562893391,0.005673050880432129,0.1178738996386528,0.010344923473894596,-0.00910829659551382,2.905336856842041
1788692034392147500,2.4261474609375,-0.9930046796798706,-0.003912496380507946,0.005677796900272369,0.11787362396717072,0.010354411788284779,-0.009108904749155045,2.9053375720977783
1788692034397147400,2.4311474609375,-0.9930046796798706,-0.003912493120878935,0.005679361522197723,0.11787352710962296,0.01035752147436142,-0.009109266102313995,2.9053378105163574
1788692034402147600,2.436147705078125,-0.9930046796798706,-0.003911528270691633,0.005677417386323214,0.1178736463189125,0.010353886522352695,-0.009106893092393875,2.9053375720977783
1788692034407147500,2.4411474609375,-0.9930046796798706,-0.0039102970622479916,0.00567884836345911,0.11787356436252594,0.010357018560171127,-0.009104784578084946,2.9053375720977783
1788692034412147500,2.4461474609375,-0.9930046796798706,-0.003910449333488941,0.005677930079400539,0.11787361651659012,0.01035515870898962,-0.009104871191084385,2.9053375720977783
1788692034417147400,2.4511474609375,-0.9930046796798706,-0.0039097960107028484,0.005676763132214546,0.11787368357181549,0.010352994315326214,-0.009103299118578434,2.905337333679199
1788692034422147600,2.456147705078125,-0.9930046796798706,-0.00390775129199028,0.005674661602824926,0.11787381023168564,0.010349300689995289,-0.00909874401986599,2.90533709526062
1788692034427147500,2.4611474609375,-0.9930046796798706,-0.0039057161193341017,0.005678568035364151,0.11787358671426773,0.010357541963458061,-0.009095621295273304,2.9053375720977783
1788692034432147500,2.4661474609375,-0.9930046796798706,-0.003904466750100255,0.005680235102772713,0.11787348985671997,0.010361148975789547,-0.009093531407415867,2.9053378105163574
1788692034437147400,2.4711474609375,-0.9930047392845154,-0.0039004716090857983,0.005682406947016716,0.11787337064743042,0.010366403497755527,-0.009086107835173607,2.9053380489349365
1788692034442147600,2.476147705078125,-0.9930047392845154,-0.003899755422025919,0.005685944575816393,0.1178731620311737,0.010373600758612156,-0.009085516445338726,2.9053385257720947
1788692034447147500,2.4811474609375,-0.9930047392845154,-0.003896786132827401,0.005689750891178846,0.1178729459643364,0.01038186252117157,-0.009080514311790466,2.905339002609253
1788692034452147500,2.4861474609375,-0.9929553866386414,-0.003891476197168231,0.005695377476513386,0.11828801035881042,0.010390495881438255,-0.009075638838112354,2.9045028686523438
1788692034457147400,2.4911474609375,-0.9929553866386414,-0.003890781430527568,0.005698876921087503,0.11828780174255371,0.010397612117230892,-0.009075084701180458,2.904503345489502
1788692034462147600,2.496147705078125,-0.9929041266441345,-0.0038872535806149244,0.005704029463231564,0.11871707439422607,0.010404758155345917,-0.009073796682059765,2.9036388397216797
1788692034467147500,2.5011474609375,-0.9929041266441345,-0.0038871061988174915,0.00570674566552043,0.11871691048145294,0.0104101886972785,-0.00907414685934782,2.903639078140259
1788692034472147500,2.5061474609375,-0.9928522109985352,-0.00388351920992136,0.005709769669920206,0.11915021389722824,0.010413086973130703,-0.009072287008166313,2.902766227722168
1788692034477147400,2.5111474609375,-0.9928522109985352,-0.003881990211084485,0.0057124607264995575,0.1191500574350357,0.01041879691183567,-0.009069889783859253,2.902766466140747
1788692034482147600,2.516147705078125,-0.9928029179573059,-0.0038808139506727457,0.005722582805901766,0.11955993622541428,0.010435433126986027,-0.009074274450540543,2.9019410610198975
1788692034487147500,2.5211474609375,-0.9928029179573059,-0.003880050964653492,0.005724289920181036,0.11955983191728592,0.010439005680382252,-0.009073167107999325,2.9019412994384766
1788692034492147500,2.5261474609375,-0.9927546977996826,-0.0038792539853602648,0.005728297866880894,0.11995925009250641,0.010443503968417645,-0.009076744318008423,2.901136636734009
1788692034497147400,2.5311474609375,-0.9927546977996826,-0.003881175071001053,0.005733974743634462,0.11995889246463776,0.01045431848615408,-0.009081916883587837,2.901137351989746
1788692034502147600,2.536147705078125,-0.9927070140838623,-0.0038763778284192085,0.005739436484873295,0.12035275250673294,0.010462713427841663,-0.00907785352319479,2.900343894958496
1788692034507147500,2.5411474609375,-0.9927070140838623,-0.0038793787825852633,0.00574599439278245,0.12035234272480011,0.010475017130374908,-0.00908538606017828,2.9003448486328125
1788692034512147500,2.5461474609375,-0.9926566481590271,-0.003878566902130842,0.00575623195618391,0.12076669186353683,0.010491746477782726,-0.009090617299079895,2.899510145187378
1788692034517147400,2.5511474609375,-0.9926566481590271,-0.003878733143210411,0.005760223139077425,0.12076643854379654,0.01049963291734457,-0.009091908112168312,2.899510622024536
1788692034522147600,2.556147705078125,-0.992607057094574,-0.0038744406774640083,0.00576935475692153,0.1211729496717453,0.010515077970921993,-0.009089898318052292,2.8986916542053223
1788692034527147500,2.5611474609375,-0.9926071166992188,-0.0038735324051231146,0.005776876118034124,0.1211724802851677,0.01053023524582386,-0.009089913219213486,2.8986926078796387
1788692034532147500,2.5661474609375,-0.9925590753555298,-0.0038748059887439013,0.005786858964711428,0.12156462669372559,0.010546152479946613,-0.009099028073251247,2.897902488708496
1788692034537147400,2.5711474609375,-0.9925590753555298,-0.0038785471115261316,0.0057901134714484215,0.12156441062688828,0.010551705956459045,-0.00910724326968193,2.8979032039642334
1788692034542147600,2.576147705078125,-0.9925124049186707,-0.003875377355143428,0.00579530093818903,0.1219446212053299,0.01055928785353899,-0.009106257930397987,2.897136926651001
1788692034547147500,2.5811474609375,-0.9925124049186707,-0.003878485644236207,0.005796532146632671,0.12194453179836273,0.010560975410044193,-0.009112726897001266,2.89713716506958
1788692034552147500,2.5861474609375,-0.9924668073654175,-0.003876639297232032,0.0057992818765342236,0.12231490761041641,0.010563482530415058,-0.009113674983382225,2.896390914916992
1788692034557147400,2.5911474609375,-0.9924668669700623,-0.003874941496178508,0.005802892614156008,0.12231467664241791,0.010571069084107876,-0.009111185558140278,2.8963913917541504
1788692034562147600,2.596147705078125,-0.992419421672821,-0.0038703198079019785,0.005807936657220125,0.12269868701696396,0.010578688234090805,-0.009107339195907116,2.8956174850463867
1788692034567147500,2.6011474609375,-0.992419421672821,-0.00386701337993145,0.005811333656311035,0.12269847095012665,0.010586243122816086,-0.009101607836782932,2.895617961883545
1788692034572147500,2.6061474609375,-0.9923710227012634,-0.0038616058882325888,0.00581494253128767,0.12308955937623978,0.010591150261461735,-0.00909593515098095,2.894829750061035
1788692034577147400,2.6111474609375,-0.9923710227012634,-0.0038557995576411486,0.005818983539938927,0.12308930605649948,0.010600602254271507,-0.009085401892662048,2.8948302268981934
1788692034582147600,2.616147705078125,-0.9923238158226013,-0.003849482862278819,0.005822987761348486,0.1234695091843605,0.010606626980006695,-0.009077914990484715,2.894063949584961
1788692034587147500,2.6211474609375,-0.9923238158226013,-0.0038450774736702442,0.005824546795338392,0.12346941232681274,0.010610808618366718,-0.009069555439054966,2.89406418800354
1788692034592147500,2.6261474609375,-0.9922769069671631,-0.003842548932880163,0.00583175104111433,0.12384555488824844,0.010622294619679451,-0.009070342406630516,2.893306016921997
1788692034597147400,2.6311474609375,-0.9922769069671631,-0.003844296559691429,0.005836934316903353,0.12384520471096039,0.010632152669131756,-0.00907509122043848,2.8933067321777344
1788692034602147600,2.636147705078125,-0.9922347664833069,-0.0038427107501775026,0.005840509198606014,0.1241825744509697,0.010636555962264538,-0.009076446294784546,2.8926267623901367
1788692034607147500,2.6411474609375,-0.9922347664833069,-0.0038404730148613453,0.005836658179759979,0.12418284267187119,0.01062946580350399,-0.009071052074432373,2.8926262855529785
1788692034612147500,2.6461474609375,-0.9921939969062805,-0.003841280471533537,0.005838809069246054,0.12450770288705826,0.010630562901496887,-0.009076668880879879,2.8919713497161865
1788692034617147400,2.6511474609375,-0.9921940565109253,-0.0038398446049541235,0.005839954596012831,0.12450762838125229,0.01063319481909275,-0.009074104949831963,2.8919715881347656
1788692034622147600,2.656147705078125,-0.9921537637710571,-0.0038366983644664288,0.005845719017088413,0.12482777237892151,0.010642490349709988,-0.00907273031771183,2.8913261890411377
1788692034627147500,2.6611474609375,-0.9921538233757019,-0.003835580311715603,0.005847782362252474,0.12482763081789017,0.010646865703165531,-0.009071025997400284,2.891326665878296
1788692034632147500,2.6661474609375,-0.9921095371246338,-0.0038352138362824917,0.005854169838130474,0.125178724527359,0.01065642200410366,-0.009075663983821869,2.8906188011169434
1788692034637147400,2.6711474609375,-0.9921095371246338,-0.0038317625876516104,0.005859423894435167,0.12517836689949036,0.010667714290320873,-0.00907012727111578,2.8906195163726807
1788692034642147600,2.676147705078125,-0.9920619130134583,-0.0038292300887405872,0.0058617726899683475,0.1255553811788559,0.01066956389695406,-0.009069745428860188,2.889859676361084
1788692034647147500,2.6811474609375,-0.9920619130134583,-0.003823149250820279,0.0058669294230639935,0.12555503845214844,0.01068132370710373,-0.009058970026671886,2.889860153198242
1788692034652147500,2.6861474609375,-0.9920185804367065,-0.003816793439909816,0.005872287321835756,0.12589704990386963,0.010690432041883469,-0.009051390923559666,2.8891706466674805
1788692034657147400,2.6911474609375,-0.9920185804367065,-0.0038157461676746607,0.005869719665497541,0.12589722871780396,0.010685598477721214,-0.009048668667674065,2.8891704082489014
1788692034662147600,2.696147705078125,-0.991974413394928,-0.0038124031852930784,0.005876558367162943,0.1262447088956833,0.010696841403841972,-0.00904750544577837,2.888469934463501
1788692034667147500,2.7011474609375,-0.991974413394928,-0.003811964998021722,0.0058753532357513905,0.12624479830265045,0.010694559663534164,-0.009046331979334354,2.888469696044922
1788692034672147500,2.7061474609375,-0.9919303059577942,-0.0038156004156917334,0.005876321345567703,0.12659035623073578,0.010692408308386803,-0.009057514369487762,2.887773036956787
1788692034677147400,2.7111474609375,-0.9919303059577942,-0.0038141636177897453,0.005870205815881491,0.1265908032655716,0.010680634528398514,-0.009053121320903301,2.8877720832824707
1788692034682147600,2.716147705078125,-0.991889238357544,-0.003811045316979289,0.005870722234249115,0.12691254913806915,0.010679513216018677,-0.009050530381500721,2.8871233463287354
1788692034687147500,2.7211474609375,-0.9918891787528992,-0.003815530799329281,0.005871024448424578,0.12691251933574677,0.010678973980247974,-0.009059504605829716,2.8871233463287354
1788692034692147500,2.7261474609375,-0.9918442964553833,-0.0038135924842208624,0.005872645881026983,0.12726277112960815,0.010679484345018864,-0.009059842675924301,2.8864171504974365
1788692034697147400,2.7311474609375,-0.9918442964553833,-0.0038146250881254673,0.005874816793948412,0.12726260721683502,0.010683530010282993,-0.009062441065907478,2.8864173889160156
1788692034702147600,2.736147705078125,-0.9918023943901062,-0.003813966177403927,0.00587501609697938,0.1275891214609146,0.010681110434234142,-0.00906470138579607,2.885759115219116
1788692034707147500,2.7411474609375,-0.9918023943901062,-0.0038140672259032726,0.00587784918025136,0.1275889277458191,0.010686706751585007,-0.00906562339514494,2.8857593536376953
1788692034712147500,2.7461474609375,-0.9917558431625366,-0.0038156358059495687,0.005878109950572252,0.12795022130012512,0.010683519765734673,-0.00907269399613142,2.88503098487854
1788692034717147400,2.7511474609375,-0.9917558431625366,-0.003817135002464056,0.005883764009922743,0.1279498040676117,0.010694355703890324,-0.009077109396457672,2.8850317001342773
1788692034722147600,2.756147705078125,-0.9917119741439819,-0.0038114769849926233,0.005897054448723793,0.1282891184091568,0.010719063691794872,-0.009072955697774887,2.884347677230835
1788692034727147500,2.7611474609375,-0.9917119741439819,-0.0038102068938314915,0.005897246766835451,0.1282891035079956,0.010719770565629005,-0.009070485830307007,2.884347677230835
1788692034732147500,2.7661474609375,-0.991669774055481,-0.003807708155363798,0.005903317593038082,0.1286146491765976,0.010729474946856499,-0.00907060969620943,2.8836910724639893
1788692034737147400,2.7711474609375,-0.991669774055481,-0.0038055453915148973,0.005903190467506647,0.1286146640777588,0.010729779489338398,-0.009066286496818066,2.8836910724639893
1788692034742147600,2.776147705078125,-0.9916267395019531,-0.0037986368406563997,0.005905097350478172,0.1289459764957428,0.010732313618063927,-0.00905666034668684,2.8830227851867676
1788692034747147500,2.7811474609375,-0.9916267991065979,-0.0037972452118992805,0.005906195845454931,0.12894590198993683,0.010734852403402328,-0.009054183028638363,2.8830230236053467
1788692034752147500,2.7861474609375,-0.991584837436676,-0.003792561823502183,0.005910768173635006,0.12926769256591797,0.010742191225290298,-0.009049559943377972,2.882373809814453
1788692034757147400,2.7911474609375,-0.9915848970413208,-0.003783181309700012,0.005912887863814831,0.12926757335662842,0.010748820379376411,-0.009031503461301327,2.8823740482330322
1788692034762147600,2.796147705078125,-0.9915436506271362,-0.0037837589625269175,0.005912234075367451,0.12958383560180664,0.010744494386017323,-0.009035907685756683,2.8817362785339355
1788692034767147500,2.8011474609375,-0.9915435910224915,-0.003786811139434576,0.005910791922360659,0.1295839250087738,0.01074084173887968,-0.009041586890816689,2.8817360401153564
1788692034772147500,2.8061474609375,-0.9914999008178711,-0.0037838080897927284,0.0059158774092793465,0.12991777062416077,0.010748662054538727,-0.009040568955242634,2.8810627460479736
1788692034777147400,2.8111474609375,-0.9914999008178711,-0.0037829193752259016,0.005918644368648529,0.12991756200790405,0.01075438130646944,-0.00903952307999134,2.881063222885132
1788692034782147600,2.816147705078125,-0.9914596676826477,-0.003782986430451274,0.005923368968069553,0.1302242875099182,0.010760936886072159,-0.009044213220477104,2.8804445266723633
1788692034787147500,2.8211474609375,-0.9914596676826477,-0.0037868975196033716,0.005926711484789848,0.13022401928901672,0.010766549967229366,-0.009052836336195469,2.8804450035095215
1788692034792147500,2.8261474609375,-0.9914219379425049,-0.003782502608373761,0.00592816574499011,0.13051091134548187,0.010767959989607334,-0.00904761627316475,2.879866361618042
1788692034797147400,2.8311474609375,-0.9914219379425049,-0.00378675595857203,0.005931735970079899,0.130510613322258,0.010773932561278343,-0.009056978859007359,2.8798670768737793
1788692034802147600,2.836147705078125,-0.9913845062255859,-0.003783810418099165,0.005934729240834713,0.13079459965229034,0.010778043419122696,-0.009055007249116898,2.8792941570281982
1788692034807147500,2.8411474609375,-0.9913845062255859,-0.0037845573388040066,0.005934583023190498,0.13079459965229034,0.010777559131383896,-0.009056449867784977,2.8792941570281982
1788692034812147500,2.8461474609375,-0.9913468360900879,-0.003782633226364851,0.005930838640779257,0.13107998669147491,0.010768030770123005,-0.009054754860699177,2.878718376159668
1788692034817147400,2.8511474609375,-0.9913468360900879,-0.0037837906274944544,0.0059290360659360886,0.13108013570308685,0.010764152742922306,-0.009056579321622849,2.8787178993225098
1788692034822147600,2.856147705078125,-0.9913107752799988,-0.0037789111956954002,0.005934037268161774,0.13135242462158203,0.010772861540317535,-0.009051174856722355,2.8781685829162598
1788692034827147500,2.8611474609375,-0.9913107752799988,-0.0037749307230114937,0.0059350174851715565,0.13135236501693726,0.010775851085782051,-0.009043538942933083,2.878168821334839
1788692034832147500,2.8661474609375,-0.9912737011909485,-0.0037720040418207645,0.005941741168498993,0.1316317915916443,0.010787402279675007,-0.009042543359100819,2.8776049613952637
1788692034837147400,2.8711474609375,-0.9912737011909485,-0.003772190073505044,0.005944529548287392,0.13163156807422638,0.010792884044349194,-0.009043644182384014,2.877605438232422
1788692034842147600,2.876147705078125,-0.9912369251251221,-0.0037676652427762747,0.005947879049926996,0.13190814852714539,0.010798193514347076,-0.00903856847435236,2.877047538757324
1788692034847147500,2.8811474609375,-0.9912369251251221,-0.003765266155824065,0.005949241109192371,0.13190804421901703,0.010801528580486774,-0.00903416983783245,2.877047538757324
1788692034852147500,2.8861474609375,-0.9911976456642151,-0.003767145099118352,0.005952670704573393,0.13220292329788208,0.010805143043398857,-0.009042014367878437,2.876452684402466
1788692034857147400,2.8911474609375,-0.9911976456642151,-0.0037634973414242268,0.00595063017681241,0.1322031021118164,0.01080206036567688,-0.00903424620628357,2.8764522075653076
1788692034862147600,2.896147705078125,-0.9911586046218872,-0.0037615566980093718,0.005950464867055416,0.13249558210372925,0.010799580253660679,-0.00903354212641716,2.8758621215820312
1788692034867147500,2.9011474609375,-0.9911586046218872,-0.0037619220092892647,0.005951347760856152,0.13249550759792328,0.010801234282553196,-0.009034499526023865,2.8758623600006104
1788692034872147500,2.9061474609375,-0.9911197423934937,-0.0037600172217935324,0.005953456740826368,0.13278578221797943,0.010803273878991604,-0.009034446440637112,2.875276565551758
1788692034877147400,2.9111474609375,-0.9911197423934937,-0.00376910506747663,0.00595514290034771,0.1327856034040451,0.010804206132888794,-0.00905290711671114,2.875277042388916
1788692034882147600,2.916147705078125,-0.991081953048706,-0.003768234746530652,0.005950001068413258,0.13306739926338196,0.010791669599711895,-0.009052884764969349,2.874708414077759
1788692034887147500,2.9211474609375,-0.991081953048706,-0.003769749542698264,0.00595217477530241,0.13306722044944763,0.01079557929188013,-0.009056463837623596,2.874708652496338
1788692034892147500,2.9261474609375,-0.9910404086112976,-0.003768274560570717,0.005956544540822506,0.13337606191635132,0.010801810771226883,-0.009058069437742233,2.8740854263305664
1788692034897147400,2.9311474609375,-0.9910404682159424,-0.0037704003043472767,0.005958600901067257,0.133375883102417,0.010805321857333183,-0.009062829427421093,2.8740859031677246
1788692034902147600,2.936147705078125,-0.9910017848014832,-0.003767842659726739,0.005960633046925068,0.13366283476352692,0.010807408951222897,-0.009061431512236595,2.873506784439087
1788692034907147500,2.9411474609375,-0.9910017848014832,-0.003764644032344222,0.005964772775769234,0.13366250693798065,0.010816472582519054,-0.009056194685399532,2.873507499694824
1788692034912147500,2.9461474609375,-0.9909626841545105,-0.0037633993197232485,0.005965821910649538,0.13395237922668457,0.010816235095262527,-0.009057172574102879,2.872922420501709
1788692034917147400,2.9511474609375,-0.9909626841545105,-0.0037635844200849533,0.0059653171338140965,0.13395242393016815,0.010815184563398361,-0.009057405404746532,2.872922420501709
1788692034922147600,2.956147705078125,-0.9909263253211975,-0.003760356456041336,0.005964481271803379,0.13422101736068726,0.010811939835548401,-0.009053713642060757,2.872380256652832
1788692034927147500,2.9611474609375,-0.9909263253211975,-0.003759002545848489,0.005963104777038097,0.134221151471138,0.010809573344886303,-0.009050662629306316,2.872379779815674
1788692034932147500,2.9661474609375,-0.9908865094184875,-0.003757387399673462,0.005961940623819828,0.13451479375362396,0.010805017314851284,-0.009050351567566395,2.8717873096466064
1788692034937147400,2.9711474609375,-0.9908865094184875,-0.003754759207367897,0.005962331313639879,0.13451476395130157,0.010806499049067497,-0.009045246988534927,2.8717873096466064
1788692034942147600,2.976147705078125,-0.9908480048179626,-0.0037505333311855793,0.005962752271443605,0.13479837775230408,0.010805882513523102,-0.009040078148245811,2.8712148666381836
1788692034947147500,2.9811474609375,-0.9908480048179626,-0.0037505323998630047,0.005958995316177607,0.13479869067668915,0.010798434726893902,-0.009039067663252354,2.8712141513824463
1788692034952147500,2.9861474609375,-0.9908096194267273,-0.003749072551727295,0.005960810463875532,0.13508032262325287,0.010799855925142765,-0.009039733558893204,2.870645761489868
1788692034957147400,2.9911474609375,-0.9908096194267273,-0.0037467668298631907,0.005960448645055294,0.13508036732673645,0.010799760930240154,-0.00903506763279438,2.870645523071289
1788692034962147600,2.996147705078125,-0.9907714128494263,-0.003743177279829979,0.0059601739048957825,0.13536037504673004,0.010797634720802307,-0.009030931629240513,2.8700802326202393
1788692034967147500,3.0011474609375,-0.9907714128494263,-0.003745411289855838,0.005961942486464977,0.1353602111339569,0.010800535790622234,-0.009035835042595863,2.8700807094573975
1788692034972147500,3.0061474609375,-0.9907342195510864,-0.003746416186913848,0.0059682526625692844,0.13563184440135956,0.010810290463268757,-0.009042498655617237,2.869532346725464
1788692034977147400,3.0111474609375,-0.9907342791557312,-0.003743656910955906,0.005969290621578693,0.1356317698955536,0.010813095606863499,-0.009037312120199203,2.869532585144043
1788692034982147600,3.016147705078125,-0.9906947016716003,-0.0037410834338515997,0.0059758685529232025,0.1359201818704605,0.010824198834598064,-0.009037148207426071,2.868950366973877
1788692034987147500,3.0211474609375,-0.9906947016716003,-0.003743545152246952,0.005978273693472147,0.1359199583530426,0.010828296653926373,-0.009042677469551563,2.868950843811035
1788692034992147500,3.0261474609375,-0.9906559586524963,-0.0037396789994090796,0.005981195252388716,0.13620229065418243,0.010832561179995537,-0.009038898162543774,2.8683807849884033
1788692034997147400,3.0311474609375,-0.9906559586524963,-0.0037399474531412125,0.005983175244182348,0.1362021118402481,0.010836414061486721,-0.009039967320859432,2.8683812618255615
1788692035002147600,3.036147705078125,-0.9906216263771057,-0.0037335208617150784,0.005989528726786375,0.13645116984844208,0.010848482139408588,-0.009031692519783974,2.8678784370422363
1788692035007147500,3.0411474609375,-0.9906216859817505,-0.003735494101420045,0.005991325248032808,0.13645100593566895,0.01085150521248579,-0.009036090224981308,2.8678789138793945
1788692035012147500,3.0461474609375,-0.9905851483345032,-0.003734877798706293,0.005993930157274008,0.1367155909538269,0.010854420252144337,-0.009038479067385197,2.867344617843628
1788692035017147400,3.0511474609375,-0.990585207939148,-0.0037337203975766897,0.005998468957841396,0.13671520352363586,0.010863733477890491,-0.009037422947585583,2.8673453330993652
1788692035022147600,3.056147705078125,-0.9905492663383484,-0.0037297713570296764,0.006003817077726126,0.13697528839111328,0.010873038321733475,-0.009033916518092155,2.8668203353881836
1788692035027147500,3.0611474609375,-0.9905492663383484,-0.0037289925385266542,0.006005566567182541,0.13697513937950134,0.010876718908548355,-0.009032851085066795,2.8668205738067627
1788692035032147500,3.0661474609375,-0.9905123114585876,-0.003724378766492009,0.006007965188473463,0.13724230229854584,0.010880299843847752,-0.009027303196489811,2.866281270980835
1788692035037147400,3.0711474609375,-0.9905123114585876,-0.0037228900473564863,0.006011429708451033,0.13724200427532196,0.010887574404478073,-0.009025300852954388,2.866281747817993
1788692035042147600,3.076147705078125,-0.9904760718345642,-0.0037200041115283966,0.006012648344039917,0.137503519654274,0.010888399556279182,-0.009022792801260948,2.865753650665283
1788692035047147500,3.0811474609375,-0.9904760718345642,-0.003716446692124009,0.006016673520207405,0.13750317692756653,0.01089735422283411,-0.009016848169267178,2.8657543659210205
1788692035052147500,3.0861474609375,-0.9904414415359497,-0.0037113989237695932,0.006019349675625563,0.1377524733543396,0.01090177707374096,-0.00901032891124487,2.865251064300537
1788692035057147400,3.0911474609375,-0.9904414415359497,-0.003714384976774454,0.006021188106387854,0.13775229454040527,0.01090459804981947,-0.009016748517751694,2.8652515411376953
1788692035062147600,3.096147705078125,-0.9904052019119263,-0.003710793098434806,0.00602925568819046,0.13801227509975433,0.01091920305043459,-0.00901472195982933,2.8647265434265137
1788692035067147500,3.1011474609375,-0.990405261516571,-0.0037094021681696177,0.006031371653079987,0.13801209628582,0.010923780500888824,-0.009012549184262753,2.8647267818450928
1788692035072147500,3.1061474609375,-0.990371584892273,-0.003704486647620797,0.006032139528542757,0.1382533311843872,0.010924464091658592,-0.009005685336887836,2.8642396926879883
1788692035077147400,3.1111474609375,-0.990371584892273,-0.003702123649418354,0.006031197961419821,0.13825343549251556,0.010923252440989017,-0.009000744670629501,2.864239454269409
1788692035082147600,3.116147705078125,-0.9903391599655151,-0.0036995091941207647,0.006031205877661705,0.1384858340024948,0.01092187874019146,-0.00899813137948513,2.863770008087158
1788692035087147500,3.1211474609375,-0.9903391599655151,-0.0036958346609026194,0.006034160498529673,0.1384855955839157,0.010928750038146973,-0.008991669863462448,2.8637704849243164
1788692035092147500,3.1261474609375,-0.9903060793876648,-0.0036919990088790655,0.006034270394593477,0.13872221112251282,0.010927882976830006,-0.008986713364720345,2.863292694091797
1788692035097147400,3.1311474609375,-0.9903060793876648,-0.003691622521728277,0.006036271806806326,0.1387220323085785,0.01093195378780365,-0.008986521512269974,2.863293170928955
1788692035102147600,3.136147705078125,-0.990270733833313,-0.003686886979267001,0.006039150059223175,0.13897430896759033,0.010936681181192398,-0.008980726823210716,2.862783670425415
1788692035107147500,3.1411474609375,-0.9902706742286682,-0.003689545439556241,0.00603821175172925,0.1389743685722351,0.010934082791209221,-0.0089857317507267,2.862783432006836
1788692035112147500,3.1461474609375,-0.9902377724647522,-0.00368686905130744,0.006038022693246603,0.13920891284942627,0.010932325385510921,-0.008982967585325241,2.862309694290161
1788692035117147400,3.1511474609375,-0.9902377724647522,-0.0036835349164903164,0.00603477843105793,0.13920922577381134,0.010926824994385242,-0.008975464850664139,2.862308979034424
1788692035122147600,3.156147705078125,-0.9902031421661377,-0.0036777949426323175,0.0060360003262758255,0.13945545256137848,0.01092861220240593,-0.008967154659330845,2.861811637878418
1788692035127147500,3.1611474609375,-0.9902031421661377,-0.0036776766646653414,0.0060382746160030365,0.13945524394512177,0.010933151468634605,-0.008967552334070206,2.861812114715576
1788692035132147500,3.1661474609375,-0.9901695847511292,-0.0036736978217959404,0.006041140761226416,0.13969331979751587,0.010937783867120743,-0.008963101543486118,2.8613312244415283
1788692035137147400,3.1711474609375,-0.9901695847511292,-0.0036707110702991486,0.006041424814611673,0.13969330489635468,0.010939180850982666,-0.008957265876233578,2.8613312244415283
1788692035142147600,3.176147705078125,-0.9901372790336609,-0.003666697535663843,0.00604532565921545,0.1399221271276474,0.010945957154035568,-0.00895293615758419,2.8608691692352295
1788692035147147500,3.1811474609375,-0.9901372790336609,-0.0036623231135308743,0.006046911235898733,0.13992202281951904,0.010950321331620216,-0.008944716304540634,2.8608691692352295
1788692035152147500,3.1861474609375,-0.9901040196418762,-0.003661473747342825,0.0060498071834445,0.14015701413154602,0.010954172350466251,-0.00894644483923912,2.8603944778442383
1788692035157147400,3.1911474609375,-0.9901040196418762,-0.0036635003052651882,0.006052311975508928,0.14015677571296692,0.010958567261695862,-0.008951157331466675,2.8603951930999756
1788692035162147600,3.196147705078125,-0.9900736212730408,-0.0036608735099434853,0.0060541657730937,0.14037145674228668,0.010961034335196018,-0.008948851376771927,2.85996150970459
1788692035167147500,3.2011474609375,-0.9900736212730408,-0.0036608742084354162,0.006054016295820475,0.14037147164344788,0.010960737243294716,-0.008948811329901218,2.85996150970459
1788692035172147500,3.2061474609375,-0.990041971206665,-0.00366132240742445,0.00605523306876421,0.14059457182884216,0.01096100453287363,-0.008952510543167591,2.859510660171509
1788692035177147400,3.2111474609375,-0.990041971206665,-0.0036597000434994698,0.00605731038376689,0.14059439301490784,0.010965574532747269,-0.008949880488216877,2.859511137008667
1788692035182147600,3.216147705078125,-0.9900099635124207,-0.0036635398864746094,0.006063490174710751,0.14081929624080658,0.010974697768688202,-0.008961714804172516,2.8590569496154785
1788692035187147500,3.2211474609375,-0.9900099635124207,-0.003665957134217024,0.006062903441488743,0.14081934094429016,0.010972855612635612,-0.008966336026787758,2.8590567111968994
1788692035192147500,3.2261474609375,-0.9899766445159912,-0.0036653222050517797,0.0060635898262262344,0.14105352759361267,0.010972272604703903,-0.008967868052423,2.858583688735962
1788692035197147400,3.2311474609375,-0.9899766445159912,-0.003666542237624526,0.006064158398658037,0.1410534679889679,0.01097305491566658,-0.008970443159341812,2.858583927154541
1788692035202147600,3.236147705078125,-0.9899457097053528,-0.003667199984192848,0.00606329133734107,0.14127039909362793,0.010969187133014202,-0.008973904885351658,2.8581457138061523
1788692035207147500,3.2411474609375,-0.9899457097053528,-0.003667066339403391,0.006066217552870512,0.14127013087272644,0.010975020937621593,-0.008974463678896427,2.8581461906433105
1788692035212147500,3.2461474609375,-0.9899125099182129,-0.003665054915472865,0.006069551222026348,0.14150236546993256,0.010980084538459778,-0.008973998948931694,2.8576769828796387
1788692035217147400,3.2511474609375,-0.9899125695228577,-0.0036662453785538673,0.006073908880352974,0.14150194823741913,0.010988379828631878,-0.008977584540843964,2.857677936553955
1788692035222147600,3.256147705078125,-0.9898781776428223,-0.003663470968604088,0.0060775671154260635,0.14174194633960724,0.010994230397045612,-0.008975792676210403,2.8571929931640625
1788692035227147500,3.2611474609375,-0.989878237247467,-0.003662297036498785,0.0060784523375332355,0.14174187183380127,0.0109963184222579,-0.008973718620836735,2.8571932315826416
1788692035232147500,3.2661474609375,-0.9898467063903809,-0.0036597885191440582,0.006085220258682966,0.14196151494979858,0.011008438654243946,-0.008973113261163235,2.8567492961883545
1788692035237147400,3.2711474609375,-0.9898467063903809,-0.003657680004835129,0.006088315509259701,0.1419612467288971,0.011015166528522968,-0.008969814516603947,2.856750011444092
1788692035242147600,3.276147705078125,-0.989816427230835,-0.003651290200650692,0.006085759960114956,0.14217285811901093,0.01101000513881445,-0.008958793245255947,2.8563222885131836
1788692035247147500,3.2811474609375,-0.9898163676261902,-0.003650819417089224,0.006082577630877495,0.1421731561422348,0.011003836058080196,-0.008956960402429104,2.8563215732574463
1788692035252147500,3.2861474609375,-0.9897845983505249,-0.00364579982124269,0.006081600673496723,0.14239440858364105,0.011001328006386757,-0.008949204348027706,2.855874538421631
1788692035257147400,3.2911474609375,-0.9897845983505249,-0.00364823080599308,0.006080063059926033,0.1423945426940918,0.0109975915402174,-0.008953580632805824,2.8558743000030518
1788692035262147600,3.296147705078125,-0.9897544384002686,-0.0036475099623203278,0.006082963664084673,0.14260374009609222,0.011001646518707275,-0.008955305442214012,2.8554515838623047
1788692035267147500,3.3011474609375,-0.9897544384002686,-0.003649794263765216,0.006081709638237953,0.14260384440422058,0.01099851168692112,-0.008959470316767693,2.8554513454437256
1788692035272147500,3.3061474609375,-0.9897245168685913,-0.003647895297035575,0.006086995825171471,0.14281116425991058,0.011007641442120075,-0.008959525264799595,2.855032444000244
1788692035277147400,3.3111474609375,-0.9897245168685913,-0.003646693890914321,0.00609056930989027,0.14281083643436432,0.011015062220394611,-0.008958163671195507,2.8550331592559814
1788692035282147600,3.316147705078125,-0.9896926283836365,-0.003648454789072275,0.006102715618908405,0.14303146302700043,0.011036606505513191,-0.008967578411102295,2.8545875549316406
1788692035287147500,3.3211474609375,-0.9896926283836365,-0.003649564692750573,0.006109415087848902,0.1430308222770691,0.011049555614590645,-0.0089716836810112,2.854588747024536
1788692035292147500,3.3261474609375,-0.9896618127822876,-0.0036496075335890055,0.0061135077849030495,0.14324365556240082,0.011055714450776577,-0.008975316770374775,2.854158639907837
1788692035297147400,3.3311474609375,-0.9896618723869324,-0.003647423814982176,0.006116158328950405,0.14324341714382172,0.011061588302254677,-0.008971751667559147,2.854159116744995
1788692035302147600,3.336147705078125,-0.9896314144134521,-0.003640207462012768,0.006117346230894327,0.14345388114452362,0.011064102873206139,-0.008960161358118057,2.853733777999878
1788692035307147500,3.3411474609375,-0.9896313548088074,-0.0036363445688039064,0.006112869828939438,0.14345434308052063,0.011056344956159592,-0.008951235562562943,2.8537328243255615
1788692035312147500,3.3461474609375,-0.9896052479743958,-0.0036300146020948887,0.0061157699674367905,0.14363445341587067,0.01106227282434702,-0.008941552601754665,2.8533687591552734
1788692035317147400,3.3511474609375,-0.9896053075790405,-0.0036251454148441553,0.006120427045971155,0.14363403618335724,0.011072893626987934,-0.008933248929679394,2.85336971282959
1788692035322147600,3.356147705078125,-0.9895747303962708,-0.0036204010248184204,0.006125895772129297,0.14384448528289795,0.011083182878792286,-0.0089277857914567,2.8529443740844727
1788692035327147500,3.3611474609375,-0.9895747900009155,-0.003613435197621584,0.006129853427410126,0.14384415745735168,0.011093022301793098,-0.008915134705603123,2.85294508934021
1788692035332147500,3.3661474609375,-0.989546537399292,-0.0036076882388442755,0.006132504437118769,0.1440383493900299,0.011098175309598446,-0.00890669971704483,2.8525524139404297
1788692035337147400,3.3711474609375,-0.989546537399292,-0.0036078356206417084,0.0061318171210587025,0.14403840899467468,0.0110967718064785,-0.008906794711947441,2.8525524139404297
1788692035342147600,3.376147705078125,-0.9895195960998535,-0.0036041568964719772,0.006131324917078018,0.14422357082366943,0.011095190420746803,-0.008901447989046574,2.8521780967712402
1788692035347147500,3.3811474609375,-0.9895195960998535,-0.0036012588534504175,0.006131036672741175,0.14422361552715302,0.011095454916357994,-0.00889563001692295,2.8521780967712402
1788692035352147500,3.3861474609375,-0.989490807056427,-0.0036031887866556644,0.006130012217909098,0.14442074298858643,0.011091098189353943,-0.008901363238692284,2.8517794609069824
1788692035357147400,3.3911474609375,-0.9894908666610718,-0.0036047392059117556,0.00613239873200655,0.14442048966884613,0.011095376685261726,-0.008905118331313133,2.8517801761627197
1788692035362147600,3.396147705078125,-0.9894908666610718,-0.0036073445808142424,0.006133437622338533,0.14442037045955658,0.011096681468188763,-0.00891057401895523,2.851780414581299
1788692035367147500,3.4011474609375,-0.989490807056427,-0.0036060363054275513,0.006128931883722544,0.1444208174943924,0.011088136583566666,-0.00890668760985136,2.8517794609069824
1788692035372147500,3.4061474609375,-0.9894907474517822,-0.0036029964685440063,0.006120862439274788,0.14442163705825806,0.011073037981987,-0.008898350410163403,2.8517775535583496
1788692035377147400,3.4111474609375,-0.9894907474517822,-0.0036056996323168278,0.006119512487202883,0.1444217413663864,0.01106958370655775,-0.00890331156551838,2.8517775535583496
1788692035382147600,3.416147705078125,-0.9894906878471375,-0.0036078374832868576,0.006117155309766531,0.14442194998264313,0.011064300313591957,-0.008906863629817963,2.8517770767211914
1788692035387147500,3.4211474609375,-0.9894906878471375,-0.003605232108384371,0.006113252602517605,0.14442235231399536,0.011057324707508087,-0.008900584653019905,2.851776123046875
1788692035392147500,3.4261474609375,-0.9894906878471375,-0.0035992644261568785,0.006113529205322266,0.14442238211631775,0.01105959340929985,-0.008888855576515198,2.851776123046875
1788692035397147400,3.4311474609375,-0.9894906282424927,-0.003601720556616783,0.006105425767600536,0.14442314207553864,0.011042840778827667,-0.008891384117305279,2.8517744541168213
1788692035402147600,3.436147705078125,-0.9894905686378479,-0.0036059787962585688,0.006099847611039877,0.14442364871501923,0.011030565947294235,-0.008898206055164337,2.851773500442505
1788692035407147500,3.4411474609375,-0.9894905686378479,-0.0036014767829328775,0.006094842217862606,0.1444241851568222,0.011021955870091915,-0.00888785719871521,2.8517723083496094
1788692035412147500,3.4461474609375,-0.9894905090332031,-0.0036023901775479317,0.006094302516430616,0.1444242298603058,0.011020622216165066,-0.008889509364962578,2.8517720699310303
1788692035417147400,3.4511474609375,-0.9894905090332031,-0.0036029042676091194,0.00609123520553112,0.14442451298236847,0.011014401912689209,-0.008889643475413322,2.851771593093872
1788692035422147600,3.456147705078125,-0.9894905090332031,-0.0035997466184198856,0.006089801900088787,0.1444246768951416,0.01101247500628233,-0.008882981725037098,2.851771116256714
1788692035427147500,3.4611474609375,-0.9894905090332031,-0.0035941689275205135,0.006089562084525824,0.14442475140094757,0.011013609357178211,-0.008871875703334808,2.8517708778381348
1788692035432147500,3.4661474609375,-0.9894903898239136,-0.0035979915410280228,0.006076531019061804,0.14442598819732666,0.010986704379320145,-0.008875690400600433,2.8517684936523438
1788692035437147400,3.4711474609375,-0.9894899725914001,-0.003613391425460577,0.006027936469763517,0.14443059265613556,0.01088604237884283,-0.008892183192074299,2.8517587184906006
1788692035442147600,3.476147705078125,-0.9894897937774658,-0.0036148515064269304,0.006007695104926825,0.14443255960941315,0.010845541954040527,-0.008889248594641685,2.851754665374756
1788692035447147500,3.4811474609375,-0.9894897937774658,-0.0036148205399513245,0.0060081928968429565,0.14443251490592957,0.010846536606550217,-0.008889330551028252,2.851754665374756
1788692035452147500,3.4861474609375,-0.989489734172821,-0.003614343935623765,0.0060011958703398705,0.14443320035934448,0.010832819156348705,-0.008886373601853848,2.8517532348632812
1788692035457147400,3.4911474609375,-0.9894896149635315,-0.0036173651460558176,0.005988484714180231,0.14443440735340118,0.010806780308485031,-0.00888869445770979,2.8517508506774902
1788692035462147600,3.496147705078125,-0.9894895553588867,-0.0036241880152374506,0.005981155671179295,0.1444350630044937,0.010790299624204636,-0.00890008732676506,2.8517494201660156
1788692035467147500,3.5011474609375,-0.9894895553588867,-0.0036300404462963343,0.005979254376143217,0.14443519711494446,0.010784844867885113,-0.00891112256795168,2.8517491817474365
1788692035472147500,3.5061474609375,-0.9894894957542419,-0.003633644664660096,0.00597425689920783,0.14443565905094147,0.010773910209536552,-0.008916816674172878,2.85174822807312
1788692035477147400,3.5111474609375,-0.9894894957542419,-0.0036377422511577606,0.005974972154945135,0.1444355547428131,0.010774143971502781,-0.00892513059079647,2.851748466491699
1788692035482147600,3.516147705078125,-0.9894891977310181,-0.0036363343242555857,0.005943230353295803,0.14443865418434143,0.010711700655519962,-0.008913209661841393,2.8517420291900635
1788692035487147500,3.5211474609375,-0.989487886428833,-0.003648561192676425,0.00578733766451478,0.1444537192583084,0.010399502702057362,-0.008892536163330078,2.851710319519043
1788692035492147500,3.5261474609375,-0.9894865155220032,-0.003708000760525465,0.005641432479023933,0.14446739852428436,0.010093449614942074,-0.008968159556388855,2.85168194770813
1788692035497147400,3.5311474609375,-0.9894844889640808,-0.0037445095367729664,0.005411693826317787,0.1444893777370453,0.00962802767753601,-0.008974253199994564,2.851635694503784
1788692035502147600,3.536147705078125,-0.9894810318946838,-0.003787515452131629,0.005034684669226408,0.14452551305294037,0.00886913575232029,-0.008950749412178993,2.851559638977051
1788692035507147500,3.5411474609375,-0.989477276802063,-0.003820938989520073,0.0046370066702365875,0.14456364512443542,0.00807209499180317,-0.008902267552912235,2.8514792919158936
1788692035512147500,3.5461474609375,-0.9894728064537048,-0.003890698542818427,0.004190352745354176,0.14460603892803192,0.007167589385062456,-0.008911499753594398,2.8513901233673096
1788692035517147400,3.5511474609375,-0.9894683957099915,-0.003999363165348768,0.003782291430979967,0.14464418590068817,0.006328245624899864,-0.009008781984448433,2.8513100147247314
1788692035522147600,3.556147705078125,-0.9894618391990662,-0.003998062573373318,0.003154679434373975,0.14470438659191132,0.005086015444248915,-0.00882496777921915,2.8511829376220703
1788692035527147500,3.5611474609375,-0.989457368850708,-0.004129892680794001,0.0027791433967649937,0.1447388380765915,0.004304362926632166,-0.00897732563316822,2.8511102199554443
1788692035532147500,3.5661474609375,-0.9894509315490723,-0.004140116740018129,0.0022155484184622765,0.14479245245456696,0.0031855672132223845,-0.008834588341414928,2.85099720954895
1788692035537147400,3.5711474609375,-0.9894457459449768,-0.004236224107444286,0.0018006946193054318,0.14483074843883514,0.002336402889341116,-0.008904737420380116,2.8509161472320557
1788692035542147600,3.576147705078125,-0.9894388914108276,-0.004299514461308718,0.001258416217751801,0.14488136768341064,0.0012444619787856936,-0.00887297187000513,2.850809097290039
1788692035547147500,3.5811474609375,-0.9894318580627441,-0.004381353966891766,0.0007243920117616653,0.14493077993392944,0.00016349348879884928,-0.008880192413926125,2.8507044315338135
1788692035552147500,3.5861474609375,-0.9894261360168457,-0.004431818146258593,0.0003050222003366798,0.1449696123600006,-0.0006813907530158758,-0.008858466520905495,2.8506221771240234
1788692035557147400,3.5911474609375,-0.9894185066223145,-0.004467953462153673,-0.00024349705199711025,0.14502066373825073,-0.0017778014298528433,-0.008770840242505074,2.8505141735076904
1788692035562147600,3.596147705078125,-0.9894123673439026,-0.0045923516154289246,-0.0006530256941914558,0.14505726099014282,-0.002624638145789504,-0.008898124098777771,2.850436210632324
1788692035567147500,3.6011474609375,-0.9894065260887146,-0.004583640489727259,-0.0010554766049608588,0.14509500563144684,-0.003418855369091034,-0.008763990364968777,2.850356340408325
1788692035572147500,3.6061474609375,-0.9894018769264221,-0.00465753860771656,-0.0013558976352214813,0.14512191712856293,-0.004035045392811298,-0.008822929114103317,2.8502988815307617
1788692035577147400,3.6111474609375,-0.989396870136261,-0.004727385006844997,-0.0016736042452976108,0.14515042304992676,-0.0046842824667692184,-0.008868787437677383,2.850238084793091
1788692035582147600,3.616147705078125,-0.9893928170204163,-0.004719165153801441,-0.0019375486299395561,0.14517506957054138,-0.005204427521675825,-0.008775761350989342,2.8501861095428467
1788692035587147500,3.6211474609375,-0.9893877506256104,-0.004740152042359114,-0.00225840019993484,0.14520451426506042,-0.005845705512911081,-0.008723948150873184,2.850123882293701
1788692035592147500,3.6261474609375,-0.9893823862075806,-0.004742160439491272,-0.0025915412697941065,0.1452353298664093,-0.006505797151476145,-0.008630960248410702,2.8500585556030273
1788692035597147400,3.6311474609375,-0.9893760085105896,-0.0048129078932106495,-0.0029689071234315634,0.14526905119419098,-0.007273401133716106,-0.008661078289151192,2.8499865531921387
1788692035602147600,3.636147705078125,-0.9893696904182434,-0.004860591609030962,-0.003342379117384553,0.1453026980161667,-0.008026598021388054,-0.008646638132631779,2.849915027618408
1788692035607147500,3.6411474609375,-0.9894016981124878,-0.0048925504088401794,-0.0036923433654010296,0.14507466554641724,-0.008726425468921661,-0.00861017033457756,2.850372552871704
1788692035612147500,3.6461474609375,-0.9894188046455383,-0.004892256110906601,-0.004043729044497013,0.1449485570192337,-0.009420614689588547,-0.008508818224072456,2.8506245613098145
1788692035617147400,3.6511474609375,-0.9894720315933228,-0.004735519178211689,-0.0032749492675065994,0.14460954070091248,-0.007850904017686844,-0.008424249477684498,2.851318120956421
1788692035622147600,3.656147705078125,-0.9894447326660156,-0.005096943583339453,-0.0024336003698408604,0.14480054378509521,-0.006292224861681461,-0.009381651878356934,2.850935697555542
1788692035627147500,3.6611474609375,-0.9894254803657532,-0.0049706692807376385,-0.0027191853150725365,0.14493128657341003,-0.00682200537994504,-0.00904814712703228,2.850670099258423
1788692035632147500,3.6661474609375,-0.98939049243927,-0.004874295089393854,-0.0029648372437804937,0.14516843855381012,-0.007282296195626259,-0.008784472942352295,2.850189447402954
1788692035637147400,3.6711474609375,-0.9894034266471863,-0.004759817384183407,-0.0031747196335345507,0.14507979154586792,-0.007663615047931671,-0.008497687056660652,2.850368022918701
1788692035642147600,3.676147705078125,-0.9894011616706848,-0.005060894414782524,-0.0027257297188043594,0.14509402215480804,-0.0068626366555690765,-0.009223666042089462,2.8503401279449463
1788692035647147500,3.6811474609375,-0.98940110206604,-0.0049367258325219154,-0.0022702934220433235,0.14510656893253326,-0.005925445351749659,-0.009110060520470142,2.8503198623657227
1788692035652147500,3.6861474609375,-0.9893659353256226,-0.004851707257330418,-0.00234569632448256,0.1453477442264557,-0.006052151322364807,-0.008918462321162224,2.849832534790039
1788692035657147400,3.6911474609375,-0.9893714785575867,-0.0048513514921069145,-0.0021813404746353626,0.14531277120113373,-0.005726500414311886,-0.008965744636952877,2.8499045372009277
1788692035662147600,3.696147705078125,-0.9893519878387451,-0.004750669933855534,-0.0017933991039171815,0.14545394480228424,-0.004930827300995588,-0.008878571912646294,2.849623441696167
1788692035667147500,3.7011474609375,-0.9893568158149719,-0.004733490291982889,-0.0013970352010801435,0.14542610943317413,-0.004141256678849459,-0.008960011415183544,2.8496832847595215
1788692035672147500,3.7061474609375,-0.9893309473991394,-0.004665752407163382,-0.0009132287814281881,0.14560796320438385,-0.0031658450607210398,-0.008966119959950447,2.84932017326355
1788692035677147400,3.7111474609375,-0.9893330335617065,-0.0045598335564136505,-0.0006578744505532086,0.14559850096702576,-0.002629629336297512,-0.008830931037664413,2.849342107772827
1788692035682147600,3.716147705078125,-0.9893166422843933,-0.004483234137296677,-0.00018142889894079417,0.1457136571407318,-0.0016655835788697004,-0.008817917667329311,2.849113702774048
1788692035687147500,3.7211474609375,-0.9893229007720947,-0.004434699192643166,0.00042852680780924857,0.14567215740680695,-0.0004441392084117979,-0.008899664506316185,2.849203109741211
1788692035692147500,3.7261474609375,-0.9893264174461365,-0.004337729420512915,0.0009234639583155513,0.14564883708953857,0.0005636662244796753,-0.008851978927850723,2.849254608154297
1788692035697147400,3.7311474609375,-0.989330530166626,-0.0042355540208518505,0.0013787253992632031,0.145620197057724,0.0014945240691304207,-0.00878237932920456,2.8493165969848633
1788692035702147600,3.736147705078125,-0.9893389940261841,-0.004183376673609018,0.0018429645569995046,0.14555899798870087,0.002428873674944043,-0.008814189583063126,2.8494443893432617
1788692035707147500,3.7411474609375,-0.9893468618392944,-0.004116992931813002,0.002491049002856016,0.14549803733825684,0.0037311497144401073,-0.008871270343661308,2.8495731353759766
1788692035712147500,3.7461474609375,-0.9893489480018616,-0.004012665711343288,0.002951304893940687,0.14547784626483917,0.004672430921345949,-0.00879866536706686,2.8496177196502686
1788692035717147400,3.7511474609375,-0.9893536567687988,-0.0039686765521764755,0.00337248295545578,0.14543794095516205,0.005519007798284292,-0.008833938278257847,2.8497018814086914
1788692035722147600,3.756147705078125,-0.9893608689308167,-0.003876690287142992,0.003907892387360334,0.14537805318832397,0.006605764385312796,-0.008807248435914516,2.8498270511627197
1788692035727147500,3.7611474609375,-0.9893679022789001,-0.0037833969108760357,0.0045337975025177,0.14531458914279938,0.007872008718550205,-0.008804110810160637,2.8499603271484375
1788692035732147500,3.7661474609375,-0.9893684983253479,-0.0037107274401932955,0.00504457950592041,0.14529556035995483,0.008904053829610348,-0.008808577433228493,2.8500027656555176
1788692035737147400,3.7711474609375,-0.9893741607666016,-0.0036292276345193386,0.0055959937162697315,0.14523881673812866,0.010019409470260143,-0.008806953206658363,2.85012149810791
1788692035742147600,3.776147705078125,-0.9893792271614075,-0.003538563149049878,0.00618379469960928,0.14518266916275024,0.011209428310394287,-0.00879763439297676,2.8502392768859863
1788692035747147500,3.7811474609375,-0.9893838167190552,-0.003453618846833706,0.006739147938787937,0.14512859284877777,0.01233355887234211,-0.008790109306573868,2.8503525257110596
1788692035752147500,3.7861474609375,-0.9893848896026611,-0.0033705725800246,0.007313318084925413,0.1450955867767334,0.01349419355392456,-0.008791960775852203,2.8504233360290527
1788692035757147400,3.7911474609375,-0.9893835186958313,-0.0033544148318469524,0.0073955487459897995,0.14510087668895721,0.013661562465131283,-0.008783918805420399,2.8504130840301514
1788692035762147600,3.796147705078125,-0.9893856048583984,-0.0033397385850548744,0.007470730226486921,0.14508330821990967,0.013814756646752357,-0.008776447735726833,2.8504490852355957
1788692035767147500,3.8011474609375,-0.9893861413002014,-0.00332906236872077,0.007542430888861418,0.14507608115673065,0.013959810137748718,-0.00877602118998766,2.850464105606079
1788692035772147500,3.8061474609375,-0.9893856644630432,-0.003321795491501689,0.007595411967486143,0.14507697522640228,0.014066756702959538,-0.008777025155723095,2.8504626750946045
1788692035777147400,3.8111474609375,-0.9893854856491089,-0.00332255894318223,0.007604609709233046,0.1450776904821396,0.014084730297327042,-0.008781214244663715,2.850461483001709
1788692035782147600,3.816147705078125,-0.9893854856491089,-0.0033241885248571634,0.007591646630316973,0.14507798850536346,0.01405860111117363,-0.00878068245947361,2.8504607677459717
1788692035787147500,3.8211474609375,-0.9893861413002014,-0.0033246981911361217,0.0075823161751031876,0.14507408440113068,0.01404002495110035,-0.008778928779065609,2.850468635559082
1788692035792147500,3.8261474609375,-0.9893863797187805,-0.003328290767967701,0.00757199851796031,0.14507295191287994,0.014018574729561806,-0.008783028461039066,2.850470781326294
1788692035797147400,3.8311474609375,-0.9893865585327148,-0.0033314963802695274,0.0075683752074837685,0.14507192373275757,0.014010483399033546,-0.008788305334746838,2.850472927093506
1788692035802147600,3.836147705078125,-0.9893863201141357,-0.0033344198018312454,0.00756042031571269,0.14507383108139038,0.013993876986205578,-0.00879181083291769,2.850468873977661
1788692035807147500,3.8411474609375,-0.989386260509491,-0.003333942499011755,0.0075575923547148705,0.1450742483139038,0.013988414779305458,-0.008790051564574242,2.850468158721924
1788692035812147500,3.8461474609375,-0.9893864393234253,-0.003334945533424616,0.007556702941656113,0.1450730711221695,0.013986373320221901,-0.008791761472821236,2.850470542907715
1788692035817147400,3.8511474609375,-0.9893867373466492,-0.003339487360790372,0.00754167977720499,0.14507168531417847,0.01395533699542284,-0.008796371519565582,2.850473165512085
1788692035822147600,3.856147705078125,-0.989387035369873,-0.003343978663906455,0.007527540437877178,0.14507067203521729,0.013926064595580101,-0.008801142685115337,2.850475311279297
1788692035827147500,3.8611474609375,-0.9893871545791626,-0.003345973789691925,0.0075281159952282906,0.14506973326206207,0.013926633633673191,-0.008805244229733944,2.8504772186279297
1788692035832147500,3.8661474609375,-0.989387035369873,-0.003350924700498581,0.007521230727434158,0.14507068693637848,0.013911562971770763,-0.008813057094812393,2.8504750728607178
1788692035837147400,3.8711474609375,-0.989387035369873,-0.0033503519371151924,0.00751643069088459,0.1450709104537964,0.013902229256927967,-0.00881053414195776,2.8504745960235596
1788692035842147600,3.876147705078125,-0.989387035369873,-0.003350186161696911,0.007512878160923719,0.14507105946540833,0.013895245268940926,-0.008809177204966545,2.8504743576049805
1788692035847147500,3.8811474609375,-0.9893872141838074,-0.0033501065336167812,0.007514475379139185,0.14506973326206207,0.013898440636694431,-0.008809464983642101,2.8504769802093506
1788692035852147500,3.8861474609375,-0.9893874526023865,-0.0033503626473248005,0.007512463256716728,0.1450684666633606,0.013894395902752876,-0.008809370920062065,2.8504796028137207
1788692035857147400,3.8911474609375,-0.9893871545791626,-0.0033494974486529827,0.00750972842797637,0.14507029950618744,0.01388921681791544,-0.00880688987672329,2.850475788116455
1788692035862147600,3.896147705078125,-0.989387035369873,-0.0033510923385620117,0.007507351227104664,0.14507128298282623,0.013884042389690876,-0.00880936998873949,2.8504738807678223
1788692035867147500,3.9011474609375,-0.989387035369873,-0.003350728191435337,0.007504417095333338,0.14507140219211578,0.01387834083288908,-0.008807800710201263,2.850473642349243
1788692035872147500,3.9061474609375,-0.9893870949745178,-0.003350352868437767,0.007499916944652796,0.14507141709327698,0.013869543559849262,-0.008805752731859684,2.850473642349243
1788692035877147400,3.9111474609375,-0.9893872737884521,-0.0033499915152788162,0.007496526464819908,0.14507019519805908,0.01386294886469841,-0.008804036304354668,2.850476026535034
1788692035882147600,3.916147705078125,-0.9893874526023865,-0.003349518869072199,0.00749644311144948,0.14506900310516357,0.013862931169569492,-0.00880306027829647,2.850478410720825
1788692035887147500,3.9211474609375,-0.9893876314163208,-0.0033492911607027054,0.00749325193464756,0.14506810903549194,0.013856691308319569,-0.008801671676337719,2.850480079650879
1788692035892147500,3.9261474609375,-0.9893875122070312,-0.0033485626336187124,0.007491057738661766,0.1450691968202591,0.013852550648152828,-0.00879960972815752,2.850477933883667
1788692035897147400,3.9311474609375,-0.9893874526023865,-0.003347198013216257,0.00749116949737072,0.14506927132606506,0.013853165321052074,-0.008796942420303822,2.850477695465088
1788692035902147600,3.936147705078125,-0.9893874526023865,-0.0033462385181337595,0.007489416748285294,0.14506937563419342,0.013849975541234016,-0.00879453681409359,2.850477457046509
1788692035907147500,3.9411474609375,-0.9893876910209656,-0.003343103686347604,0.007485662586987019,0.14506825804710388,0.01384346466511488,-0.008787227794528008,2.8504796028137207
1788692035912147500,3.9461474609375,-0.9893874526023865,-0.003341908100992441,0.007485347334295511,0.14506983757019043,0.013843173161149025,-0.008784792385995388,2.8504765033721924
1788692035917147400,3.9511474609375,-0.9893872141838074,-0.003341054078191519,0.007482592947781086,0.14507168531417847,0.013837954960763454,-0.008782329969108105,2.8504726886749268
1788692035922147600,3.956147705078125,-0.989387035369873,-0.0033405888825654984,0.0074830674566328526,0.14507277309894562,0.01383901759982109,-0.008781561627984047,2.850470542907715
1788692035927147500,3.9611474609375,-0.989387035369873,-0.0033400901593267918,0.007482157088816166,0.14507277309894562,0.01383736077696085,-0.008780310861766338,2.850470542907715
1788692035932147500,3.9661474609375,-0.989386796951294,-0.0033399590756744146,0.007479693274945021,0.14507456123828888,0.013832507655024529,-0.008779361844062805,2.8504669666290283
1788692035937147400,3.9711474609375,-0.9893868565559387,-0.0033414673525840044,0.007479843217879534,0.14507414400577545,0.01383237075060606,-0.008782383985817432,2.8504676818847656
1788692035942147600,3.976147705078125,-0.9893870949745178,-0.0033411968033760786,0.007477595470845699,0.14507293701171875,0.013828013092279434,-0.008781179785728455,2.8504703044891357
1788692035947147500,3.9811474609375,-0.9893872737884521,-0.0033405954018235207,0.007478437386453152,0.14507167041301727,0.01382986456155777,-0.008780216798186302,2.8504726886749268
1788692035952147500,3.9861474609375,-0.9893873333930969,-0.0033398952800780535,0.0074762278236448765,0.1450711190700531,0.01382569782435894,-0.008778181858360767,2.8504738807678223
1788692035957147400,3.9911474609375,-0.9893872737884521,-0.0033396920189261436,0.007477042730897665,0.14507175981998444,0.013827364891767502,-0.008778025396168232,2.8504724502563477
1788692035962147600,3.996147705078125,-0.9893873929977417,-0.003343380754813552,0.007478183135390282,0.14507052302360535,0.013828562572598457,-0.008785638026893139,2.8504750728607178
1788692035967147500,4.0011474609375,-0.989387571811676,-0.003344674129039049,0.0074767861515283585,0.14506928622722626,0.013825434260070324,-0.008787774480879307,2.850477457046509
1788692035972147500,4.0061474609375,-0.9893873929977417,-0.003340911353006959,0.0074764336459338665,0.14507073163986206,0.013825815171003342,-0.008780247531831264,2.8504745960235596
1788692035977147400,4.0111474609375,-0.9893871545791626,-0.0033400028478354216,0.007477311883121729,0.14507248997688293,0.013827800750732422,-0.008778729476034641,2.850471019744873
1788692035982147600,4.016147705078125,-0.9893869161605835,-0.003339087124913931,0.007474679499864578,0.14507430791854858,0.01382284052670002,-0.00877617858350277,2.8504674434661865
1788692035987147500,4.0211474609375,-0.989386796951294,-0.0033396317157894373,0.0074734459631145,0.1450750082731247,0.01382023561745882,-0.008776907809078693,2.850466012954712
1788692035992147500,4.0261474609375,-0.9893869757652283,-0.0033414289355278015,0.007474525831639767,0.1450737565755844,0.013821862637996674,-0.008780759759247303,2.850468397140503
1788692035997147400,4.0311474609375,-0.9893868565559387,-0.003341478994116187,0.007474974729120731,0.14507463574409485,0.01382272969931364,-0.008781001903116703,2.850466728210449
1788692036002147600,4.036147705078125,-0.9893869757652283,-0.0033403991255909204,0.007475323975086212,0.14507387578487396,0.013823739252984524,-0.008778955787420273,2.850468158721924
1788692036007147500,4.0411474609375,-0.9893866777420044,-0.0033363578841090202,0.007475066930055618,0.1450756937265396,0.013824386522173882,-0.00877091009169817,2.8504645824432373
1788692036012147500,4.0461474609375,-0.989386796951294,-0.0033360111992806196,0.007474754471331835,0.14507503807544708,0.013823874294757843,-0.008770124055445194,2.850465774536133
1788692036017147400,4.0511474609375,-0.9893864989280701,-0.003340113442391157,0.007467224728316069,0.1450774222612381,0.01380776334553957,-0.008776090107858181,2.850461006164551
1788692036022147600,4.056147705078125,-0.9893863797187805,-0.0033433102071285248,0.007460606750100851,0.14507842063903809,0.013793731108307838,-0.008780510164797306,2.850458860397339
1788692036027147500,4.0611474609375,-0.9893862009048462,-0.0033416731748729944,0.0074547831900417805,0.14507988095283508,0.013782666996121407,-0.008775602094829082,2.8504559993743896
1788692036032147500,4.0661474609375,-0.989386260509491,-0.0033406561706215143,0.007446346338838339,0.1450800597667694,0.013766264542937279,-0.008771143853664398,2.8504555225372314
1788692036037147400,4.0711474609375,-0.9893863797187805,-0.0033421083353459835,0.007440333720296621,0.14507947862148285,0.013753950595855713,-0.008772265166044235,2.850456714630127
1788692036042147600,4.076147705078125,-0.9893860816955566,-0.0033421481493860483,0.007430309895426035,0.14508207142353058,0.013734078966081142,-0.008769472129642963,2.8504512310028076
1788692036047147500,4.0811474609375,-0.9893856048583984,-0.0033387448638677597,0.007419962901622057,0.14508585631847382,0.013714555650949478,-0.008759787306189537,2.8504436016082764
1788692036052147500,4.0861474609375,-0.9893851280212402,-0.0033377634827047586,0.007411524187773466,0.1450897604227066,0.01369810663163662,-0.008755451068282127,2.850435495376587
1788692036057147400,4.0911474609375,-0.9893848299980164,-0.0033374829217791557,0.007404277101159096,0.1450922042131424,0.013683825731277466,-0.008752827532589436,2.850430488586426
1788692036062147600,4.096147705078125,-0.9893848299980164,-0.0033390012104064226,0.00739351287484169,0.14509239792823792,0.013662079349160194,-0.008752711117267609,2.8504300117492676
1788692036067147500,4.1011474609375,-0.9893850088119507,-0.0033404408022761345,0.007388098631054163,0.1450914442539215,0.013650955632328987,-0.008753975853323936,2.8504319190979004
1788692036072147500,4.1061474609375,-0.9893848299980164,-0.003345106029883027,0.007387838326394558,0.14509284496307373,0.013649076223373413,-0.008763151243329048,2.850429058074951
1788692036077147400,4.1111474609375,-0.9893849492073059,-0.003349623642861843,0.00738733122125268,0.1450916826725006,0.013646772131323814,-0.00877192709594965,2.8504316806793213
1788692036082147600,4.116147705078125,-0.9893848896026611,-0.00335114449262619,0.007382569834589958,0.14509226381778717,0.013636903837323189,-0.00877356342971325,2.8504302501678467
1788692036087147500,4.1211474609375,-0.9893845915794373,-0.0033527840860188007,0.007373918313533068,0.14509469270706177,0.013619285076856613,-0.008774331770837307,2.8504254817962646
1788692036092147500,4.1261474609375,-0.989384651184082,-0.0033513924572616816,0.007366251200437546,0.14509481191635132,0.013604516163468361,-0.008769354782998562,2.8504250049591064
1788692036097147400,4.1311474609375,-0.9893847703933716,-0.0033539957366883755,0.007359765935689211,0.14509426057338715,0.01359093189239502,-0.008772616274654865,2.850426197052002
1788692036102147600,4.136147705078125,-0.9893844723701477,-0.0033537389244884253,0.00735291326418519,0.1450967937707901,0.013577421195805073,-0.008770155720412731,2.8504209518432617
1788692036107147500,4.1411474609375,-0.989384114742279,-0.0033560439478605986,0.0073412940837442875,0.14509978890419006,0.013553733006119728,-0.008771386928856373,2.850414991378784
1788692036112147500,4.1461474609375,-0.9893839955329895,-0.0033563782926648855,0.007335380185395479,0.14510071277618408,0.013541923835873604,-0.008770344778895378,2.8504128456115723
1788692036117147400,4.1511474609375,-0.9893838763237,-0.003353768028318882,0.007329289335757494,0.14510191977024078,0.013530615717172623,-0.008763427846133709,2.8504104614257812
1788692036122147600,4.156147705078125,-0.9893835783004761,-0.003356048371642828,0.00732383131980896,0.1451042890548706,0.013519134372472763,-0.008766389451920986,2.850405693054199
1788692036127147500,4.1611474609375,-0.9893832802772522,-0.0033562721218913794,0.007322061341255903,0.14510631561279297,0.013515547849237919,-0.008766346611082554,2.8504016399383545
1788692036132147500,4.1661474609375,-0.9893833994865417,-0.003359133843332529,0.007313734386116266,0.1451057344675064,0.013498244807124138,-0.008769584819674492,2.850402593612671
1788692036137147400,4.1711474609375,-0.9893834590911865,-0.0033634058199822903,0.007309130392968655,0.1451057642698288,0.01348789595067501,-0.008776702918112278,2.850402593612671
1788692036142147600,4.176147705078125,-0.989383339881897,-0.003371485974639654,0.007302949205040932,0.14510652422904968,0.013473311439156532,-0.008790908381342888,2.8504011631011963
1788692036147147500,4.1811474609375,-0.9893835186958313,-0.0033725863322615623,0.007294911425560713,0.14510583877563477,0.013457092456519604,-0.008790744468569756,2.850402355194092
1788692036152147500,4.1861474609375,-0.9893832802772522,-0.003372249426320195,0.007289079483598471,0.14510749280452728,0.01344563439488411,-0.008788407780230045,2.8503990173339844
1788692036157147400,4.1911474609375,-0.9893829822540283,-0.003370334394276142,0.007284640334546566,0.14510980248451233,0.013437383808195591,-0.008783361874520779,2.8503942489624023
1788692036162147600,4.196147705078125,-0.9893826842308044,-0.003375653177499771,0.007279400713741779,0.14511188864707947,0.013425453566014767,-0.008792394772171974,2.8503901958465576
1788692036167147500,4.2011474609375,-0.9893827438354492,-0.003375524887815118,0.0072722965851426125,0.14511211216449738,0.013411430642008781,-0.008790082298219204,2.8503894805908203
1788692036172147500,4.2061474609375,-0.9893826246261597,-0.003379455069079995,0.00726271653547883,0.14511333405971527,0.013391321524977684,-0.008795095607638359,2.8503870964050293
1788692036177147400,4.2111474609375,-0.9893827438354492,-0.0033824071288108826,0.0072571514174342155,0.14511258900165558,0.013379458338022232,-0.008799312636256218,2.850388526916504
1788692036182147600,4.216147705078125,-0.9893934726715088,-0.003379949601367116,0.007250572554767132,0.14503972232341766,0.013367799110710621,-0.008791555650532246,2.8505358695983887
1788692036187147500,4.2211474609375,-0.9893935918807983,-0.0033795281779021025,0.007244173903018236,0.14503918588161469,0.013355263508856297,-0.008788857609033585,2.850536823272705
1788692036192147500,4.2261474609375,-0.9894055724143982,-0.0033811889588832855,0.007237136363983154,0.14495809376239777,0.013341574929654598,-0.008789010345935822,2.850700616836548
1788692036197147400,4.2311474609375,-0.9894053936004639,-0.0033823142293840647,0.007233237847685814,0.14495936036109924,0.013333523645997047,-0.008790124207735062,2.850698232650757
1788692036202147600,4.236147705078125,-0.9894140958786011,-0.0033826567232608795,0.007227652706205845,0.14490002393722534,0.013322897255420685,-0.008788383565843105,2.850817918777466
1788692036207147500,4.2411474609375,-0.989413857460022,-0.003380756126716733,0.007218634709715843,0.14490248262882233,0.013305580243468285,-0.008782043121755123,2.8508129119873047
1788692036212147500,4.2461474609375,-0.989425539970398,-0.003385340329259634,0.007210301235318184,0.14482267200946808,0.013288469053804874,-0.008787627331912518,2.8509743213653564
1788692036217147400,4.2511474609375,-0.989425539970398,-0.003385996213182807,0.007207509595900774,0.14482294023036957,0.01328275166451931,-0.00878812000155449,2.850973606109619
1788692036222147600,4.256147705078125,-0.9894372820854187,-0.0033855510409921408,0.0072040618397295475,0.14474289119243622,0.013276767916977406,-0.008785166777670383,2.851135492324829
1788692036227147500,4.2611474609375,-0.9894372820854187,-0.003383134724572301,0.007201861124485731,0.14474312961101532,0.013273108750581741,-0.008779752068221569,2.851135015487671
1788692036232147500,4.2661474609375,-0.9894489049911499,-0.0033888663165271282,0.007193766068667173,0.14466385543346405,0.0132561344653368,-0.008787688799202442,2.851295232772827
1788692036237147400,4.2711474609375,-0.9894488453865051,-0.0033908013720065355,0.007185549940913916,0.1446646898984909,0.013239307329058647,-0.008789153769612312,2.8512935638427734
1788692036242147600,4.276147705078125,-0.9894614815711975,-0.0033910120837390423,0.007178966421633959,0.1445784866809845,0.01322698313742876,-0.008786512538790703,2.8514676094055176
1788692036247147500,4.2811474609375,-0.9894614219665527,-0.003389601828530431,0.007172202691435814,0.1445791870355606,0.013213997706770897,-0.008781775832176208,2.851466178894043
1788692036252147500,4.2861474609375,-0.989474356174469,-0.0033920679707080126,0.007168873678892851,0.14449076354503632,0.013207481242716312,-0.008784512989223003,2.85164475440979
1788692036257147400,4.2911474609375,-0.9894742965698242,-0.0033971546217799187,0.007161265704780817,0.144491508603096,0.013190948404371738,-0.00879239197820425,2.8516433238983154
1788692036262147600,4.296147705078125,-0.9894857406616211,-0.0034012068063020706,0.007153532933443785,0.14441333711147308,0.013175169005990028,-0.008797136135399342,2.8518013954162598
1788692036267147500,4.3011474609375,-0.9894857406616211,-0.0034014047123491764,0.007150402292609215,0.14441366493701935,0.01316891424357891,-0.008796628564596176,2.8518006801605225
1788692036272147500,4.3061474609375,-0.9894980192184448,-0.0034034212585538626,0.00714426813647151,0.14432978630065918,0.01315693836659193,-0.008797732181847095,2.8519701957702637
1788692036277147400,4.3111474609375,-0.9894979596138,-0.0034061409533023834,0.007137021515518427,0.14433051645755768,0.01314180251210928,-0.008801032789051533,2.85196852684021
1788692036282147600,4.316147705078125,-0.9895129203796387,-0.0034127284307032824,0.007131365593522787,0.14422792196273804,0.013129621744155884,-0.008811075240373611,2.8521759510040283
1788692036287147500,4.3211474609375,-0.9895128011703491,-0.003420899622142315,0.007123125717043877,0.1442287117242813,0.013110950589179993,-0.008824881166219711,2.8521742820739746
1788692036292147500,4.3261474609375,-0.9895229935646057,-0.003418195294216275,0.007116633001714945,0.1441592276096344,0.013099498115479946,-0.008816736750304699,2.8523147106170654
1788692036297147400,4.3311474609375,-0.9895229339599609,-0.0034205394331365824,0.007109854836016893,0.14415991306304932,0.013085402548313141,-0.008819431066513062,2.852313280105591
1788692036302147600,4.336147705078125,-0.9895352125167847,-0.003425703849643469,0.007101466879248619,0.14407603442668915,0.013068060390651226,-0.008826126344501972,2.852482795715332
1788692036307147500,4.3411474609375,-0.9895351529121399,-0.003423737594857812,0.007093539461493492,0.1440768837928772,0.013052928261458874,-0.008819961920380592,2.8524811267852783
1788692036312147500,4.3461474609375,-0.9895462989807129,-0.003425871953368187,0.007082875818014145,0.14400087296962738,0.013031885027885437,-0.00882011279463768,2.8526346683502197
1788692036317147400,4.3511474609375,-0.9895462393760681,-0.00342475320212543,0.0070757134817540646,0.14400163292884827,0.013018024154007435,-0.008815846405923367,2.852632999420166
1788692036322147600,4.356147705078125,-0.9895596504211426,-0.0034248006995767355,0.007070946041494608,0.1439097672700882,0.013009393587708473,-0.008813359774649143,2.852818727493286
1788692036327147500,4.3611474609375,-0.9895595908164978,-0.0034253576304763556,0.00706732552498579,0.14391013979911804,0.01300206407904625,-0.008813424967229366,2.8528177738189697
1788692036332147500,4.3661474609375,-0.9895720481872559,-0.003424614667892456,0.007065532263368368,0.14382457733154297,0.012999488972127438,-0.008810313418507576,2.8529908657073975
1788692036337147400,4.3711474609375,-0.9895720481872559,-0.003420882625505328,0.00706608546897769,0.14382454752922058,0.013001657091081142,-0.00880308635532856,2.8529908657073975
1788692036342147600,4.376147705078125,-0.9895832538604736,-0.003425298724323511,0.00706019252538681,0.14374761283397675,0.012989409267902374,-0.008809122256934643,2.8531463146209717
1788692036347147500,4.3811474609375,-0.9895832538604736,-0.003431420074775815,0.00705681974068284,0.14374792575836182,0.012980971485376358,-0.008820272982120514,2.8531455993652344
1788692036352147500,4.3861474609375,-0.989592969417572,-0.003435486229136586,0.007053648121654987,0.14368098974227905,0.012974122539162636,-0.008826530538499355,2.853281021118164
1788692036357147400,4.3911474609375,-0.9895929098129272,-0.0034348792396485806,0.007048334460705519,0.1436815708875656,0.012963773682713509,-0.008823810145258904,2.8532798290252686
1788692036362147600,4.396147705078125,-0.9896045327186584,-0.0034319856204092503,0.00704542500898242,0.14360176026821136,0.01295955665409565,-0.00881620217114687,2.853440999984741
1788692036367147500,4.4011474609375,-0.9896044731140137,-0.0034337176475673914,0.007039868738502264,0.14360234141349792,0.012948055751621723,-0.00881804246455431,2.8534398078918457
1788692036372147500,4.4061474609375,-0.9896164536476135,-0.0034369707573205233,0.007038141135126352,0.14351990818977356,0.012944438494741917,-0.008822906762361526,2.8536064624786377
1788692036377147400,4.4111474609375,-0.9896163940429688,-0.0034391055814921856,0.007034493610262871,0.1435202807188034,0.012936601415276527,-0.008826090022921562,2.8536057472229004
1788692036382147600,4.416147705078125,-0.9896271824836731,-0.0034402816090732813,0.007028014399111271,0.14344631135463715,0.01292409934103489,-0.008825591765344143,2.853754997253418
1788692036387147500,4.4211474609375,-0.9896271228790283,-0.003440098138526082,0.007024431135505438,0.14344669878482819,0.012917056679725647,-0.008824205957353115,2.8537542819976807
1788692036392147500,4.4261474609375,-0.9896360635757446,-0.0034410234075039625,0.007018412929028273,0.14338523149490356,0.012905426323413849,-0.008823510259389877,2.8538784980773926
1788692036397147400,4.4311474609375,-0.9896360039710999,-0.0034424900077283382,0.007007966283708811,0.1433863341808319,0.012884317897260189,-0.00882343202829361,2.8538761138916016
1788692036402147600,4.436147705078125,-0.9896476864814758,-0.003445108886808157,0.007004967425018549,0.14330556988716125,0.012878350913524628,-0.008826704695820808,2.854039430618286
1788692036407147500,4.4411474609375,-0.989647626876831,-0.003444635309278965,0.006998191587626934,0.14330630004405975,0.012865066528320312,-0.008823835290968418,2.8540377616882324
1788692036412147500,4.4461474609375,-0.9896558523178101,-0.0034449012018740177,0.006988431792706251,0.1432500034570694,0.012846173718571663,-0.008820833638310432,2.854151487350464
1788692036417147400,4.4511474609375,-0.9896557927131653,-0.003448988078162074,0.006981710437685251,0.14325068891048431,0.012831692583858967,-0.008827006444334984,2.8541500568389893
1788692036422147600,4.456147705078125,-0.989666223526001,-0.003454430028796196,0.006979639176279306,0.14317858219146729,0.012826678343117237,-0.008836249820888042,2.8542959690093994
1788692036427147500,4.4611474609375,-0.9896661639213562,-0.0034617858473211527,0.006976959761232138,0.1431788057088852,0.012819265946745872,-0.008850045502185822,2.854295492172241
1788692036432147500,4.4661474609375,-0.9896772503852844,-0.0034610817674547434,0.006971971597522497,0.14310243725776672,0.012810276821255684,-0.00884623546153307,2.85444974899292
1788692036437147400,4.4711474609375,-0.9896772503852844,-0.0034594605676829815,0.006971864495426416,0.14310245215892792,0.01281052827835083,-0.008842996321618557,2.85444974899292
1788692036442147600,4.476147705078125,-0.9896875619888306,-0.0034649863373488188,0.006967415101826191,0.14303138852119446,0.012800775468349457,-0.008851741440594196,2.854593276977539
1788692036447147500,4.4811474609375,-0.9896875023841858,-0.0034654682967811823,0.006958896294236183,0.14303231239318848,0.012783766724169254,-0.008850270882248878,2.8545913696289062
1788692036452147500,4.4861474609375,-0.9896976351737976,-0.003464014735072851,0.006951591931283474,0.14296233654022217,0.012770348228514194,-0.008844401687383652,2.8547327518463135
1788692036457147400,4.4911474609375,-0.9896976351737976,-0.003459547646343708,0.006946589332073927,0.14296291768550873,0.012761716730892658,-0.008834135718643665,2.854731559753418
1788692036462147600,4.496147705078125,-0.9897069931030273,-0.0034632161259651184,0.006942466367036104,0.1428983211517334,0.012753083370625973,-0.008839387446641922,2.8548619747161865
1788692036467147500,4.5011474609375,-0.9897069334983826,-0.003467986360192299,0.0069388747215271,0.14289867877960205,0.012744608335196972,-0.00884780753403902,2.854861259460449
1788692036472147500,4.5061474609375,-0.9897171854972839,-0.0034695726353675127,0.006933930795639753,0.14282765984535217,0.012735002674162388,-0.008848621509969234,2.8550047874450684
1788692036477147400,4.5111474609375,-0.9897171854972839,-0.003466885769739747,0.006929103285074234,0.14282821118831635,0.01272620726376772,-0.008841930888593197,2.855003595352173
1788692036482147600,4.516147705078125,-0.9897292256355286,-0.0034671223256736994,0.006925563327968121,0.14274488389492035,0.012719876132905483,-0.008840317837893963,2.8551719188690186
1788692036487147500,4.5211474609375,-0.9897291660308838,-0.00346683943644166,0.006922404281795025,0.142745241522789,0.012713699601590633,-0.00883886031806469,2.8551712036132812
1788692036492147500,4.5261474609375,-0.9897388815879822,-0.0034637870267033577,0.00692237401381135,0.14267808198928833,0.01271511148661375,-0.008831946179270744,2.85530686378479
1788692036497147400,4.5311474609375,-0.9897388219833374,-0.003460800275206566,0.006918259430676699,0.14267855882644653,0.012707812711596489,-0.008824866265058517,2.8553059101104736
1788692036502147600,4.536147705078125,-0.9897474646568298,-0.0034649434965103865,0.006915670353919268,0.14261898398399353,0.012702038511633873,-0.008831564337015152,2.85542631149292
1788692036507147500,4.5411474609375,-0.9897474050521851,-0.003465810790657997,0.006913590244948864,0.14261920750141144,0.012697670608758926,-0.008832690306007862,2.8554258346557617
1788692036512147500,4.5461474609375,-0.9897582530975342,-0.003466982627287507,0.006911034695804119,0.1425439417362213,0.012692948803305626,-0.008833316154778004,2.8555779457092285
1788692036517147400,4.5511474609375,-0.9897582530975342,-0.0034665048588067293,0.006908812560141087,0.1425441950559616,0.012688684277236462,-0.008831740356981754,2.855577230453491
1788692036522147600,4.556147705078125,-0.9897661805152893,-0.003468445735052228,0.0069045801647007465,0.14248912036418915,0.012680243700742722,-0.008833670057356358,2.8556885719299316
1788692036527147500,4.5611474609375,-0.9897661805152893,-0.0034671048633754253,0.006902391090989113,0.14248937368392944,0.01267628837376833,-0.00883039552718401,2.8556880950927734
1788692036532147500,4.5661474609375,-0.9897751808166504,-0.00346858031116426,0.006897544022649527,0.14242731034755707,0.012666827067732811,-0.008831140585243702,2.855813503265381
1788692036537147400,4.5711474609375,-0.9897751212120056,-0.0034704043064266443,0.006894970778375864,0.14242757856845856,0.012661210261285305,-0.008834022097289562,2.8558127880096436
1788692036542147600,4.576147705078125,-0.9897822737693787,-0.003473476506769657,0.0068879276514053345,0.14237834513187408,0.012646832503378391,-0.008837469853460789,2.855912446975708
1788692036547147500,4.5811474609375,-0.9897822141647339,-0.0034729389008134604,0.006886254530400038,0.1423785388469696,0.012643670663237572,-0.00883593037724495,2.85591197013855
1788692036552147500,4.5861474609375,-0.9897921085357666,-0.0034715738147497177,0.0068841674365103245,0.14231017231941223,0.012640537694096565,-0.008831760846078396,2.8560500144958496
1788692036557147400,4.5911474609375,-0.9897920489311218,-0.0034754190128296614,0.006880609318614006,0.14231052994728088,0.012632397003471851,-0.008838365785777569,2.8560492992401123
1788692036562147600,4.596147705078125,-0.9898004531860352,-0.0034768918994814157,0.006878777872771025,0.14225216209888458,0.012628874741494656,-0.008840016089379787,2.8561673164367676
1788692036567147500,4.6011474609375,-0.9898003935813904,-0.0034774139057844877,0.006876575760543346,0.14225240051746368,0.012624362483620644,-0.008840425871312618,2.8561666011810303
1788692036572147500,4.6061474609375,-0.9898091554641724,-0.0034761186689138412,0.006875859573483467,0.14219152927398682,0.012623855844140053,-0.008836881257593632,2.8562896251678467
1788692036577147400,4.6111474609375,-0.9898091554641724,-0.003472596174106002,0.006873669568449259,0.1421917974948883,0.01262051984667778,-0.008829288184642792,2.8562891483306885
1788692036582147600,4.616147705078125,-0.9898162484169006,-0.0034740669652819633,0.006871799472719431,0.14214257895946503,0.012616838328540325,-0.008831040933728218,2.856388568878174
1788692036587147500,4.6211474609375,-0.9898161292076111,-0.0034785924945026636,0.00686326390132308,0.14214350283145905,0.012598645873367786,-0.008837586268782616,2.856386661529541
1788692036592147500,4.6261474609375,-0.9898259043693542,-0.0034791987854987383,0.0068639228120446205,0.14207564294338226,0.012600383721292019,-0.00883810967206955,2.8565237522125244
1788692036597147400,4.6311474609375,-0.9898258447647095,-0.0034815806429833174,0.0068616983480751514,0.14207586646080017,0.012595301494002342,-0.008842196315526962,2.856523275375366
1788692036602147600,4.636147705078125,-0.9898360371589661,-0.003480876563116908,0.0068578291684389114,0.142005056142807,0.012588473036885262,-0.008838802576065063,2.856666326522827
1788692036607147500,4.6411474609375,-0.9898359775543213,-0.003478073049336672,0.006850712466984987,0.14200587570667267,0.012575171887874603,-0.00883124116808176,2.8566646575927734
1788692036612147500,4.6461474609375,-0.9898471832275391,-0.0034770406782627106,0.006848621182143688,0.14192788302898407,0.01257201936095953,-0.008827612735331059,2.8568222522735596
1788692036617147400,4.6511474609375,-0.9898471236228943,-0.0034800958819687366,0.006843267939984798,0.14192846417427063,0.012560548260807991,-0.00883214920759201,2.856821060180664
1788692036622147600,4.656147705078125,-0.9898570775985718,-0.003481231164187193,0.006840695161372423,0.1418592929840088,0.012555751018226147,-0.008832789026200771,2.8569607734680176
1788692036627147500,4.6611474609375,-0.9898570775985718,-0.0034815194085240364,0.006839063484221697,0.14185947179794312,0.012552437372505665,-0.00883289985358715,2.8569602966308594
1788692036632147500,4.6661474609375,-0.9898664355278015,-0.003482086816802621,0.006834836211055517,0.1417943388223648,0.012544487603008747,-0.008831998333334923,2.8570919036865234
1788692036637147400,4.6711474609375,-0.9898663759231567,-0.003485233522951603,0.006829957012087107,0.1417948603630066,0.01253393106162548,-0.008836851455271244,2.857090950012207
1788692036642147600,4.676147705078125,-0.9898749589920044,-0.003491621930152178,0.00682444591075182,0.14173510670661926,0.012521743774414062,-0.008847180753946304,2.8572115898132324
1788692036647147500,4.6811474609375,-0.9898749589920044,-0.0034867057111114264,0.0068229506723582745,0.14173533022403717,0.012520172633230686,-0.008837026543915272,2.857211112976074
1788692036652147500,4.6861474609375,-0.9898861050605774,-0.003486364148557186,0.006820258218795061,0.14165745675563812,0.012515634298324585,-0.008834602311253548,2.8573684692382812
1788692036657147400,4.6911474609375,-0.9898860454559326,-0.0034859422594308853,0.006817229557782412,0.14165781438350677,0.012509752996265888,-0.00883291382342577,2.857367753982544
1788692036662147600,4.696147705078125,-0.9898952841758728,-0.003483935259282589,0.006814789026975632,0.1415937840938568,0.012506061233580112,-0.008827440440654755,2.857496976852417
1788692036667147500,4.7011474609375,-0.9898952841758728,-0.003484282409772277,0.0068145799450576305,0.141593798995018,0.012505549006164074,-0.008828068152070045,2.857496976852417
1788692036672147500,4.7061474609375,-0.9899036884307861,-0.003485057968646288,0.006814177613705397,0.14153476059436798,0.012505059130489826,-0.008828744292259216,2.8576161861419678
1788692036677147400,4.7111474609375,-0.9899036884307861,-0.003485210007056594,0.0068155755288898945,0.14153459668159485,0.012507785111665726,-0.008829438127577305,2.857616662979126
1788692036682147600,4.716147705078125,-0.9899153709411621,-0.0034872787073254585,0.00680968863889575,0.14145323634147644,0.01249626837670803,-0.008830840699374676,2.857780933380127
1788692036687147500,4.7211474609375,-0.9899153113365173,-0.0034900701139122248,0.006804299540817738,0.141453817486763,0.012484804727137089,-0.00883485097438097,2.8577797412872314
1788692036692147500,4.7261474609375,-0.9899235963821411,-0.003487073117867112,0.006803574971854687,0.1413959413766861,0.012484733015298843,-0.00882798247039318,2.857896566390991
1788692036697147400,4.7311474609375,-0.9899235963821411,-0.003488690359517932,0.006801515817642212,0.1413961499929428,0.012480197474360466,-0.008830604143440723,2.857896089553833
1788692036702147600,4.736147705078125,-0.9899338483810425,-0.0034909446258097887,0.006799191702157259,0.14132443070411682,0.01247559953480959,-0.0088335070759058,2.8580410480499268
1788692036707147500,4.7411474609375,-0.9899337887763977,-0.003487843321636319,0.006795639172196388,0.14132486283779144,0.012469437904655933,-0.008826367557048798,2.8580400943756104
1788692036712147500,4.7461474609375,-0.9899429082870483,-0.0034927609376609325,0.006794502027332783,0.14126119017601013,0.012466364540159702,-0.008834981359541416,2.858168840408325
1788692036717147400,4.7511474609375,-0.9899428486824036,-0.003495879704132676,0.006790464278310537,0.14126162230968475,0.012457483448088169,-0.008840021677315235,2.858167886734009
1788692036722147600,4.756147705078125,-0.9899513125419617,-0.0034967672545462847,0.00678895553573966,0.14120227098464966,0.012454776093363762,-0.008840605616569519,2.858287811279297
1788692036727147500,4.7611474609375,-0.9899512529373169,-0.003496878081932664,0.006784030236303806,0.14120285212993622,0.012444986961781979,-0.00883944146335125,2.8582866191864014
1788692036732147500,4.7661474609375,-0.9899625182151794,-0.0034975861199200153,0.00677883718162775,0.1411242038011551,0.012435207143425941,-0.008838390000164509,2.858445644378662
1788692036737147400,4.7711474609375,-0.9899624586105347,-0.0034996368922293186,0.006775597110390663,0.14112456142902374,0.012428210116922855,-0.008841539733111858,2.8584446907043457
1788692036742147600,4.776147705078125,-0.9899693727493286,-0.003501995000988245,0.006774890702217817,0.1410759687423706,0.012426580302417278,-0.00884540006518364,2.8585429191589355
1788692036747147500,4.7811474609375,-0.9899694323539734,-0.003502713982015848,0.006776419002562761,0.14107578992843628,0.012429405935108662,-0.00884725246578455,2.8585433959960938
1788692036752147500,4.7861474609375,-0.9899786710739136,-0.003504430642351508,0.006776266731321812,0.1410105675458908,0.01242920197546482,-0.008849789388477802,2.858675241470337
1788692036757147400,4.7911474609375,-0.9899786710739136,-0.0035076106432825327,0.0067742494866251945,0.14101076126098633,0.01242431066930294,-0.008855518884956837,2.8586747646331787
1788692036762147600,4.796147705078125,-0.9899869561195374,-0.0035094113554805517,0.006769302301108837,0.14095273613929749,0.012414525263011456,-0.008856961503624916,2.8587920665740967
1788692036767147500,4.8011474609375,-0.9899869561195374,-0.0035093636251986027,0.006767155136913061,0.14095298945903778,0.012410285882651806,-0.008856264874339104,2.8587913513183594
1788692036772147500,4.8061474609375,-0.989993691444397,-0.003510618582367897,0.006762206554412842,0.1409056931734085,0.012400556355714798,-0.008856763131916523,2.858886957168579
1788692036777147400,4.8111474609375,-0.989993691444397,-0.00350527698174119,0.006760519929230213,0.1409059464931488,0.012398717924952507,-0.00884571485221386,2.858886480331421
1788692036782147600,4.816147705078125,-0.9900012016296387,-0.0035059875808656216,0.006756732705980539,0.14085321128368378,0.012391489930450916,-0.008845394477248192,2.8589928150177
1788692036787147500,4.8211474609375,-0.9900011420249939,-0.0035067920107394457,0.006749865598976612,0.14085401594638824,0.012377658858895302,-0.008845062926411629,2.8589911460876465
1788692036792147500,4.8261474609375,-0.9900085926055908,-0.0035102383699268103,0.006744340993463993,0.14080174267292023,0.012366214767098427,-0.008849677629768848,2.8590967655181885
1788692036797147400,4.8311474609375,-0.9900085926055908,-0.0035114253405481577,0.006741889752447605,0.1408020257949829,0.012361024506390095,-0.008851341903209686,2.8590962886810303
1788692036802147600,4.836147705078125,-0.9900166988372803,-0.0035142777487635612,0.00673831719905138,0.140745148062706,0.012353656813502312,-0.008855273947119713,2.8592112064361572
1788692036807147500,4.8411474609375,-0.9900166392326355,-0.0035138505045324564,0.006733591202646494,0.14074571430683136,0.012344412505626678,-0.008853103965520859,2.8592100143432617
1788692036812147500,4.8461474609375,-0.9900255799293518,-0.003516650991514325,0.006728692911565304,0.14068304002285004,0.012334486469626427,-0.00885649025440216,2.8593366146087646
1788692036817147400,4.8511474609375,-0.9900255799293518,-0.0035168023314327,0.006726815365254879,0.14068326354026794,0.012330722995102406,-0.008856264874339104,2.8593361377716064
1788692036822147600,4.856147705078125,-0.9900348782539368,-0.00351917976513505,0.0067293052561581135,0.1406174600124359,0.012335574254393578,-0.008860853500664234,2.859468936920166
1788692036827147500,4.8611474609375,-0.9900348782539368,-0.0035195322707295418,0.006729238200932741,0.1406174600124359,0.012335343286395073,-0.008861532434821129,2.859468936920166
1788692036832147500,4.8661474609375,-0.9900416135787964,-0.0035174281802028418,0.006719541270285845,0.14057046175003052,0.012317151762545109,-0.008854053914546967,2.8595638275146484
1788692036837147400,4.8711474609375,-0.9900416135787964,-0.003518436336889863,0.0067174057476222515,0.1405707150697708,0.012312637642025948,-0.008855452761054039,2.8595633506774902
1788692036842147600,4.876147705078125,-0.9900493025779724,-0.0035217555705457926,0.006708330009132624,0.14051692187786102,0.012294214218854904,-0.00885880645364523,2.8596718311309814
1788692036847147500,4.8811474609375,-0.9900492429733276,-0.003524682717397809,0.006704218685626984,0.14051738381385803,0.012285246513783932,-0.00886345375329256,2.859671115875244
1788692036852147500,4.8861474609375,-0.9900569319725037,-0.003526389831677079,0.00670321611687541,0.14046312868595123,0.012283267453312874,-0.00886587891727686,2.8597805500030518
1788692036857147400,4.8911474609375,-0.9900569319725037,-0.0035264522302895784,0.006704325322061777,0.1404629945755005,0.012285446748137474,-0.00886631291359663,2.859780788421631
1788692036862147600,4.896147705078125,-0.9900656342506409,-0.0035249385982751846,0.006706662476062775,0.14040157198905945,0.012291050516068935,-0.008863209746778011,2.8599050045013428
1788692036867147500,4.9011474609375,-0.9900656938552856,-0.003515997901558876,0.006706776097416878,0.14040164649486542,0.012293784879148006,-0.008845537900924683,2.8599047660827637
1788692036872147500,4.9061474609375,-0.9900751113891602,-0.00351196201518178,0.006713660433888435,0.14033469557762146,0.012309147045016289,-0.008838647045195103,2.8600399494171143
1788692036877147400,4.9111474609375,-0.9900751709938049,-0.0035109028685837984,0.006718058604747057,0.14033417403697968,0.012318159453570843,-0.008837777189910412,2.8600411415100098
1788692036882147600,4.916147705078125,-0.9900833368301392,-0.0035114383790642023,0.006718296092003584,0.14027650654315948,0.012318993918597698,-0.008838186971843243,2.8601574897766113
1788692036887147500,4.9211474609375,-0.9900832772254944,-0.0035107906442135572,0.006710955407470465,0.14027740061283112,0.012304630130529404,-0.008834855630993843,2.8601558208465576
1788692036892147500,4.9261474609375,-0.9900924563407898,-0.0035121499095112085,0.00671106344088912,0.1402125358581543,0.012305041775107384,-0.008836771361529827,2.8602867126464844
1788692036897147400,4.9311474609375,-0.9900924563407898,-0.003510920098051429,0.006709359120577574,0.1402127593755722,0.01230201032012701,-0.008833860978484154,2.860286235809326
1788692036902147600,4.936147705078125,-0.9901021718978882,-0.0035151266492903233,0.0067070247605443,0.1401442289352417,0.012296820990741253,-0.008840685710310936,2.860424757003784
1788692036907147500,4.9411474609375,-0.9901019930839539,-0.0035216195974498987,0.006692024413496256,0.14014597237110138,0.01226527988910675,-0.00884936098009348,2.8604211807250977
1788692036912147500,4.9461474609375,-0.9901067018508911,-0.003526542568579316,0.006675232667475939,0.14011338353157043,0.012230937369167805,-0.008854000829160213,2.8604869842529297
1788692036917147400,4.9511474609375,-0.9901065230369568,-0.0035313707776367664,0.006660920102149248,0.14011505246162415,0.012201226316392422,-0.008859572000801563,2.860483407974243
1788692036922147600,4.956147705078125,-0.9901144504547119,-0.003553814720362425,0.006618671119213104,0.14006055891513824,0.012111760675907135,-0.00889151357114315,2.860593318939209
1788692036927147500,4.9611474609375,-0.9901138544082642,-0.003571735927835107,0.006563597358763218,0.140066996216774,0.011997617781162262,-0.00891165528446436,2.8605799674987793
1788692036932147500,4.9661474609375,-0.9901188611984253,-0.0036430181935429573,0.0065054274164140224,0.14003239572048187,0.011862773448228836,-0.009036106057465076,2.860650062561035
1788692036937147400,4.9711474609375,-0.9901143312454224,-0.003794538090005517,0.0061134411953389645,0.1400778889656067,0.01104364451020956,-0.009226900525391102,2.860556125640869
1788692036942147600,4.976147705078125,-0.9901134371757507,-0.004009738098829985,0.0054997848346829414,0.14010372757911682,0.009767857380211353,-0.009481414221227169,2.8605000972747803
1788692036947147500,4.9811474609375,-0.9901033639907837,-0.004273956175893545,0.004698312841355801,0.14019635319709778,0.008105721324682236,-0.009780844673514366,2.860307216644287
1788692036952147500,4.9861474609375,-0.9900923371315002,-0.003839249722659588,0.0031190880108624697,0.14033076167106628,0.005099046044051647,-0.008477932773530483,2.8600199222564697
1788692036957147400,4.9911474609375,-0.990081250667572,-0.004371157847344875,0.001693128957413137,0.14041762053966522,0.0021251854486763477,-0.009131220169365406,2.859832763671875
1788692036962147600,4.996147705078125,-0.9900791049003601,-0.004344675689935684,0.0011206427589058876,0.14043959975242615,0.0009987606899812818,-0.008918029256165028,2.859783411026001
1788692036967147500,5.0011474609375,-0.9900554418563843,-0.004593608435243368,-0.00031639053486287594,0.14060239493846893,-0.0019183119293302298,-0.009007005952298641,2.8594412803649902
1788692036972147500,5.0061474609375,-0.9900445342063904,-0.004707507789134979,-0.001403563073836267,0.14066874980926514,-0.004103753715753555,-0.008926527574658394,2.859297275543213
1788692036977147400,5.0111474609375,-0.9900280833244324,-0.004825733136385679,-0.0024358280934393406,0.14076638221740723,-0.006181960925459862,-0.008869573473930359,2.8590900897979736
1788692036982147600,5.016147705078125,-0.9900274276733398,-0.004850094206631184,-0.00262053357437253,0.14076702296733856,-0.006554570980370045,-0.008865799754858017,2.8590869903564453
1788692036987147500,5.0211474609375,-0.9900279641151428,-0.0048607876524329185,-0.002710505621507764,0.14076091349124908,-0.006735686212778091,-0.008861681446433067,2.859098434448242
1788692036992147500,5.0261474609375,-0.9900310039520264,-0.004872945137321949,-0.002867792034521699,0.14073625206947327,-0.007050340063869953,-0.00884164497256279,2.8591468334198
1788692036997147400,5.0311474609375,-0.9900275468826294,-0.0048815361224114895,-0.003004799596965313,0.14075718820095062,-0.007324241567403078,-0.00881993118673563,2.859103202819824
1788692037002147600,5.036147705078125,-0.9900296926498413,-0.004892193712294102,-0.00314223556779325,0.14073871076107025,-0.007599222473800182,-0.00880247913300991,2.8591394424438477
1788692037007147500,5.0411474609375,-0.9900186657905579,-0.004901248496025801,-0.003287689993157983,0.1408126801252365,-0.007890450768172741,-0.008778871037065983,2.8589885234832764
1788692037012147500,5.0461474609375,-0.9900000691413879,-0.004914275370538235,-0.003370082937180996,0.1409408003091812,-0.008058406412601471,-0.008780413307249546,2.8587288856506348
1788692037017147400,5.0511474609375,-0.9899564981460571,-0.004901479929685593,-0.0034765806049108505,0.14124445617198944,-0.008268349803984165,-0.008722519502043724,2.858114719390869
1788692037022147600,5.056147705078125,-0.9899231195449829,-0.00495504355058074,-0.0037201636005192995,0.1414700299501419,-0.008767780847847462,-0.008757752366364002,2.857656240463257
1788692037027147500,5.0611474609375,-0.9899288415908813,-0.00489683635532856,-0.003846649546176195,0.14142869412899017,-0.009001379832625389,-0.008607092313468456,2.8577394485473633
1788692037032147500,5.0661474609375,-0.9899355173110962,-0.0049112820997834206,-0.003870428539812565,0.1413809210062027,-0.009052133187651634,-0.008629403077065945,2.857835531234741
1788692037037147400,5.0711474609375,-0.9899318814277649,-0.004913071170449257,-0.004042898304760456,0.14140164852142334,-0.00939430482685566,-0.008583972230553627,2.857792377471924
1788692037042147600,5.076147705078125,-0.9899392127990723,-0.004941804800182581,-0.004130018409341574,0.14134661853313446,-0.009574449621140957,-0.008616750128567219,2.8579022884368896
1788692037047147500,5.0811474609375,-0.9899312853813171,-0.004897924140095711,-0.004246044903993607,0.1414002627134323,-0.009792231023311615,-0.008496535010635853,2.8577935695648193
1788692037052147500,5.0861474609375,-0.9899452924728394,-0.004923827480524778,-0.004390102811157703,0.14129690825939178,-0.010083901695907116,-0.008508126251399517,2.8580007553100586
1788692037057147400,5.0911474609375,-0.9899429082870483,-0.004950372967869043,-0.004484752658754587,0.14130984246730804,-0.010278926230967045,-0.008533797226846218,2.857973575592041
1788692037062147600,5.096147705078125,-0.9899435639381409,-0.004967691842466593,-0.004646573215723038,0.14129918813705444,-0.010604135692119598,-0.00852245930582285,2.8579936027526855
1788692037067147500,5.1011474609375,-0.9899359941482544,-0.004976666998118162,-0.0048009310849010944,0.14134657382965088,-0.010912708938121796,-0.008496075868606567,2.857896327972412
1788692037072147500,5.1061474609375,-0.9899418354034424,-0.00497661205008626,-0.004968082997947931,0.14130015671253204,-0.011243256740272045,-0.008449231274425983,2.8579888343811035
1788692037077147400,5.1111474609375,-0.9899399280548096,-0.005008325446397066,-0.005144715309143066,0.14130616188049316,-0.01160200871527195,-0.008462022989988327,2.8579747676849365
1788692037082147600,5.116147705078125,-0.9899448156356812,-0.005022847559303045,-0.005308010149747133,0.1412651091814041,-0.011929089203476906,-0.008445111103355885,2.8580563068389893
1788692037087147500,5.1211474609375,-0.989941418170929,-0.0050386409275233746,-0.005463426001369953,0.14128252863883972,-0.012241428717970848,-0.008432244881987572,2.8580195903778076
1788692037092147500,5.1261474609375,-0.9899400472640991,-0.005059210583567619,-0.005636058747768402,0.1412847936153412,-0.012589079327881336,-0.008424150757491589,2.858013153076172
1788692037097147400,5.1311474609375,-0.989938497543335,-0.005099588539451361,-0.005736198741942644,0.14128999412059784,-0.01279881875962019,-0.00847572460770607,2.858001232147217
1788692037102147600,5.136147705078125,-0.9899290204048157,-0.005124600138515234,-0.005849731620401144,0.1413508951663971,-0.01303120981901884,-0.00849235337227583,2.857877016067505
1788692037107147500,5.1411474609375,-0.9899253845214844,-0.005137782543897629,-0.005943295545876026,0.14137181639671326,-0.013220374472439289,-0.008491716347634792,2.8578336238861084
1788692037112147500,5.1461474609375,-0.9899244904518127,-0.005144694820046425,-0.0060097696259617805,0.14137519896030426,-0.013353978283703327,-0.008486554957926273,2.8578262329101562
1788692037117147400,5.1511474609375,-0.9899268746376038,-0.005155238322913647,-0.006088601890951395,0.1413545459508896,-0.013512872159481049,-0.008485416881740093,2.8578670024871826
1788692037122147600,5.156147705078125,-0.989928126335144,-0.005190560128539801,-0.006155470851808786,0.14134161174297333,-0.013655154034495354,-0.008536617271602154,2.8578920364379883
1788692037127147500,5.1611474609375,-0.989928126335144,-0.005223341751843691,-0.006213578395545483,0.141338050365448,-0.01377944927662611,-0.00858514104038477,2.857898235321045
1788692037132147500,5.1661474609375,-0.9899263978004456,-0.005256372969597578,-0.00632250914350152,0.1413440853357315,-0.014004530385136604,-0.008619653061032295,2.857884645462036
1788692037137147400,5.1711474609375,-0.989926278591156,-0.005279554054141045,-0.006398199591785669,0.1413407325744629,-0.014160926453769207,-0.008644194342195988,2.8578903675079346
1788692037142147600,5.176147705078125,-0.9899276494979858,-0.005299682728946209,-0.006442709360271692,0.14132799208164215,-0.014254637993872166,-0.008671644143760204,2.8579154014587402
1788692037147147500,5.1811474609375,-0.9899271130561829,-0.005318126175552607,-0.006509370636194944,0.14132831990718842,-0.01439184881746769,-0.008689306676387787,2.8579139709472656
1788692037152147500,5.1861474609375,-0.9899294376373291,-0.00533561035990715,-0.00653242040425539,0.14131008088588715,-0.014442271552979946,-0.008717672899365425,2.857950210571289
1788692037157147400,5.1911474609375,-0.9899351596832275,-0.005347791127860546,-0.006595194805413485,0.14126653969287872,-0.014569628983736038,-0.008724682964384556,2.8580374717712402
1788692037162147600,5.196147705078125,-0.9899477362632751,-0.0053413440473377705,-0.006628585513681173,0.14117716252803802,-0.014633133076131344,-0.008703802712261677,2.85821795463562
1788692037167147500,5.2011474609375,-0.9899671673774719,-0.005326197482645512,-0.006661000195890665,0.14103999733924866,-0.014691837131977081,-0.008666694164276123,2.858494997024536
1788692037172147500,5.2061474609375,-0.9899949431419373,-0.005355505272746086,-0.0065996418707072735,0.14084666967391968,-0.014576907269656658,-0.008744882419705391,2.8588855266571045
1788692037177147400,5.2111474609375,-0.9900216460227966,-0.00533354701474309,-0.006517660804092884,0.14066344499588013,-0.014406767673790455,-0.008727171458303928,2.8592567443847656
1788692037182147600,5.216147705078125,-0.9900487661361694,-0.005323094315826893,-0.006340923719108105,0.1404811292886734,-0.014052237384021282,-0.00875879731029272,2.8596267700195312
1788692037187147500,5.2211474609375,-0.9900561571121216,-0.005317642819136381,-0.006127024069428444,0.14043861627578735,-0.013626751489937305,-0.008808702230453491,2.8597145080566406
1788692037192147500,5.2261474609375,-0.9900505542755127,-0.005299089476466179,-0.005971449427306652,0.14048543572425842,-0.01331387273967266,-0.008815043605864048,2.859621524810791
1788692037197147400,5.2311474609375,-0.9900540113449097,-0.005290791857987642,-0.005809798836708069,0.14046800136566162,-0.012991276569664478,-0.008844273164868355,2.8596582412719727
1788692037202147600,5.236147705078125,-0.9900702238082886,-0.005282687023282051,-0.0056649064645171165,0.1403602659702301,-0.012701109983026981,-0.008870323188602924,2.859877347946167
1788692037207147500,5.2411474609375,-0.9900813698768616,-0.005258775316178799,-0.005356428679078817,0.1402943730354309,-0.012082927860319614,-0.00891039613634348,2.860013484954834
1788692037212147500,5.2461474609375,-0.9900843501091003,-0.005245828069746494,-0.005156097002327442,0.14028124511241913,-0.011682456359267235,-0.008941136300563812,2.860041856765747
1788692037217147400,5.2511474609375,-0.9900868535041809,-0.005229591391980648,-0.0048457863740623,0.14027558267116547,-0.011063340120017529,-0.008996129967272282,2.860056161880493
1788692037222147600,5.256147705078125,-0.9900999069213867,-0.005205787252634764,-0.004626932088285685,0.14019155502319336,-0.010622494854032993,-0.009011306799948215,2.8602280616760254
1788692037227147500,5.2611474609375,-0.9901155233383179,-0.005158471409231424,-0.004209030885249376,0.14009593427181244,-0.009780770167708397,-0.009035751223564148,2.8604254722595215
1788692037232147500,5.2661474609375,-0.9901179671287537,-0.005118693225085735,-0.004008348099887371,0.1400861144065857,-0.009372108615934849,-0.009013314731419086,2.860447645187378
1788692037237147400,5.2711474609375,-0.9901250004768372,-0.00507854949682951,-0.003633687272667885,0.14004817605018616,-0.00861855037510395,-0.00903913751244545,2.860527992248535
1788692037242147600,5.276147705078125,-0.9901300072669983,-0.005033430643379688,-0.0033538236748427153,0.14002156257629395,-0.008051435463130474,-0.00902840867638588,2.8605847358703613
1788692037247147500,5.2811474609375,-0.9901372194290161,-0.005001647863537073,-0.0030720671638846397,0.13997803628444672,-0.007484153378754854,-0.009044714272022247,2.860675573348999
1788692037252147500,5.2861474609375,-0.990146279335022,-0.004970069508999586,-0.0027928058989346027,0.13992105424404144,-0.006921747233718634,-0.009060771204531193,2.860793352127075
1788692037257147400,5.2911474609375,-0.9901416301727295,-0.004940796177834272,-0.0025779709685593843,0.13995888829231262,-0.006488441489636898,-0.009062680415809155,2.8607192039489746
1788692037262147600,5.296147705078125,-0.9901479482650757,-0.004915570840239525,-0.0024089741054922342,0.1399182230234146,-0.0061463285237550735,-0.009060290642082691,2.8608028888702393
1788692037267147500,5.3011474609375,-0.9901520609855652,-0.0048844097182154655,-0.002214598236605525,0.13989335298538208,-0.0057524386793375015,-0.0090531250461936,2.8608551025390625
1788692037272147500,5.3061474609375,-0.9901567697525024,-0.0048637413419783115,-0.001991733442991972,0.13986392319202423,-0.005305024329572916,-0.009074714034795761,2.8609166145324707
1788692037277147400,5.3111474609375,-0.9901570081710815,-0.0048394957557320595,-0.0017543170833960176,0.13986648619174957,-0.004828083794564009,-0.009093106724321842,2.8609137535095215
1788692037282147600,5.316147705078125,-0.9901509881019592,-0.0047996630892157555,-0.0014741969062015414,0.13991360366344452,-0.004262620583176613,-0.009092387743294239,2.860821485519409
1788692037287147500,5.3211474609375,-0.9901551008224487,-0.0047518969513475895,-0.0011567480396479368,0.13988900184631348,-0.003620353527367115,-0.009086722508072853,2.8608741760253906
1788692037292147500,5.3261474609375,-0.9901610016822815,-0.0047043124213814735,-0.0008545465534552932,0.13985121250152588,-0.003008213359862566,-0.009077159687876701,2.8609535694122314
1788692037297147400,5.3311474609375,-0.9901657700538635,-0.004663902334868908,-0.0005425038398243487,0.1398201435804367,-0.0023786528035998344,-0.009084491990506649,2.8610191345214844
1788692037302147600,5.336147705078125,-0.9901683330535889,-0.0046247877180576324,-0.00027466192841529846,0.13980397582054138,-0.0018371273763477802,-0.009081963449716568,2.8610544204711914
1788692037307147500,5.3411474609375,-0.9901706576347351,-0.00460986141115427,-0.00013679120456799865,0.13978847861289978,-0.0015597693854942918,-0.00909097958356142,2.8610870838165283
1788692037312147500,5.3461474609375,-0.9901666045188904,-0.004597401712089777,0.00007162076508393511,0.13981769979000092,-0.001143811154179275,-0.009124541655182838,2.861029863357544
1788692037317147400,5.3511474609375,-0.9901558756828308,-0.004584395792335272,0.0002897965896409005,0.13989363610744476,-0.0007087978301569819,-0.009159741923213005,2.8608784675598145
1788692037322147600,5.356147705078125,-0.9901366829872131,-0.004565853159874678,0.0005517866229638457,0.14002926647663116,-0.00018602570344228297,-0.009196299128234386,2.8606069087982178
1788692037327147500,5.3611474609375,-0.9901264905929565,-0.004468996077775955,0.0006814817315898836,0.1401039958000183,0.00009726176358526573,-0.00904082227498293,2.860457420349121
1788692037332147500,5.3661474609375,-0.9901362061500549,-0.0044163670390844345,0.0009243595995940268,0.14003553986549377,0.0005936111556366086,-0.009004618041217327,2.860597848892212
1788692037337147400,5.3711474609375,-0.9901382327079773,-0.004396512638777494,0.0011710174148902297,0.1400199830532074,0.0010877836029976606,-0.00903436541557312,2.8606314659118652
1788692037342147600,5.376147705078125,-0.9901399612426758,-0.004334397614002228,0.0013879335019737482,0.14000780880451202,0.0015348602319136262,-0.00897208321839571,2.8606579303741455
1788692037347147500,5.3811474609375,-0.9901467561721802,-0.004320789594203234,0.0016594819026067853,0.13995717465877533,0.0020768961403518915,-0.009021066129207611,2.860762596130371
1788692037352147500,5.3861474609375,-0.9901512861251831,-0.004288570024073124,0.0019140023505315185,0.1399225890636444,0.0025902767665684223,-0.009028413332998753,2.860834836959839
1788692037357147400,5.3911474609375,-0.9901549220085144,-0.0042204768396914005,0.0021620080806314945,0.13989555835723877,0.0031007237266749144,-0.008962882682681084,2.860891580581665
1788692037362147600,5.396147705078125,-0.9901593923568726,-0.00418610917404294,0.002433914691209793,0.13986051082611084,0.003649139078333974,-0.008970768190920353,2.860964775085449
1788692037367147500,5.4011474609375,-0.9901648163795471,-0.004157308489084244,0.002679371740669012,0.13981816172599792,0.004143684171140194,-0.008982212282717228,2.8610522747039795
1788692037372147500,5.4061474609375,-0.9901683330535889,-0.004111381247639656,0.0029103849083185196,0.13979031145572662,0.004614280536770821,-0.008955726400017738,2.8611104488372803
1788692037377147400,5.4111474609375,-0.9901677370071411,-0.00407663406804204,0.003150522243231535,0.13979041576385498,0.005099568981677294,-0.008954047225415707,2.861112356185913
1788692037382147600,5.416147705078125,-0.9901641011238098,-0.004043802618980408,0.0033716585021466017,0.1398119032382965,0.005546497646719217,-0.008950971066951752,2.8610706329345703
1788692037387147500,5.4211474609375,-0.9901552200317383,-0.0040212771855294704,0.0035919302608817816,0.13986970484256744,0.005988503806293011,-0.008968302048742771,2.8609557151794434
1788692037392147500,5.4261474609375,-0.9901393055915833,-0.003961674869060516,0.00381750101223588,0.13997821509838104,0.006450920831412077,-0.008914072066545486,2.8607382774353027
1788692037397147400,5.4311474609375,-0.9901208877563477,-0.003917697351425886,0.004037143662571907,0.1401035040616989,0.00689708162099123,-0.008889340795576572,2.8604869842529297
1788692037402147600,5.436147705078125,-0.9901031851768494,-0.0038543292321264744,0.004110763780772686,0.14022831618785858,0.007059519644826651,-0.008785370737314224,2.8602352142333984
1788692037407147500,5.4411474609375,-0.9901155829429626,-0.003847195068374276,0.0041550081223249435,0.14013943076133728,0.007149925455451012,-0.008783008903265,2.860414981842041
1788692037412147500,5.4461474609375,-0.9901268482208252,-0.003802019637078047,0.004447840619832277,0.14005199074745178,0.0077432673424482346,-0.008774934336543083,2.8605940341949463
1788692037417147400,5.4511474609375,-0.990123450756073,-0.0037574523594230413,0.004670439288020134,0.1400698572397232,0.00819641724228859,-0.00874917022883892,2.8605594635009766
1788692037422147600,5.456147705078125,-0.9901173710823059,-0.0037245680578052998,0.0047930083237588406,0.14010979235172272,0.00844800565391779,-0.008718724362552166,2.8604795932769775
1788692037427147500,5.4611474609375,-0.9901213049888611,-0.003660754067823291,0.004967225715517998,0.14007744193077087,0.00881117768585682,-0.008640880696475506,2.860546112060547
1788692037432147500,5.4661474609375,-0.99012690782547,-0.0036354921758174896,0.00509365601465106,0.14003397524356842,0.009069008752703667,-0.008625874295830727,2.8606348037719727
1788692037437147400,5.4711474609375,-0.9901346564292908,-0.0036166387144476175,0.005277556832879782,0.1399727463722229,0.009439014829695225,-0.008639453910291195,2.860759735107422
1788692037442147600,5.476147705078125,-0.9901357889175415,-0.003582991426810622,0.005477297119796276,0.13995835185050964,0.00984412245452404,-0.008628590032458305,2.860790491104126
1788692037447147500,5.4811474609375,-0.9901363849639893,-0.0035682497546076775,0.005682231392711401,0.13994598388671875,0.0102542070671916,-0.00865662656724453,2.8608169555664062
1788692037452147500,5.4861474609375,-0.9901390671730042,-0.0035327584482729435,0.0058658248744904995,0.13992048799991608,0.01062795054167509,-0.008637449704110622,2.8608696460723877
1788692037457147400,5.4911474609375,-0.9901422262191772,-0.0035011088475584984,0.00610456895083189,0.13988882303237915,0.011109894141554832,-0.00864122062921524,2.8609354496002197
1788692037462147600,5.496147705078125,-0.9901420474052429,-0.0034551015123724937,0.006272853817790747,0.13988357782363892,0.011456082575023174,-0.00859712716192007,2.8609468936920166
1788692037467147500,5.5011474609375,-0.9901424050331116,-0.003406386822462082,0.006469658110290766,0.1398734450340271,0.011859551072120667,-0.008555587381124496,2.860968589782715
1788692037472147500,5.5061474609375,-0.9901407957077026,-0.0033539999276399612,0.006628863047808409,0.1398787498474121,0.012189450673758984,-0.008496440947055817,2.8609588146209717
1788692037477147400,5.5111474609375,-0.9901454448699951,-0.003300522454082966,0.006784243043512106,0.13983939588069916,0.01251245941966772,-0.008433503098785877,2.86103892326355
1788692037482147600,5.516147705078125,-0.9901452660560608,-0.003272658446803689,0.0069937086664140224,0.13983109593391418,0.012935156933963299,-0.008436789736151695,2.8610570430755615
1788692037487147500,5.5211474609375,-0.990142822265625,-0.003216644749045372,0.007144539151340723,0.1398421823978424,0.013249433599412441,-0.008368189446628094,2.8610353469848633
1788692037492147500,5.5261474609375,-0.9901415705680847,-0.003166995942592621,0.007260544691234827,0.1398460417985916,0.013493024744093418,-0.008302360773086548,2.861027956008911
1788692037497147400,5.5311474609375,-0.9901443123817444,-0.003164546564221382,0.007305448409169912,0.1398245096206665,0.013582821004092693,-0.008309773169457912,2.861071825027466
1788692037502147600,5.536147705078125,-0.990150511264801,-0.0031279982067644596,0.007368938531726599,0.13977783918380737,0.01371916476637125,-0.008254501037299633,2.86116623878479
1788692037507147500,5.5411474609375,-0.9901557564735413,-0.003100248519331217,0.007637685630470514,0.139726921916008,0.014259591698646545,-0.00827393215149641,2.8612709045410156
1788692037512147500,5.5461474609375,-0.9901536703109741,-0.0030884186271578074,0.00778083736076951,0.1397339403629303,0.014546348713338375,-0.0082906074821949,2.861257553100586
1788692037517147400,5.5511474609375,-0.9901536703109741,-0.0030806679278612137,0.007938148453831673,0.13972550630569458,0.014860139228403568,-0.008319089189171791,2.8612759113311768
1788692037522147600,5.556147705078125,-0.9901565909385681,-0.003057272871956229,0.008074062876403332,0.13969732820987701,0.015136088244616985,-0.008310304023325443,2.8613336086273193
1788692037527147500,5.5611474609375,-0.9901558756828308,-0.0030514698009938,0.008141898550093174,0.13969874382019043,0.015272046439349651,-0.00831778347492218,2.8613312244415283
1788692037532147500,5.5661474609375,-0.9901533126831055,-0.0030849790200591087,0.008167877793312073,0.13971461355686188,0.015314008109271526,-0.008391646668314934,2.861299753189087
1788692037537147400,5.5711474609375,-0.9901441335678101,-0.003087092423811555,0.008216366171836853,0.1397768259048462,0.015408920124173164,-0.008410346694290638,2.8611745834350586
1788692037542147600,5.576147705078125,-0.9901424646377563,-0.003092968836426735,0.008148410357534885,0.13979239761829376,0.015272561460733414,-0.008403230458498001,2.861142635345459
1788692037547147500,5.5811474609375,-0.9901421070098877,-0.0031172973103821278,0.008161665871739388,0.13979361951351166,0.015292003750801086,-0.008455133065581322,2.861140489578247
1788692037552147500,5.5861474609375,-0.990142285823822,-0.0031256431248039007,0.008198105730116367,0.13979025185108185,0.01536186970770359,-0.008481794968247414,2.861147880554199
1788692037557147400,5.5911474609375,-0.9901342988014221,-0.003145216265693307,0.008190209977328777,0.1398467719554901,0.01534027699381113,-0.00851922482252121,2.8610339164733887
1788692037562147600,5.596147705078125,-0.9901325106620789,-0.0031632729806005955,0.0081328758969903,0.13986210525035858,0.01522154826670885,-0.008539184927940369,2.8610024452209473
1788692037567147500,5.6011474609375,-0.990129292011261,-0.003209112910553813,0.007998356595635414,0.13989195227622986,0.014942064881324768,-0.008592790924012661,2.8609418869018555
1788692037572147500,5.6061474609375,-0.9901295900344849,-0.0032541838008910418,0.007909911684691906,0.13989372551441193,0.014754284173250198,-0.00865732878446579,2.86093807220459
1788692037577147400,5.6111474609375,-0.9901288747787476,-0.003257571253925562,0.007804738357663155,0.13990455865859985,0.014544950798153877,-0.008634774945676327,2.860915184020996
1788692037582147600,5.616147705078125,-0.9901261329650879,-0.0032889393623918295,0.007664177566766739,0.1399308741092682,0.014257573522627354,-0.008657948113977909,2.860861301422119
1788692037587147500,5.6211474609375,-0.9901198744773865,-0.0032927007414400578,0.007584111765027046,0.13997939229011536,0.01409753318876028,-0.008643683977425098,2.860762596130371
1788692037592147500,5.6261474609375,-0.9901123046875,-0.003283153520897031,0.007460841443389654,0.14003974199295044,0.013855552300810814,-0.008591115474700928,2.8606395721435547
1788692037597147400,5.6311474609375,-0.9901092648506165,-0.0032994113862514496,0.007335290778428316,0.14006765186786652,0.013602117076516151,-0.008588534779846668,2.8605823516845703
1788692037602147600,5.636147705078125,-0.9901063442230225,-0.0033377513755112886,0.007161190267652273,0.14009644091129303,0.013246344402432442,-0.008616078644990921,2.860523223876953
1788692037607147500,5.6411474609375,-0.9901047348976135,-0.003408074611797929,0.006975352764129639,0.1401153802871704,0.012858454138040543,-0.008703519590198994,2.8604841232299805
1788692037612147500,5.6461474609375,-0.9900994896888733,-0.0034583467058837414,0.006735142320394516,0.14016291499137878,0.012368245050311089,-0.008736359886825085,2.860386610031128
1788692037617147400,5.6511474609375,-0.9900973439216614,-0.003551536938175559,0.006392225157469511,0.14019185304641724,0.011662774719297886,-0.00882512517273426,2.8603262901306152
1788692037622147600,5.656147705078125,-0.990092933177948,-0.0036410249304026365,0.005920868832617998,0.14024145901203156,0.010703801177442074,-0.008870724588632584,2.860222816467285
1788692037627147500,5.6611474609375,-0.9900938272476196,-0.0037316964007914066,0.005636101588606834,0.14024461805820465,0.010114417411386967,-0.008970445021986961,2.8602147102355957
1788692037632147500,5.6661474609375,-0.9900832772254944,-0.0037836970295757055,0.005252501927316189,0.14033247530460358,0.009339389391243458,-0.008966663852334023,2.860034227371216
1788692037637147400,5.6711474609375,-0.990079939365387,-0.0038421957287937403,0.004886234644800425,0.1403675079345703,0.008597339503467083,-0.008980019949376583,2.8599605560302734
1788692037642147600,5.676147705078125,-0.9900768995285034,-0.0038800586480647326,0.004586744122207165,0.14039820432662964,0.007993359118700027,-0.008971174247562885,2.859896183013916
1788692037647147500,5.6811474609375,-0.9900739789009094,-0.003933378029614687,0.004253327380865812,0.1404276192188263,0.007317868061363697,-0.008983360603451729,2.8598341941833496
1788692037652147500,5.6861474609375,-0.9900668859481812,-0.003967673517763615,0.003988699521869421,0.14048470556735992,0.00678368890658021,-0.008977347053587437,2.8597166538238525
1788692037657147400,5.6911474609375,-0.9900637269020081,-0.004018601030111313,0.0037031834945082664,0.1405133605003357,0.0062037319876253605,-0.008998156525194645,2.859656572341919
1788692037662147600,5.696147705078125,-0.9900574088096619,-0.004048437345772982,0.0035151715856045485,0.14056162536144257,0.0058226026594638824,-0.009004689753055573,2.859557628631592
1788692037667147500,5.7011474609375,-0.9900500774383545,-0.004096505232155323,0.0033432121854275465,0.14061589539051056,0.005468078423291445,-0.009051832370460033,2.8594465255737305
1788692037672147500,5.7061474609375,-0.9900429844856262,-0.004114542622119188,0.003147495212033391,0.14067015051841736,0.005074953194707632,-0.009032788686454296,2.85933518409729
1788692037677147400,5.7111474609375,-0.9900367259979248,-0.004152052570134401,0.0029093921184539795,0.14071804285049438,0.004592475946992636,-0.00904029980301857,2.859236478805542
1788692037682147600,5.716147705078125,-0.9900304675102234,-0.0041557801887393,0.0027941016014665365,0.1407642662525177,0.004362712148576975,-0.009015439078211784,2.8591420650482178
1788692037687147500,5.7211474609375,-0.9900291562080383,-0.0041731856763362885,0.00267767533659935,0.14077536761760712,0.004127169493585825,-0.009017174132168293,2.859118700027466
1788692037692147500,5.7261474609375,-0.9900227785110474,-0.004191318992525339,0.0026194641832262278,0.14082089066505432,0.004006382077932358,-0.009036876261234283,2.8590261936187744
1788692037697147400,5.7311474609375,-0.9900199770927429,-0.00417375098913908,0.002565861213952303,0.14084191620349884,0.003904996905475855,-0.00898707564920187,2.858983278274536
1788692037702147600,5.736147705078125,-0.9900178909301758,-0.0041960361413657665,0.0024967181961983442,0.14085695147514343,0.003761671483516693,-0.009011783637106419,2.858952283859253
1788692037707147500,5.7411474609375,-0.990015983581543,-0.004212920553982258,0.0024399827234447002,0.14087121188640594,0.0036444419529289007,-0.009029286913573742,2.8589229583740234
1788692037712147500,5.7461474609375,-0.990013062953949,-0.0042016590014100075,0.002414706163108349,0.14089249074459076,0.003597370581701398,-0.008999943733215332,2.858879804611206
1788692037717147400,5.7511474609375,-0.990010142326355,-0.004230774473398924,0.002311627846211195,0.14091359078884125,0.0033848672173917294,-0.009028621949255466,2.8588361740112305
1788692037722147600,5.756147705078125,-0.9900093078613281,-0.004261848516762257,0.002223170129582286,0.14091996848583221,0.0032008958514779806,-0.009065241552889347,2.8588225841522217
1788692037727146800,5.761146728515625,-0.990003764629364,-0.004282952286303043,0.002071821130812168,0.14096054434776306,0.0028948895633220673,-0.009064491838216782,2.8587393760681152
1788692037732147000,5.76614697265625,-0.989998996257782,-0.00431056460365653,0.0019117442425340414,0.14099538326263428,0.0025698188692331314,-0.009074128232896328,2.8586676120758057
1788692037737147000,5.77114697265625,-0.9899957180023193,-0.004343463573604822,0.001744631095789373,0.14101970195770264,0.0022294209338724613,-0.009092201478779316,2.858617067337036
1788692037742146800,5.776146728515625,-0.9899901747703552,-0.0043409098871052265,0.0015780036337673664,0.14106054604053497,0.0018998326268047094,-0.00904022715985775,2.8585329055786133
1788692037747146800,5.781146728515625,-0.989992082118988,-0.004422599915415049,0.0013993614120408893,0.14104680716991425,0.0015231907600536942,-0.00915155652910471,2.8585591316223145
1788692037752147200,5.786147216796875,-0.9899836182594299,-0.00441318191587925,0.0010686985915526748,0.14110925793647766,0.0008705421932972968,-0.009039685130119324,2.8584301471710205
1788692037757147100,5.791147216796875,-0.9899822473526001,-0.00447748601436615,0.0008755354210734367,0.14111803472042084,0.00046984045184217393,-0.009112496860325336,2.858410596847534
1788692037762147300,5.796147216796875,-0.989976167678833,-0.004519826732575893,0.0005825527478009462,0.14116092026233673,-0.0001226241874974221,-0.009113634005188942,2.858321189880371
1788692037767147300,5.801147216796875,-0.9899710416793823,-0.004568314179778099,0.00031630820012651384,0.14119625091552734,-0.0006638134364038706,-0.009134447202086449,2.8582472801208496
1788692037772147200,5.806147216796875,-0.9899653792381287,-0.004613114986568689,0.00004993693437427282,0.14123474061489105,-0.0012042431626468897,-0.009147881530225277,2.8581669330596924
1788692037777147100,5.811147216796875,-0.9899610877037048,-0.004629202652722597,-0.00017029079026542604,0.14126424491405487,-0.0016451133415102959,-0.00911747571080923,2.858105421066284
1788692037782147300,5.816147216796875,-0.9899648427963257,-0.00463477848097682,-0.0001402629422955215,0.14123764634132385,-0.001586988102644682,-0.009137041866779327,2.858159303665161
1788692037787147300,5.821147216796875,-0.9899654388427734,-0.0046483189798891544,-0.00019819977751467377,0.14123305678367615,-0.0017054866766557097,-0.009147493168711662,2.858168125152588
1788692037792147200,5.826147216796875,-0.9899629950523376,-0.0046733058989048,-0.00029493955662474036,0.1412493884563446,-0.001904242904856801,-0.009169608354568481,2.8581340312957764
1788692037797147100,5.831147216796875,-0.9899591207504272,-0.0046935854479670525,-0.00040852927486412227,0.14127536118030548,-0.002135121962055564,-0.009177614003419876,2.8580806255340576
1788692037802147300,5.836147216796875,-0.9899556636810303,-0.00470432173460722,-0.0005401826347224414,0.14129887521266937,-0.002399047603830695,-0.009161614812910557,2.858031749725342
1788692037807147300,5.841147216796875,-0.9899547100067139,-0.004732184112071991,-0.0006696804775856435,0.14130394160747528,-0.0026633746456354856,-0.009180167689919472,2.858020305633545
1788692037812147200,5.846147216796875,-0.9899508357048035,-0.004741235636174679,-0.0008274686406366527,0.14133018255233765,-0.002978595206514001,-0.009153415448963642,2.8579657077789307
1788692037817147100,5.851147216796875,-0.9899463653564453,-0.004770442843437195,-0.0009695197804830968,0.1413593590259552,-0.0032683820463716984,-0.00917099229991436,2.857905387878418
1788692037822147300,5.856147216796875,-0.9899423122406006,-0.004782479256391525,-0.0011445924174040556,0.14138619601726532,-0.003618673188611865,-0.009145226329565048,2.857849597930908
1788692037827147300,5.861147216796875,-0.9899397492408752,-0.004807695746421814,-0.0013242271961644292,0.14140143990516663,-0.003981617279350758,-0.00914429035037756,2.8578169345855713
1788692037832147200,5.866147216796875,-0.9899333715438843,-0.004824355710297823,-0.0015068840002641082,0.14144401252269745,-0.004348376765847206,-0.009125428274273872,2.857729196548462
1788692037837147100,5.871147216796875,-0.9899317622184753,-0.004862732253968716,-0.0017404204700142145,0.14145112037658691,-0.00482169259339571,-0.009135304018855095,2.857712507247925
1788692037842147300,5.876147216796875,-0.9899271130561829,-0.00488627003505826,-0.0019457647576928139,0.14148013293743134,-0.005235192831605673,-0.009123655036091805,2.857651948928833
1788692037847147300,5.881147216796875,-0.9899248480796814,-0.004916804376989603,-0.002171582542359829,0.14149154722690582,-0.005691046826541424,-0.009120139293372631,2.8576266765594482
1788692037852147200,5.886147216796875,-0.9899218678474426,-0.004937609191983938,-0.002389076864346862,0.14150823652744293,-0.006127715576440096,-0.009099672548472881,2.857590913772583
1788692037857147100,5.891147216796875,-0.9899137616157532,-0.004970575217157602,-0.002667253604158759,0.14155900478363037,-0.006688287481665611,-0.00908585824072361,2.85748553276062
1788692037862147300,5.896147216796875,-0.9899106621742249,-0.005021359771490097,-0.0030083772726356983,0.14157195389270782,-0.007378188893198967,-0.009089716710150242,2.8574559688568115
1788692037867147300,5.901147216796875,-0.989900529384613,-0.005050040781497955,-0.0033341783564537764,0.14163456857204437,-0.008031945675611496,-0.009053729474544525,2.8573262691497803
1788692037872147200,5.906147216796875,-0.9898996353149414,-0.0050996094942092896,-0.0036898290272802114,0.14163023233413696,-0.008750109001994133,-0.009051145054399967,2.8573312759399414
1788692037877147100,5.911147216796875,-0.9898937940597534,-0.005141833331435919,-0.004013942088931799,0.14166072010993958,-0.009404067881405354,-0.00904262438416481,2.857266426086426
1788692037882147300,5.916147216796875,-0.9898914098739624,-0.0052016908302903175,-0.004414093215018511,0.14166319370269775,-0.010213318280875683,-0.00904771313071251,2.857257127761841
1788692037887147300,5.921147216796875,-0.9898889660835266,-0.00525673758238554,-0.004736579023301601,0.14166799187660217,-0.010867457836866379,-0.009065253660082817,2.857243776321411
1788692037892147200,5.926147216796875,-0.9898887276649475,-0.005312544759362936,-0.005028084386140108,0.14165732264518738,-0.011460334062576294,-0.009093252941966057,2.857261896133423
1788692037897147100,5.931147216796875,-0.9898847341537476,-0.005335127003490925,-0.005307125858962536,0.14167405664920807,-0.012019366025924683,-0.009058681316673756,2.8572254180908203
1788692037902147300,5.936147216796875,-0.9898866415023804,-0.005400128662586212,-0.005637992173433304,0.141645610332489,-0.012692620977759361,-0.009093962609767914,2.857279062271118
1788692037907147300,5.941147216796875,-0.9898818731307983,-0.005426329560577869,-0.005940357223153114,0.14166568219661713,-0.013298891484737396,-0.009059884585440159,2.8572354316711426
1788692037912147200,5.946147216796875,-0.9898792505264282,-0.005457799881696701,-0.006173725239932537,0.14167270064353943,-0.013769927434623241,-0.009055952541530132,2.8572187423706055
1788692037917147100,5.951147216796875,-0.9898772239685059,-0.00548712769523263,-0.006321085151284933,0.14167913794517517,-0.014070061966776848,-0.009072158485651016,2.857203960418701
1788692037922147300,5.956147216796875,-0.9898737668991089,-0.005511048249900341,-0.006481252610683441,0.14169509708881378,-0.014394110068678856,-0.009073885157704353,2.8571698665618896
1788692037927147300,5.961147216796875,-0.9898695349693298,-0.005531262140721083,-0.006656221579760313,0.1417159140110016,-0.014746458269655704,-0.009063994511961937,2.857125997543335
1788692037932147200,5.966147216796875,-0.9898702502250671,-0.005531306378543377,-0.006841608788818121,0.1417020559310913,-0.015113393776118755,-0.00901173334568739,2.857152223587036
1788692037937147100,5.971147216796875,-0.9898743629455566,-0.005570052657276392,-0.006905783899128437,0.14166881144046783,-0.015251140110194683,-0.009070760570466518,2.8572182655334473
1788692037942147300,5.976147216796875,-0.9898696541786194,-0.005560179706662893,-0.006997342221438885,0.14169734716415405,-0.015429879538714886,-0.009024819359183311,2.8571598529815674
1788692037947147300,5.981147216796875,-0.9898731708526611,-0.005580107681453228,-0.007157256826758385,0.14166401326656342,-0.015751846134662628,-0.009019467979669571,2.8572254180908203
1788692037952147200,5.986147216796875,-0.9898879528045654,-0.0055937920697033405,-0.007371592801064253,0.1415494978427887,-0.016179058700799942,-0.008987684734165668,2.857454776763916
1788692037957147100,5.991147216796875,-0.9899215698242188,-0.0055805048905313015,-0.007552851922810078,0.14130496978759766,-0.01653197780251503,-0.008914131671190262,2.85794734954834
1788692037962147300,5.996147216796875,-0.9899731278419495,-0.005595821421593428,-0.007780818734318018,0.1409304440021515,-0.016984332352876663,-0.008886435069143772,2.858701705932617
1788692037967147300,6.001147216796875,-0.9900221228599548,-0.005518970545381308,-0.007669635582715273,0.1405947357416153,-0.01673951931297779,-0.00877129752188921,2.859382390975952
1788692037972147200,6.006147216796875,-0.9900153875350952,-0.00563485873863101,-0.007792244665324688,0.1406308263540268,-0.017015255987644196,-0.008965655229985714,2.8593060970306396
1788692037977147100,6.011147216796875,-0.9899890422821045,-0.0055964491330087185,-0.007857242599129677,0.1408141553401947,-0.01713479869067669,-0.008868140168488026,2.858936071395874
1788692037982147300,6.016147216796875,-0.9899845123291016,-0.005595012102276087,-0.008102920837700367,0.14083223044872284,-0.01762104220688343,-0.00879575964063406,2.8588974475860596
1788692037987147300,6.021147216796875,-0.9900076985359192,-0.005551212467253208,-0.007964215241372585,0.14067885279655457,-0.01733267679810524,-0.008750803768634796,2.8592092990875244
1788692037992147200,6.026147216796875,-0.9899954795837402,-0.005609666928648949,-0.007912898436188698,0.14076510071754456,-0.01724829152226448,-0.008879486471414566,2.859034299850464
1788692037997147100,6.031147216796875,-0.9899778962135315,-0.00551567692309618,-0.007766829803586006,0.14090073108673096,-0.016933759674429893,-0.008732203394174576,2.8587634563446045
1788692038002147300,6.036147216796875,-0.989974319934845,-0.005449831485748291,-0.007876535877585411,0.14092236757278442,-0.017132610082626343,-0.008570531383156776,2.858720064163208
1788692038007147300,6.041147216796875,-0.9899929165840149,-0.00540636433288455,-0.007737101521342993,0.14080122113227844,-0.01684320718050003,-0.008525841869413853,2.858966827392578
1788692038012147200,6.046147216796875,-0.9899970293045044,-0.005390264093875885,-0.0076368022710084915,0.14077819883823395,-0.01663985848426819,-0.00852260459214449,2.8590145111083984
1788692038017147100,6.051147216796875,-0.9899877309799194,-0.005358972121030092,-0.0076544140465557575,0.14084392786026,-0.0166664756834507,-0.008454578928649426,2.858882188796997
1788692038022147300,6.056147216796875,-0.9899797439575195,-0.005316530354321003,-0.007728051394224167,0.1408974528312683,-0.0168007742613554,-0.008348885923624039,2.858774185180664
1788692038027147300,6.061147216796875,-0.9899948239326477,-0.005286229774355888,-0.007662162184715271,0.14079616963863373,-0.016660910099744797,-0.008309169672429562,2.8589799404144287
1788692038032147200,6.066147216796875,-0.9899938106536865,-0.00527593307197094,-0.007603839971125126,0.14080682396888733,-0.01654260791838169,-0.00830503273755312,2.858959197998047
1788692038037147100,6.071147216796875,-0.9899930953979492,-0.005247869994491339,-0.007604711223393679,0.14081302285194397,-0.016536476090550423,-0.00824911892414093,2.858947277069092
1788692038042147300,6.076147216796875,-0.9900054335594177,-0.0052089691162109375,-0.007583468221127987,0.14072877168655396,-0.016482751816511154,-0.008179482072591782,2.8591182231903076
1788692038047147300,6.081147216796875,-0.9900112152099609,-0.005212847143411636,-0.007663970347493887,0.14068368077278137,-0.01664287969470024,-0.008165254257619381,2.859208583831787
1788692038052147200,6.086147216796875,-0.9900163412094116,-0.005182425957173109,-0.00766198942437768,0.14064890146255493,-0.016630107536911964,-0.00810615997761488,2.8592793941497803
1788692038057147100,6.091147216796875,-0.9900146722793579,-0.0052152895368635654,-0.007703565992414951,0.14065684378147125,-0.016721755266189575,-0.008159398101270199,2.859262466430664
1788692038062147300,6.096147216796875,-0.9900151491165161,-0.005195425357669592,-0.007609459571540356,0.14065960049629211,-0.016529835760593414,-0.008146503008902073,2.8592581748962402
1788692038067147300,6.101147216796875,-0.9900194406509399,-0.005202067084610462,-0.0075449408032000065,0.1406325399875641,-0.016403719782829285,-0.008178258314728737,2.8593130111694336
1788692038072147200,6.106147216796875,-0.99002605676651,-0.0051941340789198875,-0.007453754544258118,0.1405911147594452,-0.0162205770611763,-0.008188883773982525,2.8593976497650146
1788692038077147100,6.111147216796875,-0.9900315999984741,-0.005213020369410515,-0.007363007869571447,0.14055632054805756,-0.01604590192437172,-0.008252369239926338,2.8594682216644287
1788692038082147300,6.116147216796875,-0.990044355392456,-0.0052310326136648655,-0.007318765856325626,0.1404680460691452,-0.015962619334459305,-0.008301898837089539,2.8596465587615967
1788692038087147300,6.121147216796875,-0.990050733089447,-0.005260176956653595,-0.007196750957518816,0.1404283195734024,-0.01572885550558567,-0.008394528180360794,2.859727382659912
1788692038092147200,6.126147216796875,-0.9900423288345337,-0.005264690611511469,-0.007153001613914967,0.1404896080493927,-0.01564401015639305,-0.008414787240326405,2.8596038818359375
1788692038097147100,6.131147216796875,-0.9900404810905457,-0.0052602835930883884,-0.007067197933793068,0.14050722122192383,-0.015473006293177605,-0.008429902605712414,2.8595690727233887
1788692038102147300,6.136147216796875,-0.9900438189506531,-0.005252331495285034,-0.007007857318967581,0.1404867023229599,-0.015353086404502392,-0.008431154303252697,2.8596110343933105
1788692038107147300,6.141147216796875,-0.9900535941123962,-0.0052436827681958675,-0.0069855861365795135,0.14041945338249207,-0.015305980108678341,-0.008421328850090504,2.8597474098205566
1788692038112147200,6.146147216796875,-0.9900566935539246,-0.005225228611379862,-0.00679435208439827,0.14040762186050415,-0.014921996742486954,-0.008438687771558762,2.8597731590270996
1788692038117147100,6.151147216796875,-0.9900461435317993,-0.005209548864513636,-0.006677435711026192,0.1404879242181778,-0.014686747454106808,-0.008439289405941963,2.859611988067627
1788692038122147300,6.156147216796875,-0.9900464415550232,-0.00518732238560915,-0.006490643136203289,0.1404956430196762,-0.014310668222606182,-0.008447665721178055,2.859598398208618
1788692038127147300,6.161147216796875,-0.9900614619255066,-0.005161114502698183,-0.006294642575085163,0.1403997838497162,-0.013914350420236588,-0.008452208712697029,2.8597941398620605
1788692038132147200,6.166147216796875,-0.9900708198547363,-0.005175310652703047,-0.006017473991960287,0.14034514129161835,-0.013368998654186726,-0.008558905683457851,2.8599064350128174
1788692038137147100,6.171147216796875,-0.9900789856910706,-0.005141866859048605,-0.005714107770472765,0.1403013914823532,-0.012758474797010422,-0.008578418754041195,2.8599979877471924
1788692038142147300,6.176147216796875,-0.9900730848312378,-0.005142964888364077,-0.005495092831552029,0.14035186171531677,-0.012325508520007133,-0.008641436696052551,2.8598978519439697
1788692038147147300,6.181147216796875,-0.9900864958763123,-0.005128099117428064,-0.00521792471408844,0.14026832580566406,-0.011771729215979576,-0.00869081262499094,2.8600690364837646
1788692038152147200,6.186147216796875,-0.9901025891304016,-0.005098140332847834,-0.004873780999332666,0.14016835391521454,-0.011080930940806866,-0.008729174733161926,2.860274314880371
1788692038157147100,6.191147216796875,-0.9901098608970642,-0.005062723997980356,-0.004556562285870314,0.1401289701461792,-0.010442453436553478,-0.008748404681682587,2.8603570461273193
1788692038162147300,6.196147216796875,-0.9901111721992493,-0.005018230061978102,-0.004241878632456064,0.14013099670410156,-0.009806814603507519,-0.008748485706746578,2.860356330871582
1788692038167147300,6.201147216796875,-0.990118145942688,-0.004986635409295559,-0.003966317046433687,0.1400907337665558,-0.009251894429326057,-0.008763539604842663,2.860440254211426
1788692038172147200,6.206147216796875,-0.9901226162910461,-0.004951565992087126,-0.0036644397769123316,0.14006878435611725,-0.008644049987196922,-0.008778880350291729,2.860487699508667
1788692038177147100,6.211147216796875,-0.9901301860809326,-0.004941545892506838,-0.0033838741946965456,0.14002270996570587,-0.008085212670266628,-0.00883802492171526,2.8605830669403076
1788692038182147300,6.216147216796875,-0.9901160597801208,-0.0048844474367797375,-0.0030716299079358578,0.14013150334358215,-0.0074518290348351,-0.0088115893304348,2.8603665828704834
1788692038187147300,6.221147216796875,-0.9901193380355835,-0.004865510854870081,-0.0029380929190665483,0.1401122510433197,-0.007181901019066572,-0.008811661042273045,2.8604068756103516
1788692038192147200,6.226147216796875,-0.9901311993598938,-0.004826945718377829,-0.0026373073924332857,0.14003558456897736,-0.006574752274900675,-0.008820099756121635,2.860564708709717
1788692038197147100,6.231147216796875,-0.9901386499404907,-0.004794340115040541,-0.002357942285016179,0.13998888432979584,-0.0060119591653347015,-0.00883406586945057,2.860661745071411
1788692038202147300,6.236147216796875,-0.9901378750801086,-0.00477446336299181,-0.0021069012582302094,0.13999909162521362,-0.00550933089107275,-0.008864942006766796,2.8606433868408203
1788692038207147300,6.241147216796875,-0.9901403784751892,-0.004726109094917774,-0.0017573826480656862,0.13998793065547943,-0.004803514573723078,-0.0088671138510108,2.8606693744659424
1788692038212147200,6.246147216796875,-0.9901427626609802,-0.004676004871726036,-0.0014851518208160996,0.13997569680213928,-0.004250258207321167,-0.008844169788062572,2.860696792602539
1788692038217147100,6.251147216796875,-0.9901521801948547,-0.004633243661373854,-0.001065196469426155,0.1399146318435669,-0.0034060711041092873,-0.008877275511622429,2.8608238697052
1788692038222147300,6.256147216796875,-0.9901561737060547,-0.004584370646625757,-0.0007100048824213445,0.13989007472991943,-0.0026887564454227686,-0.008879956789314747,2.86087703704834
1788692038227147300,6.261147216796875,-0.9901581406593323,-0.004549263045191765,-0.0004080733051523566,0.13987837731838226,-0.0020808852277696133,-0.008894935250282288,2.860903263092041
1788692038232147200,6.266147216796875,-0.9901637434959412,-0.004504858516156673,-0.00010775785631267354,0.13984081149101257,-0.0014733807183802128,-0.008891074918210506,2.8609819412231445
1788692038237147100,6.271147216796875,-0.9901666641235352,-0.004459632560610771,0.00013818098523188382,0.1398216336965561,-0.0009735003113746643,-0.008870316669344902,2.86102294921875
1788692038242147300,6.276147216796875,-0.9901725649833679,-0.004427343141287565,0.00042477616807445884,0.13978023827075958,-0.00039652237319387496,-0.00888653565198183,2.8611090183258057
1788692038247147300,6.281147216796875,-0.9901754260063171,-0.004386264365166426,0.0006867927731946111,0.1397603303194046,0.00013404448691289872,-0.008878431282937527,2.861151695251465
1788692038252147200,6.286147216796875,-0.9901790618896484,-0.004363052546977997,0.0008758375188335776,0.139734148979187,0.0005151574732735753,-0.008885293267667294,2.861206293106079
1788692038257147100,6.291147216796875,-0.9901809692382812,-0.004364855121821165,0.0009015093673951924,0.13972049951553345,0.0005656177527271211,-0.00889602955430746,2.861234188079834
1788692038262147300,6.296147216796875,-0.990181028842926,-0.004353610333055258,0.0009480793960392475,0.13971978425979614,0.0006609956617467105,-0.008886772207915783,2.8612358570098877
1788692038267147300,6.301147216796875,-0.9901822209358215,-0.004342989064753056,0.001027642167173326,0.13971129059791565,0.0008216093410737813,-0.008887965232133865,2.8612537384033203
1788692038272147200,6.306147216796875,-0.9901846647262573,-0.004326345399022102,0.0011364285601302981,0.1396934688091278,0.0010418652091175318,-0.008885382674634457,2.861290693283081
1788692038277147100,6.311147216796875,-0.9901877641677856,-0.004303710535168648,0.001291810185648501,0.13967090845108032,0.0013561168452724814,-0.008883936330676079,2.861337661743164
1788692038282147300,6.316147216796875,-0.9901896715164185,-0.00427085068076849,0.0014984830049797893,0.13965651392936707,0.0017747314414009452,-0.008876566775143147,2.8613686561584473
1788692038287147300,6.321147216796875,-0.9901912212371826,-0.004233416635543108,0.001767770852893591,0.13964338600635529,0.0023186183534562588,-0.008877614513039589,2.8613975048065186
1788692038292147200,6.326147216796875,-0.990195095539093,-0.0041952067986130714,0.002074912888929248,0.13961274921894073,0.0029378486797213554,-0.008887631818652153,2.861461877822876
1788692038297147100,6.331147216796875,-0.9902001023292542,-0.004146862309426069,0.0023442914243787527,0.13957460224628448,0.0034851855598390102,-0.008866970427334309,2.861541271209717
1788692038302147300,6.336147216796875,-0.9902052283287048,-0.004099894315004349,0.0026466348208487034,0.13953430950641632,0.004097444005310535,-0.008858181536197662,2.8616251945495605
1788692038307147300,6.341147216796875,-0.9902084469795227,-0.004057767800986767,0.002934445859864354,0.13950666785240173,0.004679455421864986,-0.008854937739670277,2.8616833686828613
1788692038312147200,6.346147216796875,-0.9902129173278809,-0.0040174853056669235,0.003198319347575307,0.13947051763534546,0.0052136206068098545,-0.008848589845001698,2.8617587089538574
1788692038317147100,6.351147216796875,-0.9902191162109375,-0.00398550508543849,0.00343132927082479,0.13942188024520874,0.00568445585668087,-0.00884996633976698,2.86185884475708
1788692038322147300,6.356147216796875,-0.9902249574661255,-0.003950844053179026,0.003612847998738289,0.13937659561634064,0.00605402747169137,-0.008831656537950039,2.8619515895843506
1788692038327147300,6.361147216796875,-0.9902310371398926,-0.003919226583093405,0.0038367826491594315,0.13932858407497406,0.006506781559437513,-0.008831141516566277,2.8620505332946777
1788692038332147200,6.366147216796875,-0.9902349710464478,-0.0038693430833518505,0.0039820303209125996,0.1392979919910431,0.006808622274547815,-0.008772607892751694,2.8621132373809814
1788692038337147100,6.371147216796875,-0.9902364015579224,-0.003847376676276326,0.004166088066995144,0.13928291201591492,0.0071794153191149235,-0.008780267089605331,2.862145185470581
1788692038342147300,6.376147216796875,-0.9902386665344238,-0.003806001041084528,0.004302194342017174,0.1392635703086853,0.007460677530616522,-0.008736087940633297,2.86218523979187
1788692038347147300,6.381147216796875,-0.9902421832084656,-0.0037824036553502083,0.004445819649845362,0.13923482596874237,0.007751964498311281,-0.008729128167033195,2.8622443675994873
1788692038352147200,6.386147216796875,-0.9902462959289551,-0.003749031340703368,0.004617149941623211,0.13920104503631592,0.00810088962316513,-0.008710462599992752,2.862313747406006
1788692038357147100,6.391147216796875,-0.9902510643005371,-0.0037295573856681585,0.004728119354695082,0.1391638070344925,0.008326423354446888,-0.008702471852302551,2.8623898029327393
1788692038362147300,6.396147216796875,-0.9902517795562744,-0.0037156108301132917,0.004885865841060877,0.1391535848379135,0.008642829954624176,-0.008718662895262241,2.8624117374420166
1788692038367147300,6.401147216796875,-0.9902430176734924,-0.003706760238856077,0.005061558913439512,0.13920994102954865,0.008992776274681091,-0.008750537410378456,2.8622994422912598
1788692038372147200,6.406147216796875,-0.990222692489624,-0.00369085930287838,0.0052026426419615746,0.13934947550296783,0.009275400079786777,-0.008759628050029278,2.862018585205078
1788692038377147100,6.411147216796875,-0.9902160167694092,-0.0036532923113554716,0.005259314551949501,0.13939602673053741,0.009397700428962708,-0.008701462298631668,2.861924886703491
1788692038382147300,6.416147216796875,-0.9902251362800598,-0.003602281678467989,0.005406455136835575,0.13932682573795319,0.009703940711915493,-0.008640775457024574,2.862065553665161
1788692038387147300,6.421147216796875,-0.9902104735374451,-0.003594951471313834,0.005547335837036371,0.13942565023899078,0.009984144009649754,-0.008666506968438625,2.8618669509887695
1788692038392147200,6.426147216796875,-0.9902167320251465,-0.0035396686289459467,0.005674932152032852,0.1393773853778839,0.01025268342345953,-0.008592098951339722,2.8619651794433594
1788692038397147100,6.431147216796875,-0.990212082862854,-0.0035209255293011665,0.0058327023871243,0.13940441608428955,0.010570147074759007,-0.008599241264164448,2.8619117736816406
1788692038402147300,6.436147216796875,-0.9902158975601196,-0.0034490227699279785,0.0059319366700947285,0.1393752098083496,0.010786977596580982,-0.008484185673296452,2.861970901489258
1788692038407147300,6.441147216796875,-0.9902107119560242,-0.0034196008928120136,0.006095149554312229,0.13940533995628357,0.011118171736598015,-0.008471745066344738,2.8619110584259033
1788692038412147200,6.446147216796875,-0.9902105331420898,-0.0033496422693133354,0.006211673375219107,0.13940346240997314,0.011368468403816223,-0.008365657180547714,2.861915349960327
1788692038417147100,6.451147216796875,-0.9902139902114868,-0.0033005489967763424,0.006343632470816374,0.13937406241893768,0.011643750593066216,-0.008304870687425137,2.8619751930236816
1788692038422147300,6.456147216796875,-0.9902154207229614,-0.003275199793279171,0.006474800407886505,0.139358252286911,0.011910732835531235,-0.008291035890579224,2.8620078563690186
1788692038427147300,6.461147216796875,-0.9902164340019226,-0.003239585552364588,0.006595195736736059,0.13934631645679474,0.01215920876711607,-0.008253907784819603,2.862032651901245
1788692038432147200,6.466147216796875,-0.9902225732803345,-0.003220644546672702,0.006719004362821579,0.1392975002527237,0.01241010520607233,-0.008250284008681774,2.8621320724487305
1788692038437147100,6.471147216796875,-0.9902292490005493,-0.003220043843612075,0.006880785338580608,0.1392417699098587,0.012731162831187248,-0.00829344429075718,2.862246036529541
1788692038442147300,6.476147216796875,-0.990229606628418,-0.003194421762600541,0.00711003178730607,0.13922852277755737,0.013192456215620041,-0.008306356146931648,2.862274169921875
1788692038447147300,6.481147216796875,-0.9902306795120239,-0.0031835464760661125,0.007255906239151955,0.1392134726047516,0.013484532944858074,-0.008325226604938507,2.8623056411743164
1788692038452147200,6.486147216796875,-0.9902276992797852,-0.0031667265575379133,0.007428494747728109,0.13922621309757233,0.0138309421017766,-0.008340139873325825,2.862281322479248
1788692038457147100,6.491147216796875,-0.9902303814888,-0.003104601753875613,0.007620872464030981,0.13919810950756073,0.014229496009647846,-0.008270258083939552,2.8623387813568115
1788692038462147300,6.496147216796875,-0.9902379512786865,-0.0030765419360250235,0.007708192802965641,0.13913974165916443,0.01441073976457119,-0.008238142356276512,2.862457036972046
1788692038467147300,6.501147216796875,-0.99024498462677,-0.0030225059017539024,0.007838415913283825,0.13908368349075317,0.014684159308671951,-0.008166524581611156,2.8625705242156982
1788692038472147200,6.506147216796875,-0.9902641177177429,-0.002953411778435111,0.00799961481243372,0.13893961906433105,0.015023824758827686,-0.008072329685091972,2.8628618717193604
1788692038477147100,6.511147216796875,-0.9903046488761902,-0.00295556359924376,0.008106338791549206,0.13864439725875854,0.015237036161124706,-0.00810170266777277,2.8634591102600098
1788692038482147300,6.516147216796875,-0.9903099536895752,-0.0029318195302039385,0.008417606353759766,0.1385883390903473,0.01586063764989376,-0.008140075020492077,2.863574266433716
1788692038487147300,6.521147216796875,-0.9902971386909485,-0.0028940709307789803,0.00844616536051035,0.13867896795272827,0.015926925465464592,-0.008074678480625153,2.863391160964966
1788692038492147200,6.526147216796875,-0.9903033971786499,-0.002863925648853183,0.008512606844305992,0.13863103091716766,0.016067279502749443,-0.008032619953155518,2.863487958908081
1788692038497147100,6.531147216796875,-0.9903120398521423,-0.0028429932426661253,0.008685193955898285,0.13855864107608795,0.01641552709043026,-0.008037804625928402,2.863635301589966
1788692038502147300,6.536147216796875,-0.9903124570846558,-0.0028261553961783648,0.008824444375932217,0.13854725658893585,0.01669611781835556,-0.008042844943702221,2.863659143447876
1788692038507147300,6.541147216796875,-0.9903163313865662,-0.002811854938045144,0.008986017666757107,0.13850945234298706,0.017020436003804207,-0.008058635517954826,2.863736391067505
1788692038512147200,6.546147216796875,-0.9903026223182678,-0.00283038429915905,0.009175489656627178,0.13859477639198303,0.017389923334121704,-0.008149314671754837,2.8635659217834473
1788692038517147100,6.551147216796875,-0.9902850389480591,-0.002833051374182105,0.009253619238734245,0.13871532678604126,0.017542952671647072,-0.00817838590592146,2.863323211669922
1788692038522147300,6.556147216796875,-0.9902678728103638,-0.002831925405189395,0.009303980506956577,0.13883435726165771,0.017642034217715263,-0.008192244917154312,2.8630831241607666
1788692038527147300,6.561147216796875,-0.9902464151382446,-0.0028550815768539906,0.009358669631183147,0.13898305594921112,0.0177426990121603,-0.008255955763161182,2.862783670425415
1788692038532147200,6.566147216796875,-0.9902159571647644,-0.0028827525675296783,0.009370546787977219,0.13919851183891296,0.01775672659277916,-0.008317924104630947,2.862349033355713
1788692038537147100,6.571147216796875,-0.9901817440986633,-0.0029707574285566807,0.009345139376819134,0.1394415646791458,0.017679836601018906,-0.008489483036100864,2.8618593215942383
1788692038542147300,6.576147216796875,-0.9901508092880249,-0.002925768494606018,0.009310741908848286,0.13966429233551025,0.017622359097003937,-0.008394759148359299,2.8614084720611572
1788692038547147300,6.581147216796875,-0.990145206451416,-0.0029623869340866804,0.009127520956099033,0.139715313911438,0.01724882610142231,-0.008416994474828243,2.861304521560669
1788692038552147200,6.586147216796875,-0.9901461005210876,-0.0029861137736588717,0.009083755314350128,0.13971151411533356,0.01715555600821972,-0.008451689034700394,2.8613121509552
1788692038557147100,6.591147216796875,-0.9901404976844788,-0.0030440727714449167,0.008917045779526234,0.1397605687379837,0.016808776184916496,-0.008520725183188915,2.8612124919891357
1788692038562147300,6.596147216796875,-0.9901362657546997,-0.003077639965340495,0.00881732814013958,0.13979633152484894,0.016601597890257835,-0.008559931069612503,2.861140012741089
1788692038567147300,6.601147216796875,-0.9901336431503296,-0.0030885760206729174,0.00861064437776804,0.13982738554477692,0.016188938170671463,-0.008524317294359207,2.8610756397247314
1788692038572147200,6.606147216796875,-0.9901371598243713,-0.003149377414956689,0.008506661280989647,0.1398075968027115,0.015966178849339485,-0.00861532986164093,2.8611156940460205
1788692038577147100,6.611147216796875,-0.9901311993598938,-0.0031263851560652256,0.0084219453856349,0.13985511660575867,0.015804413706064224,-0.00854687113314867,2.861018657684326
1788692038582147300,6.616147216796875,-0.99012291431427,-0.0031388821080327034,0.008366966620087624,0.13991676270961761,0.01569150574505329,-0.008557219989597797,2.860893726348877
1788692038587147300,6.621147216796875,-0.9901177883148193,-0.0031335223466157913,0.008257620967924595,0.13995996117591858,0.015476077795028687,-0.008516687899827957,2.8608055114746094
1788692038592147200,6.626147216796875,-0.9901161789894104,-0.003190120914950967,0.008145960047841072,0.13997642695903778,0.01523896399885416,-0.008597771637141705,2.860772132873535
1788692038597147100,6.631147216796875,-0.9901179671287537,-0.0032300418242812157,0.00801254902034998,0.13997052609920502,0.014963633380830288,-0.008639393374323845,2.860783338546753
1788692038602147300,6.636147216796875,-0.9901114106178284,-0.0033022756688296795,0.007919481955468655,0.1400206983089447,0.014758667908608913,-0.008757135830819607,2.860682249069214
1788692038607147300,6.641147216796875,-0.9901039600372314,-0.003306181402876973,0.007672290317714214,0.14008714258670807,0.014267446473240852,-0.008696614764630795,2.860546112060547
1788692038612147200,6.646147216796875,-0.9900997281074524,-0.0033383825793862343,0.007513050921261311,0.14012473821640015,0.013942740857601166,-0.008716302923858166,2.860469102859497
1788692038617147100,6.651147216796875,-0.9900981187820435,-0.0033987394999712706,0.007203333545476198,0.1401509940624237,0.013312243856489658,-0.008749391883611679,2.8604140281677246
1788692038622147300,6.656147216796875,-0.9900932312011719,-0.00344714499078691,0.006965999491512775,0.14019644260406494,0.012828269973397255,-0.008779319934546947,2.860320806503296
1788692038627147300,6.661147216796875,-0.9900859594345093,-0.003493901342153549,0.006667964160442352,0.1402607262134552,0.012224377132952213,-0.008789146319031715,2.8601887226104736
1788692038632147200,6.666147216796875,-0.9900877475738525,-0.003532698843628168,0.006454337388277054,0.14025743305683136,0.011790475808084011,-0.008806014433503151,2.860193967819214
1788692038637147100,6.671147216796875,-0.9900835156440735,-0.003574965987354517,0.006189780775457621,0.14029784500598907,0.011254355311393738,-0.00881597027182579,2.8601105213165283
1788692038642147300,6.676147216796875,-0.9900817275047302,-0.00361964525654912,0.005950445309281349,0.14031989872455597,0.01076766662299633,-0.008837536908686161,2.8600642681121826
1788692038647147300,6.681147216796875,-0.9900771975517273,-0.003657148452475667,0.00574388075619936,0.14035943150520325,0.010347730480134487,-0.008854249492287636,2.859982967376709
1788692038652147200,6.686147216796875,-0.9900726675987244,-0.0037035595159977674,0.005617366638034582,0.14039544761180878,0.010083847679197788,-0.00891100987792015,2.8599095344543457
1788692038657147100,6.691147216796875,-0.9900649189949036,-0.003714376362040639,0.005504522938281298,0.14045418798923492,0.009856821037828922,-0.008901331573724747,2.859790086746216
1788692038662147300,6.696147216796875,-0.9900615215301514,-0.003737000050023198,0.005377516150474548,0.140482559800148,0.009598704986274242,-0.00891073327511549,2.859731674194336
1788692038667147300,6.701147216796875,-0.9900532960891724,-0.003760019550099969,0.005145132541656494,0.14054827392101288,0.009131469763815403,-0.008891635574400425,2.8595972061157227
1788692038672147200,6.706147216796875,-0.9900479316711426,-0.0037691700272262096,0.005010080523788929,0.14059101045131683,0.008861081674695015,-0.008872178383171558,2.8595097064971924
1788692038677147100,6.711147216796875,-0.9900426268577576,-0.003790110582485795,0.004893191158771515,0.14063185453414917,0.008623361587524414,-0.00888113584369421,2.859426259994507
1788692038682147300,6.716147216796875,-0.9900396466255188,-0.0038072066381573677,0.004779597278684378,0.1406562179327011,0.008393396623432636,-0.008883248083293438,2.8593761920928955
1788692038687147300,6.721147216796875,-0.9900349974632263,-0.003840832272544503,0.00459929509088397,0.14069408178329468,0.008026566356420517,-0.00889942143112421,2.8592984676361084
1788692038692147200,6.726147216796875,-0.9900339245796204,-0.003869841806590557,0.004506909754127264,0.14070366322994232,0.00783537793904543,-0.008930944837629795,2.859278440475464
1788692038697147100,6.731147216796875,-0.9900298118591309,-0.0038854172453284264,0.004302226472645998,0.1407386213541031,0.007425371091812849,-0.008904454298317432,2.859206199645996
1788692038702147300,6.736147216796875,-0.9900268316268921,-0.003959619905799627,0.004155292641371489,0.14076195657253265,0.007113322615623474,-0.009010196663439274,2.8591580390930176
1788692038707147300,6.741147216796875,-0.9900197386741638,-0.003973039798438549,0.003860566532239318,0.14081986248493195,0.006525415927171707,-0.008954184129834175,2.8590385913848877
1788692038712147200,6.746147216796875,-0.9900158047676086,-0.004001464229077101,0.0036404940765351057,0.14085252583026886,0.006081341300159693,-0.008948690257966518,2.8589706420898438
1788692038717147100,6.751147216796875,-0.9900115728378296,-0.004047445487231016,0.00341023039072752,0.14088654518127441,0.005612129345536232,-0.008975067175924778,2.8589000701904297
1788692038722147300,6.756147216796875,-0.9900105595588684,-0.00406923983246088,0.003099830588325858,0.1409003734588623,0.004991235211491585,-0.008930834010243416,2.8588695526123047
1788692038727147300,6.761147216796875,-0.9900039434432983,-0.004123506136238575,0.0029008074197918177,0.14094962179660797,0.00458140904083848,-0.008982431143522263,2.8587684631347656
1788692038732147200,6.766147216796875,-0.9900009632110596,-0.00414174422621727,0.0026211899239569902,0.14097535610198975,0.004022365435957909,-0.008939826861023903,2.8587141036987305
1788692038737147100,6.771147216796875,-0.9899965524673462,-0.004166992846876383,0.0024234841112047434,0.14100928604602814,0.0036234648432582617,-0.00893420446664095,2.8586440086364746
1788692038742147300,6.776147216796875,-0.9899927973747253,-0.004202764481306076,0.0021989154629409313,0.14103835821151733,0.003168450901284814,-0.008941794745624065,2.8585832118988037
1788692038747147300,6.781147216796875,-0.9899907112121582,-0.00424626749008894,0.002000718843191862,0.1410544514656067,0.002763591008260846,-0.00897207111120224,2.858549118041992
1788692038752147200,6.786147216796875,-0.9899842143058777,-0.004251674748957157,0.0018049178179353476,0.1411024034023285,0.002373934257775545,-0.008927656337618828,2.858450412750244
1788692038757147100,6.791147216796875,-0.9899834394454956,-0.004289908334612846,0.001626964658498764,0.14110910892486572,0.0020107277669012547,-0.00895315408706665,2.8584353923797607
1788692038762147300,6.796147216796875,-0.9899799823760986,-0.004312900826334953,0.001393341226503253,0.14113520085811615,0.001541417557746172,-0.008932789787650108,2.8583805561065674
1788692038767147300,6.801147216796875,-0.9899786710739136,-0.004343630746006966,0.0012565423967316747,0.14114442467689514,0.0012617927277460694,-0.008955031633377075,2.858360767364502
1788692038772147200,6.806147216796875,-0.9899798035621643,-0.004336802288889885,0.0012626226525753736,0.14113660156726837,0.0012758299708366394,-0.008943216875195503,2.8583765029907227
1788692038777147100,6.811147216796875,-0.9899805188179016,-0.0043343435972929,0.0012770670000463724,0.14113189280033112,0.0013051672140136361,-0.008942419663071632,2.858386278152466
1788692038782147300,6.816147216796875,-0.9899786114692688,-0.0043326630257070065,0.0012348305899649858,0.14114557206630707,0.00122188834939152,-0.008927187882363796,2.858358383178711
1788692038787147300,6.821147216796875,-0.9899789094924927,-0.00434135552495718,0.001195648219436407,0.1411435902118683,0.001141869812272489,-0.008933335542678833,2.8583619594573975
1788692038792147200,6.826147216796875,-0.9899765849113464,-0.004341809079051018,0.0010915468446910381,0.1411607712507248,0.000935462536290288,-0.008904863148927689,2.8583264350891113
1788692038797147100,6.831147216796875,-0.9899749755859375,-0.004369591362774372,0.0009530414245091379,0.14117217063903809,0.0006532709230668843,-0.008920776657760143,2.858302116394043
1788692038802147300,6.836147216796875,-0.9899711608886719,-0.004395104479044676,0.0007900521741248667,0.14119884371757507,0.00032310333335772157,-0.008925280533730984,2.8582465648651123
1788692038807147300,6.841147216796875,-0.9899676442146301,-0.0044191619381308556,0.000598380749579519,0.1412239521741867,-0.00006343048153212294,-0.00891878455877304,2.858194351196289
1788692038812147200,6.846147216796875,-0.9899659156799316,-0.0044374312274158,0.0004280964203644544,0.1412360817193985,-0.0004058651393279433,-0.008906854316592216,2.858168125152588
1788692038817147100,6.851147216796875,-0.9899628758430481,-0.004467629361897707,0.00023626604524906725,0.14125674962997437,-0.0007944080280140042,-0.00891244038939476,2.8581247329711914
1788692038822147300,6.856147216796875,-0.9899581670761108,-0.004498989321291447,0.000013694151675736066,0.1412891000509262,-0.0012442527804523706,-0.008911610580980778,2.8580572605133057
1788692038827147300,6.861147216796875,-0.9899531602859497,-0.004537305794656277,-0.00021213447325862944,0.14132288098335266,-0.0017025253036990762,-0.008923600427806377,2.8579869270324707
1788692038832147200,6.866147216796875,-0.9899492263793945,-0.004566885530948639,-0.00043747355812229216,0.1413487046957016,-0.0021572874393314123,-0.008918415755033493,2.8579325675964355
1788692038837147100,6.871147216796875,-0.9899434447288513,-0.0046002487652003765,-0.0006643212400376797,0.14138728380203247,-0.0026162213180214167,-0.008920237421989441,2.8578526973724365
1788692038842147300,6.876147216796875,-0.9899397492408752,-0.004645264707505703,-0.0009005217580124736,0.14141058921813965,-0.003096832660958171,-0.008942496962845325,2.8578033447265625
1788692038847147300,6.881147216796875,-0.9899325370788574,-0.004662716295570135,-0.0012100894236937165,0.14145784080028534,-0.0037151246797293425,-0.008889312855899334,2.8577048778533936
1788692038852147200,6.886147216796875,-0.9899306893348694,-0.0047262925654649734,-0.0014595611719414592,0.1414666324853897,-0.004227135796099901,-0.008944564498960972,2.85768461227417
1788692038857147100,6.891147216796875,-0.9899271726608276,-0.0047364006750285625,-0.0017412006855010986,0.14148738980293274,-0.004787812940776348,-0.008884784765541553,2.857640266418457
1788692038862147300,6.896147216796875,-0.989920437335968,-0.004784232936799526,-0.002048518741503358,0.14152878522872925,-0.0054101948626339436,-0.00889228843152523,2.857553482055664
1788692038867147300,6.901147216796875,-0.9899154305458069,-0.004832086153328419,-0.002422499703243375,0.141556516289711,-0.00616444880142808,-0.00888098869472742,2.8574938774108887
1788692038872147200,6.906147216796875,-0.9899061322212219,-0.004848186857998371,-0.0027936629485338926,0.14161410927772522,-0.006904394365847111,-0.008807369507849216,2.8573741912841797
1788692038877147100,6.911147216796875,-0.9899078607559204,-0.004908648319542408,-0.0031173359602689743,0.14159327745437622,-0.007562180981040001,-0.008835545741021633,2.8574130535125732
1788692038882147300,6.916147216796875,-0.9899022579193115,-0.00494731729850173,-0.003545472165569663,0.14162074029445648,-0.008421052247285843,-0.008790610358119011,2.857353448867798
1788692038887147300,6.921147216796875,-0.989902675151825,-0.0050268629565835,-0.003859322052448988,0.14160697162151337,-0.009064863435924053,-0.008859311230480671,2.857377767562866
1788692038892147200,6.926147216796875,-0.9899004101753235,-0.005063463002443314,-0.004175132140517235,0.14161257445812225,-0.009700560942292213,-0.008842261508107185,2.857363224029541
1788692038897147100,6.931147216796875,-0.9898988604545593,-0.005093121901154518,-0.004474344663321972,0.14161331951618195,-0.010301386937499046,-0.00881621241569519,2.857358694076538
1788692038902147300,6.936147216796875,-0.9899009466171265,-0.005142855923622847,-0.004804300144314766,0.1415860801935196,-0.010968522168695927,-0.008821506053209305,2.857410192489624
1788692038907147300,6.941147216796875,-0.9898898005485535,-0.00516471778973937,-0.005085778888314962,0.14165322482585907,-0.011532619595527649,-0.008784281089901924,2.857271909713745
1788692038912147200,6.946147216796875,-0.9898921251296997,-0.005186326336115599,-0.005277245305478573,0.1416291892528534,-0.011917617172002792,-0.008773095905780792,2.85731840133667
1788692038917147100,6.951147216796875,-0.9898868799209595,-0.005222673527896404,-0.005455651320517063,0.14165782928466797,-0.012281402945518494,-0.008794154040515423,2.8572585582733154
1788692038922147300,6.956147216796875,-0.9898840188980103,-0.005245927255600691,-0.005678710527718067,0.14166805148124695,-0.012729723937809467,-0.008776848204433918,2.8572356700897217
1788692038927147300,6.961147216796875,-0.9898849725723267,-0.005270327907055616,-0.005852000787854195,0.14165352284908295,-0.013079612515866756,-0.008776236325502396,2.8572633266448975
1788692038932147200,6.966147216796875,-0.9898864030838013,-0.005304109770804644,-0.005946258548647165,0.1416383981704712,-0.01327567733824253,-0.008816610090434551,2.857292413711548
1788692038937147100,6.971147216796875,-0.9898775219917297,-0.0053007029928267,-0.006142822559922934,0.14169207215309143,-0.013664367608726025,-0.008753426373004913,2.857182264328003
1788692038942147300,6.976147216796875,-0.9898862838745117,-0.005310935899615288,-0.00623791478574276,0.14162640273571014,-0.013854962773621082,-0.008747650310397148,2.857314109802246
1788692038947147300,6.981147216796875,-0.9898852109909058,-0.005334075540304184,-0.0064002955332398415,0.14162594079971313,-0.01418302208185196,-0.008747461251914501,2.857313394546509
1788692038952147200,6.986147216796875,-0.9898849725723267,-0.005331218708306551,-0.006559012923389673,0.14162036776542664,-0.014496412128210068,-0.00869691651314497,2.857323169708252
1788692038957147100,6.991147216796875,-0.9898857474327087,-0.005327523220330477,-0.006696238182485104,0.14160870015621185,-0.014766957610845566,-0.008650895208120346,2.8573458194732666
1788692038962147300,6.996147216796875,-0.9898882508277893,-0.005326028913259506,-0.006817171815782785,0.14158551394939423,-0.015005772933363914,-0.008614026941359043,2.857391595840454
1788692038967147300,7.001147216796875,-0.9899008274078369,-0.005344277247786522,-0.006931251380592585,0.14149126410484314,-0.015235994942486286,-0.008619292639195919,2.8575806617736816
1788692038972147200,7.006147216796875,-0.9899306297302246,-0.005357697140425444,-0.007100583985447884,0.141273632645607,-0.015573178417980671,-0.008601352572441101,2.858018636703491
1788692038977147100,7.011147216796875,-0.989980936050415,-0.005369099788367748,-0.00714707188308239,0.14091800153255463,-0.015665357932448387,-0.008616417646408081,2.858736515045166
1788692038982147300,7.016147216796875,-0.9900221228599548,-0.005316274240612984,-0.007008772809058428,0.14063720405101776,-0.015374179929494858,-0.008555173873901367,2.8593058586120605
1788692038987147300,7.021147216796875,-0.9900385141372681,-0.005314222536981106,-0.006922861561179161,0.14052613079547882,-0.015202517621219158,-0.00857698917388916,2.8595311641693115
1788692038992147200,7.026147216796875,-0.9900276064872742,-0.0053369044326245785,-0.006889088079333305,0.14060364663600922,-0.015142693184316158,-0.008630210533738136,2.8593742847442627
1788692038997147100,7.031147216796875,-0.9900192022323608,-0.005331641063094139,-0.006820735055953264,0.14066632091999054,-0.015006405301392078,-0.008638066239655018,2.859248399734497
1788692039002147300,7.036147216796875,-0.9899876117706299,-0.00527625298127532,-0.006784355267882347,0.14089235663414001,-0.014920718967914581,-0.008535225875675678,2.858793020248413
1788692039007147300,7.041147216796875,-0.9899929761886597,-0.005174960941076279,-0.006960474886000156,0.14084993302822113,-0.015240542590618134,-0.008285680785775185,2.8588790893554688
1788692039012147200,7.046147216796875,-0.9900152683258057,-0.005160875618457794,-0.006908276118338108,0.1406962275505066,-0.01513192430138588,-0.008274848572909832,2.8591902256011963
1788692039017147100,7.051147216796875,-0.9900236129760742,-0.005173093173652887,-0.006884203292429447,0.14063802361488342,-0.015087206847965717,-0.00830670353025198,2.8593077659606934
1788692039022147300,7.056147216796875,-0.9900161027908325,-0.005192400887608528,-0.006898426450788975,0.14068977534770966,-0.015121244825422764,-0.008340141735970974,2.8592028617858887
1788692039027147300,7.061147216796875,-0.9900014400482178,-0.0051429616287350655,-0.006857649888843298,0.1407966911792755,-0.015027468092739582,-0.008252104744315147,2.858988046646118
1788692039032147200,7.066147216796875,-0.989992082118988,-0.005130430217832327,-0.007069922983646393,0.1408521831035614,-0.015444728545844555,-0.008166632615029812,2.858874559402466
1788692039037147100,7.071147216796875,-0.9900057911872864,-0.005066229496151209,-0.007055994123220444,0.14075908064842224,-0.015398292802274227,-0.008044890128076077,2.8590638637542725
1788692039042147300,7.076147216796875,-0.9900016784667969,-0.0051056137308478355,-0.007135630119591951,0.1407824009656906,-0.01556727197021246,-0.00810007844120264,2.859015464782715
1788692039047147300,7.081147216796875,-0.9899916052818298,-0.005100722890347242,-0.007056327536702156,0.14085744321346283,-0.01540947612375021,-0.008111562579870224,2.8588645458221436
1788692039052147200,7.086147216796875,-0.98997962474823,-0.005095722619444132,-0.007015457842499018,0.1409437358379364,-0.015327844768762589,-0.008111842907965183,2.8586905002593994
1788692039057147100,7.091147216796875,-0.9899859428405762,-0.005074786953628063,-0.006932383868843317,0.1409044861793518,-0.01515712309628725,-0.008094415999948978,2.8587708473205566
1788692039062147300,7.096147216796875,-0.9900007247924805,-0.005076846573501825,-0.006799173541367054,0.14080661535263062,-0.014893123880028725,-0.008137514814734459,2.8589696884155273
1788692039067147300,7.101147216796875,-0.9900211095809937,-0.005096199456602335,-0.006764763500541449,0.14066435396671295,-0.014829264022409916,-0.008187659084796906,2.8592569828033447
1788692039072147200,7.106147216796875,-0.9900490641593933,-0.005104489624500275,-0.006700059864670038,0.1404702365398407,-0.014701860025525093,-0.00822516530752182,2.859649419784546
1788692039077147100,7.111147216796875,-0.9900504946708679,-0.005172864068299532,-0.0065709673799574375,0.1404639035463333,-0.014465395361185074,-0.008396925404667854,2.8596620559692383
1788692039082147300,7.116147216796875,-0.9900401830673218,-0.005161961540579796,-0.006506148260086775,0.1405397355556488,-0.01433461345732212,-0.008392452262341976,2.8595097064971924
1788692039087147300,7.121147216796875,-0.9900347590446472,-0.005158449523150921,-0.006483860779553652,0.14057916402816772,-0.014289826154708862,-0.00839119590818882,2.8594303131103516
1788692039092147200,7.126147216796875,-0.99005126953125,-0.0051184045150876045,-0.006472222972661257,0.14046500623226166,-0.014254555106163025,-0.008316820487380028,2.85966157913208
1788692039097147100,7.131147216796875,-0.9900632500648499,-0.005142221227288246,-0.006321022752672434,0.1403866559267044,-0.013961170800030231,-0.008407572284340858,2.85982084274292
1788692039102147300,7.136147216796875,-0.9900566935539246,-0.00513526052236557,-0.00621044309809804,0.14043785631656647,-0.013740671798586845,-0.00842413492500782,2.8597183227539062
1788692039107147300,7.141147216796875,-0.9900555610656738,-0.005130174569785595,-0.006036184262484312,0.14045384526252747,-0.013394300825893879,-0.008462805300951004,2.859687566757202
1788692039112147200,7.146147216796875,-0.9900644421577454,-0.005124501883983612,-0.005865911021828651,0.14039841294288635,-0.01305504608899355,-0.008500147610902786,2.8598010540008545
1788692039117147100,7.151147216796875,-0.9900740385055542,-0.005140039604157209,-0.00568111427128315,0.14033769071102142,-0.012692938558757305,-0.008583595976233482,2.859924793243408
1788692039122147300,7.156147216796875,-0.9900795221328735,-0.005095615983009338,-0.005460579879581928,0.14030931890010834,-0.01224349532276392,-0.008557894267141819,2.8599846363067627
1788692039127147300,7.161147216796875,-0.990077555179596,-0.005103961564600468,-0.005267180036753416,0.1403304487466812,-0.011863035149872303,-0.008628451265394688,2.8599436283111572
1788692039132147200,7.166147216796875,-0.9900878667831421,-0.005081960000097752,-0.0050305393524467945,0.1402672678232193,-0.011387689039111137,-0.008652042597532272,2.8600735664367676
1788692039137147100,7.171147216796875,-0.9900992512702942,-0.0050590126775205135,-0.004748115781694651,0.14019735157489777,-0.010821351781487465,-0.008686612360179424,2.860217332839966
1788692039142147300,7.176147216796875,-0.9901056289672852,-0.005030057393014431,-0.004484191071242094,0.14016224443912506,-0.010290266014635563,-0.008703657425940037,2.860291004180908
1788692039147147300,7.181147216796875,-0.9901032447814941,-0.005011985078454018,-0.004197317641228437,0.1401885449886322,-0.009717325679957867,-0.00874804612249136,2.8602404594421387
1788692039152147200,7.186147216796875,-0.9901073575019836,-0.004983607213944197,-0.003934151027351618,0.1401679813861847,-0.009188029915094376,-0.008765840902924538,2.8602845668792725
1788692039157147100,7.191147216796875,-0.9901019930839539,-0.0049890619702637196,-0.003628382459282875,0.14021411538124084,-0.008584453724324703,-0.008861975744366646,2.860193967819214
1788692039162147300,7.196147216796875,-0.9900983572006226,-0.004942590836435556,-0.003536794800311327,0.14024357497692108,-0.008390305563807487,-0.008795390836894512,2.860135793685913
1788692039167147300,7.201147216796875,-0.9901024699211121,-0.004935966804623604,-0.0033250947017222643,0.14022010564804077,-0.007969008758664131,-0.00884185079485178,2.860184907913208
1788692039172147200,7.206147216796875,-0.990106463432312,-0.0049303448759019375,-0.0031563809607177973,0.1401958167552948,-0.0076331086456775665,-0.008878226391971111,2.8602354526519775
1788692039177147100,7.211147216796875,-0.9900991320610046,-0.004898334853351116,-0.003001253819093108,0.14025239646434784,-0.0073174359276890755,-0.008857923559844494,2.8601229190826416
1788692039182147300,7.216147216796875,-0.9901110529899597,-0.004874939564615488,-0.0027534759137779474,0.14017392694950104,-0.006819494068622589,-0.008881648071110249,2.860283851623535
1788692039187147300,7.221147216796875,-0.9901002049446106,-0.004849518183618784,-0.0025844944175332785,0.1402546614408493,-0.006478452123701572,-0.008878159336745739,2.8601224422454834
1788692039192147200,7.226147216796875,-0.990105926990509,-0.004823877010494471,-0.002397253643721342,0.14021870493888855,-0.006100144237279892,-0.008880134671926498,2.860196828842163
1788692039197147100,7.231147216796875,-0.9901089072227478,-0.004797873552888632,-0.0021558410953730345,0.14020243287086487,-0.005614633671939373,-0.008896443992853165,2.86023211479187
1788692039202147300,7.236147216796875,-0.9901099801063538,-0.0047709704376757145,-0.0019213857594877481,0.14019916951656342,-0.005142765585333109,-0.008908935822546482,2.860240936279297
1788692039207147300,7.241147216796875,-0.9901155829429626,-0.004727167543023825,-0.0016346995253115892,0.14016442000865936,-0.004562441259622574,-0.008902748115360737,2.860313892364502
1788692039212147200,7.246147216796875,-0.9901118874549866,-0.004703173413872719,-0.0014470892492681742,0.14019370079040527,-0.004184449091553688,-0.008907707408070564,2.8602564334869385
1788692039217147100,7.251147216796875,-0.9901209473609924,-0.004672614391893148,-0.0011268515372648835,0.1401333212852478,-0.0035411654971539974,-0.00893720705062151,2.8603813648223877
1788692039222147300,7.256147216796875,-0.9901245832443237,-0.004628381691873074,-0.0008880355744622648,0.14011116325855255,-0.003055633744224906,-0.008916620165109634,2.86042857170105
1788692039227147300,7.261147216796875,-0.9901290535926819,-0.00460439920425415,-0.0006120073958300054,0.14008162915706635,-0.0025020188186317682,-0.0089465556666255,2.8604907989501953
1788692039232147200,7.266147216796875,-0.9901366233825684,-0.004564851522445679,-0.00033851765329018235,0.14003050327301025,-0.0019488735124468803,-0.008944966830313206,2.8605964183807373
1788692039237147100,7.271147216796875,-0.990140438079834,-0.0045311301946640015,-0.00004048475966555998,0.14000475406646729,-0.0013489852426573634,-0.008961694315075874,2.8606512546539307
1788692039242147300,7.276147216796875,-0.9901479482650757,-0.004495629575103521,0.00021424618898890913,0.1399528533220291,-0.0008341151406057179,-0.008962765336036682,2.8607585430145264
1788692039247147300,7.281147216796875,-0.9901577234268188,-0.004457855597138405,0.0007224200526252389,0.13988327980041504,0.0001834681461332366,-0.009030192159116268,2.86090350151062
1788692039252147200,7.286147216796875,-0.9901697635650635,-0.0043991077691316605,0.0012511322274804115,0.13979586958885193,0.0012477639829739928,-0.009061657823622227,2.8610849380493164
1788692039257147100,7.291147216796875,-0.990178644657135,-0.004335599951446056,0.0017335895681753755,0.1397300511598587,0.0022215929348021746,-0.009070631116628647,2.8612220287323
1788692039262147300,7.296147216796875,-0.9901854395866394,-0.0042746108956635,0.0022426205687224865,0.1396765410900116,0.0032472345046699047,-0.009091923013329506,2.8613345623016357
1788692039267147300,7.301147216796875,-0.9901883006095886,-0.00423038424924016,0.0025579582434147596,0.13965222239494324,0.0038843255024403334,-0.009092329069972038,2.86138653755188
1788692039272147200,7.306147216796875,-0.990186870098114,-0.0042426446452736855,0.0026137190870940685,0.13966083526611328,0.003991254605352879,-0.009132216684520245,2.8613696098327637
1788692039277147100,7.311147216796875,-0.9901825785636902,-0.004222676157951355,0.002702314406633377,0.13969026505947113,0.004172021523118019,-0.009117540903389454,2.8613109588623047
1788692039282147300,7.316147216796875,-0.9901790618896484,-0.004211819730699062,0.0027652992866933346,0.13971395790576935,0.00429957453161478,-0.009113738313317299,2.8612635135650635
1788692039287147300,7.321147216796875,-0.9901807904243469,-0.004193278960883617,0.0028258077800273895,0.13970103859901428,0.004424707964062691,-0.009093870408833027,2.861290216445923
1788692039292147200,7.326147216796875,-0.9901822805404663,-0.004171524662524462,0.0029132107738405466,0.1396893560886383,0.004603989887982607,-0.00907515361905098,2.861314535140991
1788692039297147100,7.331147216796875,-0.9901823997497559,-0.004148723557591438,0.003025868209078908,0.1396869570016861,0.004833494778722525,-0.009061458520591259,2.8613202571868896
1788692039302147300,7.336147216796875,-0.9901784658432007,-0.004126738291233778,0.0031376047991216183,0.13971291482448578,0.005060689058154821,-0.009049266576766968,2.8612687587738037
1788692039307147300,7.341147216796875,-0.9901801943778992,-0.004089833237230778,0.0032039370853453875,0.13970042765140533,0.005202481057494879,-0.008994647301733494,2.8612945079803467
1788692039312147200,7.346147216796875,-0.9901837706565857,-0.004079476930201054,0.003353143809363246,0.13967180252075195,0.005501131992787123,-0.009015665389597416,2.861353635787964
1788692039317147100,7.351147216796875,-0.9901847839355469,-0.004052167292684317,0.0034135296009480953,0.13966375589370728,0.005628424696624279,-0.008978402242064476,2.861370325088501
1788692039322147300,7.356147216796875,-0.9901857972145081,-0.00403723306953907,0.003498140024021268,0.1396550089120865,0.005800243932753801,-0.008972407318651676,2.861388683319092
1788692039327147300,7.361147216796875,-0.990188717842102,-0.004021099302917719,0.003592075314372778,0.13963231444358826,0.005990990903228521,-0.008966553956270218,2.8614351749420166
1788692039332147200,7.366147216796875,-0.9901918768882751,-0.004012411460280418,0.0036429802421480417,0.1396091878414154,0.006094441749155521,-0.008963420987129211,2.8614823818206787
1788692039337147100,7.371147216796875,-0.9901921153068542,-0.00400443933904171,0.0037394955288618803,0.1396048367023468,0.006287854164838791,-0.008974551223218441,2.8614919185638428
1788692039342147300,7.376147216796875,-0.9901923537254333,-0.003991484642028809,0.003807599423453212,0.139601930975914,0.006426376756280661,-0.008967891335487366,2.8614983558654785
1788692039347147300,7.381147216796875,-0.9901950359344482,-0.003973324783146381,0.003880138276144862,0.13958138227462769,0.006575294304639101,-0.00895204208791256,2.8615405559539795
1788692039352147200,7.386147216796875,-0.9901978373527527,-0.003958434797823429,0.003950226586312056,0.13955998420715332,0.006718453019857407,-0.008941973559558392,2.861584186553955
1788692039357147100,7.391147216796875,-0.9902008771896362,-0.0039512901566922665,0.004056112840771675,0.13953547179698944,0.006930375937372446,-0.008957205340266228,2.8616347312927246
1788692039362147300,7.396147216796875,-0.9902018308639526,-0.003935431130230427,0.004162179306149483,0.13952599465847015,0.007144952658563852,-0.008955326862633228,2.86165452003479
1788692039367147300,7.401147216796875,-0.9902039766311646,-0.003911828622221947,0.004226588178426027,0.13950952887535095,0.007279247976839542,-0.008926433511078358,2.8616883754730225
1788692039372147200,7.406147216796875,-0.9902082085609436,-0.003888350911438465,0.004336812999099493,0.13947662711143494,0.007504396140575409,-0.00891044083982706,2.861755609512329
1788692039377147100,7.411147216796875,-0.9902117252349854,-0.003872665110975504,0.004460333846509457,0.13944856822490692,0.007753660436719656,-0.008913609199225903,2.8618133068084717
1788692039382147300,7.416147216796875,-0.9902136921882629,-0.0038523583207279444,0.004551716614514589,0.13943222165107727,0.007940455339848995,-0.00889874529093504,2.861846923828125
1788692039387147300,7.421147216796875,-0.9902163743972778,-0.003831899492070079,0.004677675198763609,0.13940948247909546,0.008195831440389156,-0.008893161080777645,2.861893892288208
1788692039392147200,7.426147216796875,-0.9902203679084778,-0.003806160530075431,0.004800138063728809,0.13937756419181824,0.00844583474099636,-0.008876054547727108,2.861959218978882
1788692039397147100,7.431147216796875,-0.9902241230010986,-0.0037849373184144497,0.004915477707982063,0.13934725522994995,0.00868045911192894,-0.008865905925631523,2.8620212078094482
1788692039402147300,7.436147216796875,-0.9902282953262329,-0.0037663241382688284,0.005048232153058052,0.13931360840797424,0.008948875591158867,-0.008865732699632645,2.8620903491973877
1788692039407147300,7.441147216796875,-0.9902327656745911,-0.0037431176751852036,0.00516514852643013,0.1392781287431717,0.009187218733131886,-0.008852015249431133,2.8621628284454346
1788692039412147200,7.446147216796875,-0.990239143371582,-0.0037173263262957335,0.005307671148329973,0.13922825455665588,0.009477125480771065,-0.008840154856443405,2.862264633178711
1788692039417147100,7.451147216796875,-0.9902425408363342,-0.0036989464424550533,0.005421905312687159,0.13920016586780548,0.009708745405077934,-0.008835283108055592,2.8623220920562744
1788692039422147300,7.456147216796875,-0.990248441696167,-0.00368496123701334,0.005496379919350147,0.13915526866912842,0.009860544465482235,-0.008827868849039078,2.8624134063720703
1788692039427147300,7.461147216796875,-0.9902516603469849,-0.0036653131246566772,0.005604914855211973,0.13912850618362427,0.010081215761601925,-0.008818886242806911,2.8624682426452637
1788692039432147200,7.466147216796875,-0.9902533292770386,-0.003636704757809639,0.00568620627745986,0.13911433517932892,0.010250309482216835,-0.008784696459770203,2.862497329711914
1788692039437147100,7.471147216796875,-0.9902499914169312,-0.003639313392341137,0.00580056244507432,0.13913339376449585,0.010475913062691689,-0.008821878582239151,2.862459897994995
1788692039442147300,7.476147216796875,-0.9902417659759521,-0.0036144612822681665,0.005881326738744974,0.13918918371200562,0.010642295703291893,-0.008795728906989098,2.8623476028442383
1788692039447147300,7.481147216796875,-0.9902294278144836,-0.0036133809480816126,0.005970693193376064,0.139273002743721,0.010818850249052048,-0.008819379843771458,2.8621790409088135
1788692039452147200,7.486147216796875,-0.99021315574646,-0.003609234932810068,0.006019007880240679,0.1393866389989853,0.01091468520462513,-0.008825876750051975,2.861949920654297
1788692039457147100,7.491147216796875,-0.9902030825614929,-0.0035522733815014362,0.0059145973064005375,0.1394643783569336,0.010723083280026913,-0.008684803731739521,2.8617916107177734
1788692039462147300,7.496147216796875,-0.9902167916297913,-0.003543259110301733,0.006007630843669176,0.13936306536197662,0.010910743847489357,-0.00869178306311369,2.86199688911438
1788692039467147300,7.501147216796875,-0.9902142286300659,-0.0035782293416559696,0.006034254562109709,0.1393791139125824,0.010953588411211967,-0.008768638595938683,2.8619649410247803
1788692039472147200,7.506147216796875,-0.9902125597000122,-0.00354640930891037,0.005994468927383423,0.13939356803894043,0.010883530601859093,-0.00869468878954649,2.8619351387023926
1788692039477147100,7.511147216796875,-0.9902159571647644,-0.003565968247130513,0.005998779088258743,0.1393686980009079,0.010886834934353828,-0.008734351955354214,2.861985683441162
1788692039482147300,7.516147216796875,-0.9902112483978271,-0.003544863313436508,0.0059916311874985695,0.13940288126468658,0.010878259316086769,-0.008690937422215939,2.8619163036346436
1788692039487147300,7.521147216796875,-0.9902105927467346,-0.0035642264410853386,0.006049796473234892,0.1394045650959015,0.01098804734647274,-0.008745519444346428,2.8619136810302734
1788692039492147200,7.526147216796875,-0.9902045726776123,-0.0035215599928051233,0.005973998457193375,0.1394519805908203,0.010849403217434883,-0.008640408515930176,2.861816883087158
1788692039497147100,7.531147216796875,-0.9902039766311646,-0.003494004951789975,0.005940802861005068,0.1394580602645874,0.010791285894811153,-0.008576646447181702,2.8618040084838867
1788692039502147300,7.536147216796875,-0.9902040362358093,-0.003494520904496312,0.00595470005646348,0.13945706188678741,0.01081867516040802,-0.008581533096730709,2.8618061542510986
1788692039507147300,7.541147216796875,-0.9902022480964661,-0.0034789296332746744,0.005952794104814529,0.13947035372257233,0.010819131508469582,-0.008550268597900867,2.86177921295166
1788692039512147200,7.546147216796875,-0.9901997447013855,-0.003460302948951721,0.005951198283582926,0.13948841392993927,0.010821009054780006,-0.0085131311789155,2.8617424964904785
1788692039517147100,7.551147216796875,-0.9902045726776123,-0.0034485324285924435,0.005976865068078041,0.13945354521274567,0.010875426232814789,-0.008496597409248352,2.8618130683898926
1788692039522147300,7.556147216796875,-0.9902015924453735,-0.003437208943068981,0.005908118560910225,0.13947808742523193,0.010742216370999813,-0.008455266244709492,2.861762762069702
1788692039527147300,7.561147216796875,-0.9902026057243347,-0.003432692028582096,0.005955802276730537,0.13946880400180817,0.010837994515895844,-0.008459518663585186,2.8617818355560303
1788692039532147200,7.566147216796875,-0.9902024269104004,-0.003428447525948286,0.005921922158449888,0.13947144150733948,0.010772055014967918,-0.008441692218184471,2.861776351928711
1788692039537147100,7.571147216796875,-0.9902041554450989,-0.0034122313372790813,0.005887477193027735,0.13946130871772766,0.010708443820476532,-0.008399860933423042,2.8617963790893555
1788692039542147300,7.576147216796875,-0.9902076721191406,-0.0034165980760008097,0.00591771537438035,0.13943499326705933,0.010767336934804916,-0.008416656404733658,2.861849784851074
1788692039547147300,7.581147216796875,-0.9902111887931824,-0.0034207990393042564,0.0059235901571810246,0.1394093632698059,0.010778018273413181,-0.008426334708929062,2.8619015216827393
1788692039552147200,7.586147216796875,-0.9902122020721436,-0.0034174700267612934,0.005984737072139978,0.13939990103244781,0.010900133289396763,-0.008436684496700764,2.8619213104248047
1788692039557147100,7.591147216796875,-0.9902130961418152,-0.003420743625611067,0.006011711433529854,0.13939204812049866,0.010952712967991829,-0.008450600318610668,2.8619372844696045
1788692039562147300,7.596147216796875,-0.9902118444442749,-0.003416178049519658,0.006018819287419319,0.13940081000328064,0.010967988520860672,-0.008443636819720268,2.861919641494751
1788692039567147300,7.601147216796875,-0.9902090430259705,-0.0034078790340572596,0.006016592960804701,0.13942113518714905,0.01096571795642376,-0.008426805026829243,2.8618783950805664
1788692039572147200,7.606147216796875,-0.9902087450027466,-0.0033857522066682577,0.006014022510498762,0.1394238919019699,0.01096677128225565,-0.008382298052310944,2.861872673034668
1788692039577147100,7.611147216796875,-0.9902060031890869,-0.0033834632486104965,0.006042452994734049,0.1394423395395279,0.011023560538887978,-0.008385897614061832,2.8618357181549072
1788692039582147300,7.616147216796875,-0.9902097582817078,-0.0033792629837989807,0.005960666108876467,0.13941925764083862,0.010862943716347218,-0.008354518562555313,2.8618814945220947
1788692039587147300,7.621147216796875,-0.9902136921882629,-0.003344936529174447,0.006041128654032946,0.13938851654529572,0.011032129637897015,-0.008308627642691135,2.8619439601898193
1788692039592147200,7.626147216796875,-0.990213930606842,-0.003333949251100421,0.006095526739954948,0.13938452303409576,0.011142963543534279,-0.008301984518766403,2.861952304840088
1788692039597147100,7.631147216796875,-0.990210771560669,-0.0033117346465587616,0.006148825399577618,0.13940514624118805,0.01125454343855381,-0.008273080922663212,2.8619110584259033
1788692039602147300,7.636147216796875,-0.9902099967002869,-0.0032955934293568134,0.006255473010241985,0.13940666615962982,0.011470252647995949,-0.008270862512290478,2.8619086742401123
1788692039607147300,7.641147216796875,-0.9902068972587585,-0.0032652951776981354,0.0064410073682665825,0.13942091166973114,0.01184604037553072,-0.008262751623988152,2.8618810176849365
1788692039612147200,7.646147216796875,-0.990211009979248,-0.0032391513232141733,0.006486660335212946,0.13938985764980316,0.011944003403186798,-0.008223328739404678,2.8619439601898193
1788692039617147100,7.651147216796875,-0.9902081489562988,-0.0032222059089690447,0.006491603795439005,0.13941064476966858,0.011958343908190727,-0.008191397413611412,2.8619017601013184
1788692039622147300,7.656147216796875,-0.9902071356773376,-0.003201047657057643,0.006490809842944145,0.13941822946071625,0.011962606571614742,-0.008149364963173866,2.8618862628936768
1788692039627147300,7.661147216796875,-0.9902060031890869,-0.003192779142409563,0.006484698969870806,0.13942678272724152,0.011952737346291542,-0.008131388574838638,2.8618688583374023
1788692039632147200,7.666147216796875,-0.9902017712593079,-0.003181526204571128,0.00652652932330966,0.13945497572422028,0.012038490734994411,-0.008121109567582607,2.861812114715576
1788692039637147100,7.671147216796875,-0.9901957511901855,-0.003169233212247491,0.006613357458263636,0.1394941359758377,0.012213564477860928,-0.008121460676193237,2.8617336750030518
1788692039642147300,7.676147216796875,-0.9901857972145081,-0.003153271973133087,0.006672140210866928,0.13956215977668762,0.012333880178630352,-0.008107095025479794,2.8615965843200684
1788692039647147300,7.681147216796875,-0.9901739954948425,-0.0031610513105988503,0.0066833593882620335,0.13964524865150452,0.012353247031569481,-0.008126669563353062,2.86142897605896
1788692039652147200,7.686147216796875,-0.9901544451713562,-0.003157354425638914,0.006744187790900469,0.1397808939218521,0.0124736363068223,-0.00813804380595684,2.8611552715301514
1788692039657147100,7.691147216796875,-0.990129292011261,-0.0031754274386912584,0.006813860964030027,0.1399553120136261,0.01260512787848711,-0.00819553155452013,2.8608038425445557
1788692039662147300,7.696147216796875,-0.9901270270347595,-0.003150335280224681,0.006762045435607433,0.1399744302034378,0.012509374879300594,-0.008131580427289009,2.860764503479004
1788692039667147300,7.701147216796875,-0.9901295304298401,-0.0031629842706024647,0.006827272474765778,0.13995333015918732,0.012635186314582825,-0.00817461870610714,2.8608076572418213
1788692039672147200,7.706147216796875,-0.9901280999183655,-0.0031910440884530544,0.006831405684351921,0.13996228575706482,0.012635446153581142,-0.008231456391513348,2.8607900142669678
1788692039677147100,7.711147216796875,-0.9901289939880371,-0.003186613554134965,0.006876066327095032,0.13995420932769775,0.012725199572741985,-0.008235078305006027,2.860806703567505
1788692039682147300,7.716147216796875,-0.9901257157325745,-0.0031851439271122217,0.006834178697317839,0.13997946679592133,0.012642445974051952,-0.008220767602324486,2.860755205154419
1788692039687147300,7.721147216796875,-0.9901221990585327,-0.0032084311824291945,0.006812850944697857,0.14000451564788818,0.012593481689691544,-0.008261231705546379,2.8607046604156494
1788692039692147200,7.726147216796875,-0.990119993686676,-0.0032284650951623917,0.006765690632164478,0.14002226293087006,0.01249433122575283,-0.008287925273180008,2.860668659210205
1788692039697147100,7.731147216796875,-0.9901131987571716,-0.0032461194787174463,0.006765341851860285,0.14006966352462769,0.012488300912082195,-0.008323385380208492,2.8605730533599854
1788692039702147300,7.736147216796875,-0.990110456943512,-0.0032434638123959303,0.006605956703424454,0.14009667932987213,0.012173173949122429,-0.008273813873529434,2.8605172634124756
1788692039707147300,7.741147216796875,-0.9901130199432373,-0.0032991869375109673,0.006587487179785967,0.14007824659347534,0.012121147476136684,-0.008378760889172554,2.8605549335479736
1788692039712147200,7.746147216796875,-0.990110456943512,-0.00330796604976058,0.006453588139265776,0.14010263979434967,0.011853312142193317,-0.008358930237591267,2.860504627227783
1788692039717147100,7.751147216796875,-0.9901074767112732,-0.003340256167575717,0.006349207367748022,0.14012743532657623,0.01163734495639801,-0.00839392002671957,2.8604540824890137
1788692039722147300,7.756147216796875,-0.9901058077812195,-0.003362966002896428,0.0062112933956086636,0.14014501869678497,0.011357714422047138,-0.008400446735322475,2.860417604446411
1788692039727147300,7.761147216796875,-0.9901028871536255,-0.003411976620554924,0.006046087481081486,0.14017151296138763,0.01101658958941698,-0.008451494388282299,2.860363006591797
1788692039732147200,7.766147216796875,-0.9901018738746643,-0.0034393458627164364,0.005819907411932945,0.1401875764131546,0.010560868307948112,-0.008442463353276253,2.8603291511535645
1788692039737147100,7.771147216796875,-0.990097165107727,-0.0035078972578048706,0.005642014555633068,0.1402263045310974,0.01018903311342001,-0.008528739213943481,2.8602497577667236
1788692039742147300,7.776147216796875,-0.9900915026664734,-0.0035332171246409416,0.005387960933148861,0.1402757614850998,0.009678400121629238,-0.008508119732141495,2.8601481914520264
1788692039747147300,7.781147216796875,-0.9900882840156555,-0.0035753108095377684,0.005148059222847223,0.14030636847019196,0.00919125135987997,-0.008524460718035698,2.8600845336914062
1788692039752147200,7.786147216796875,-0.9900854825973511,-0.0036149825900793076,0.004935591481626034,0.14033302664756775,0.008759142830967903,-0.008543641306459904,2.8600292205810547
1788692039757147100,7.791147216796875,-0.9900814294815063,-0.0036527891643345356,0.004682687111198902,0.14036911725997925,0.008247400633990765,-0.008547831326723099,2.859954595565796
1788692039762147300,7.796147216796875,-0.9900776147842407,-0.003690732177346945,0.004460691940039396,0.14040230214595795,0.007796852383762598,-0.008560909889638424,2.8598859310150146
1788692039767147300,7.801147216796875,-0.9900751113891602,-0.0037226967979222536,0.004230237100273371,0.14042620360851288,0.007331310771405697,-0.008559674955904484,2.8598358631134033
1788692039772147200,7.806147216796875,-0.9900733232498169,-0.003761082421988249,0.004045270383358002,0.14044304192066193,0.006954105105251074,-0.008583859540522099,2.859800338745117
1788692039777147100,7.811147216796875,-0.9900717735290527,-0.003790519433096051,0.0038549487944692373,0.14045871794223785,0.0065688188187778,-0.008588800206780434,2.859767436981201
1788692039782147300,7.816147216796875,-0.9900693893432617,-0.003823057748377323,0.0036774715408682823,0.1404794305562973,0.006208051927387714,-0.00860350951552391,2.8597240447998047
1788692039787147300,7.821147216796875,-0.9900687336921692,-0.0038441470824182034,0.0034833361860364676,0.14048859477043152,0.005817614030092955,-0.00859078299254179,2.85970401763916
1788692039792147200,7.826147216796875,-0.9900676012039185,-0.0038740572053939104,0.003363506169989705,0.14049841463565826,0.005571835208684206,-0.00861639715731144,2.8596832752227783
1788692039797147100,7.831147216796875,-0.990065336227417,-0.0038865734823048115,0.003228474175557494,0.1405174434185028,0.0053007593378424644,-0.008603343740105629,2.8596439361572266
1788692039802147300,7.836147216796875,-0.9900642037391663,-0.0038982608821243048,0.0031406236812472343,0.1405269354581833,0.005123428534716368,-0.008601848036050797,2.859623908996582
1788692039807147300,7.841147216796875,-0.990062952041626,-0.003913845866918564,0.003053163643926382,0.14053714275360107,0.004945770371705294,-0.008608179166913033,2.859602689743042
1788692039812147200,7.846147216796875,-0.9900628328323364,-0.003929833881556988,0.002947768196463585,0.14053970575332642,0.0047325496561825275,-0.008610228076577187,2.8595964908599854
1788692039817147100,7.851147216796875,-0.9900610446929932,-0.003943803254514933,0.002877618419006467,0.14055368304252625,0.004589590709656477,-0.008618238382041454,2.859567880630493
1788692039822147300,7.856147216796875,-0.9900609850883484,-0.003951888531446457,0.0027961141895502806,0.14055520296096802,0.00442590843886137,-0.008611343801021576,2.8595640659332275
1788692039827147300,7.861147216796875,-0.9900591969490051,-0.003963130991905928,0.002741773147135973,0.14056861400604248,0.0043150256387889385,-0.008618390187621117,2.859536647796631
1788692039832147200,7.866147216796875,-0.9900580048561096,-0.003970382269471884,0.002665563253685832,0.14057834446430206,0.00416199117898941,-0.008611364290118217,2.859516143798828
1788692039837147100,7.871147216796875,-0.9900563955307007,-0.003981498070061207,0.00260721193626523,0.14059042930603027,0.004043214023113251,-0.008617020212113857,2.8594913482666016
1788692039842147300,7.876147216796875,-0.9900551438331604,-0.003989255987107754,0.002531814854592085,0.14060035347938538,0.00389164499938488,-0.008611220866441727,2.8594706058502197
1788692039847147300,7.881147216796875,-0.9900551438331604,-0.003997595515102148,0.002470669336616993,0.1406012326478958,0.003768212627619505,-0.008610544726252556,2.859468460083008
1788692039852147200,7.886147216796875,-0.990052342414856,-0.0040080309845507145,0.0024070495273917913,0.14062190055847168,0.0036391192115843296,-0.008613395504653454,2.859426259994507
1788692039857147100,7.891147216796875,-0.9900513291358948,-0.00401477562263608,0.002322063548490405,0.14063037931919098,0.003468860639259219,-0.00860287994146347,2.859408378601074
1788692039862147300,7.896147216796875,-0.9900510907173157,-0.004026342183351517,0.0022811368107795715,0.14063206315040588,0.003384550102055073,-0.008614277467131615,2.8594045639038086
1788692039867147300,7.901147216796875,-0.9900504946708679,-0.004026360809803009,0.00226964196190238,0.14063656330108643,0.0033617443405091763,-0.008611096069216728,2.8593955039978027
1788692039872147200,7.906147216796875,-0.9900507926940918,-0.004028393886983395,0.0022789875511080027,0.14063449203968048,0.0033796962816268206,-0.008617744781076908,2.8593997955322266
1788692039877147100,7.911147216796875,-0.9900506734848022,-0.0040293848142027855,0.0022869608364999294,0.14063504338264465,0.00339520163834095,-0.008621950633823872,2.859398603439331
1788692039882147300,7.916147216796875,-0.9900509119033813,-0.004028223920613527,0.0022897599264979362,0.1406334787607193,0.0034010843373835087,-0.008620434440672398,2.8594019412994385
1788692039887147300,7.921147216796875,-0.990050733089447,-0.0040243458934128284,0.0022948640398681164,0.140634685754776,0.00341227138414979,-0.0086141936480999,2.8593995571136475
1788692039892147200,7.926147216796875,-0.9900506138801575,-0.004025616683065891,0.002297608880326152,0.14063513278961182,0.0034173456951975822,-0.00861748494207859,2.859398603439331
1788692039897147100,7.931147216796875,-0.990050733089447,-0.004024059511721134,0.0023000268265604973,0.14063459634780884,0.0034225762356072664,-0.008615078404545784,2.8593995571136475
1788692039902147300,7.936147216796875,-0.9900505542755127,-0.004022871144115925,0.0023024703841656446,0.14063581824302673,0.00342773855663836,-0.00861341692507267,2.8593971729278564
1788692039907147300,7.941147216796875,-0.9900503754615784,-0.004023618996143341,0.002307634335011244,0.14063702523708344,0.003437743289396167,-0.008616355247795582,2.8593947887420654
1788692039912147200,7.946147216796875,-0.9900505542755127,-0.004025081172585487,0.0023136460222303867,0.14063549041748047,0.003449249779805541,-0.008620936423540115,2.8593978881835938
1788692039917147100,7.951147216796875,-0.9900504350662231,-0.004023461136966944,0.002318865619599819,0.14063650369644165,0.0034600321669131517,-0.008619200438261032,2.859395980834961
1788692039922147300,7.956147216796875,-0.9900505542755127,-0.004023248329758644,0.0023203245364129543,0.14063532650470734,0.0034629912115633488,-0.008619184605777264,2.859398365020752
1788692039927147300,7.961147216796875,-0.9900505542755127,-0.004021232016384602,0.0023242870811372995,0.14063535630702972,0.0034714043140411377,-0.008616305887699127,2.859398365020752
1788692039932147200,7.966147216796875,-0.9900505542755127,-0.004019644111394882,0.0023260938469320536,0.14063529670238495,0.003475429257377982,-0.00861366931349039,2.859398365020752
1788692039937147100,7.971147216796875,-0.9900506734848022,-0.004019089508801699,0.002327731577679515,0.14063440263271332,0.0034788360353559256,-0.008613028563559055,2.8594002723693848
1788692039942147300,7.976147216796875,-0.9900509119033813,-0.004015355370938778,0.002332019153982401,0.1406330019235611,0.003488388378173113,-0.008606836199760437,2.859403133392334
1788692039947147300,7.981147216796875,-0.9900514483451843,-0.004013102501630783,0.0023222833406180143,0.14062955975532532,0.0034697738010436296,-0.008599625900387764,2.859410047531128
1788692039952147200,7.986147216796875,-0.9900525808334351,-0.0040179891511797905,0.0023061567917466164,0.14062146842479706,0.003436535829678178,-0.008604737929999828,2.859426259994507
1788692039957147100,7.991147216796875,-0.9900516271591187,-0.004026877693831921,0.0022783135063946247,0.14062854647636414,0.003378839697688818,-0.008614531718194485,2.8594117164611816
1788692039962147300,7.996147216796875,-0.990049421787262,-0.004031420685350895,0.0022506429813802242,0.1406441330909729,0.0033226334489881992,-0.008615797385573387,2.859380006790161
1788692039967147300,8.001147216796875,-0.990048348903656,-0.004031617660075426,0.0022131616715341806,0.14065247774124146,0.0032482862006872892,-0.008605672046542168,2.859362840652466
1788692039972147200,8.006147216796874,-0.9900479316711426,-0.004036769270896912,0.002173671266064048,0.1406560093164444,0.003168608294799924,-0.008604776114225388,2.8593554496765137
1788692039977147100,8.011147216796875,-0.9900461435317993,-0.004033950157463551,0.00212346320040524,0.14066943526268005,0.003069864120334387,-0.008585111238062382,2.859327793121338
1788692039982147300,8.016147216796876,-0.9900469183921814,-0.004051972646266222,0.0020833187736570835,0.1406639963388443,0.002985348692163825,-0.008609488606452942,2.8593385219573975
1788692039987147300,8.021147216796875,-0.9900453090667725,-0.00405192980542779,0.0020374534651637077,0.14067614078521729,0.0028944339137524366,-0.008596536703407764,2.859313488006592
1788692039992147200,8.026147216796875,-0.9900461435317993,-0.0040574101731181145,0.001993214013054967,0.14067046344280243,0.0028053391724824905,-0.00859492551535368,2.8593246936798096
1788692039997147100,8.031147216796874,-0.9900466203689575,-0.004063729662448168,0.001961425179615617,0.14066730439662933,0.002740641590207815,-0.00859848689287901,2.859330654144287
1788692040002147300,8.036147216796875,-0.9900466799736023,-0.0040631950832903385,0.001946522737853229,0.14066725969314575,0.002711283043026924,-0.008593236096203327,2.859330654144287
1788692040007147300,8.041147216796874,-0.99004727602005,-0.004065903834998608,0.00195961887948215,0.14066259562969208,0.0027364944107830524,-0.008602269925177097,2.859340190887451
1788692040012147200,8.046147216796875,-0.9900488257408142,-0.004052885342389345,0.001981638837605715,0.14065203070640564,0.0027838516980409622,-0.00858265720307827,2.8593618869781494
1788692040017147100,8.051147216796876,-0.9900550842285156,-0.004029521252959967,0.0020289933308959007,0.14060792326927185,0.0028845742344856262,-0.0085495850071311,2.8594512939453125
1788692040022147300,8.056147216796875,-0.9900677800178528,-0.0040022567845880985,0.002091663656756282,0.14051832258701324,0.003017110750079155,-0.008512947708368301,2.859632730484009
1788692040027147300,8.061147216796876,-0.9900871515274048,-0.003972893115133047,0.0021644914522767067,0.1403816193342209,0.003170747309923172,-0.008474831469357014,2.8599095344543457
1788692040032147200,8.066147216796875,-0.9901127219200134,-0.003996941260993481,0.002273536752909422,0.14019882678985596,0.003381512127816677,-0.008552443236112595,2.8602797985076904
1788692040037147100,8.071147216796875,-0.9901372194290161,-0.003970489837229252,0.002372870920225978,0.14002463221549988,0.003587140701711178,-0.008527283556759357,2.8606324195861816
1788692040042147300,8.076147216796874,-0.9901623129844666,-0.003960613626986742,0.002432870678603649,0.13984617590904236,0.0037102638743817806,-0.008523859083652496,2.8609933853149414
1788692040047147300,8.081147216796875,-0.990186870098114,-0.00394821260124445,0.0025475576985627413,0.1396707147359848,0.003942370880395174,-0.008530678227543831,2.8613486289978027
1788692040052147200,8.086147216796874,-0.9902121424674988,-0.0039507863111793995,0.0025907272938638926,0.13949041068553925,0.004028703551739454,-0.008547100238502026,2.861713171005249
1788692040057147100,8.091147216796875,-0.9902324676513672,-0.003950623795390129,0.0026939876843243837,0.1393440216779709,0.004234525375068188,-0.008574958890676498,2.8620097637176514
1788692040062147300,8.096147216796876,-0.9902321696281433,-0.003941470291465521,0.002762880874797702,0.13934500515460968,0.004373513162136078,-0.008576033636927605,2.8620083332061768
1788692040067147300,8.101147216796875,-0.9902323484420776,-0.003954494372010231,0.0027189082466065884,0.1393442302942276,0.004282801412045956,-0.00858957041054964,2.8620095252990723
1788692040072147200,8.106147216796876,-0.9902322888374329,-0.003946114797145128,0.0027484362944960594,0.13934458792209625,0.0043436153791844845,-0.008581205271184444,2.862009048461914
1788692040077147100,8.111147216796875,-0.990232527256012,-0.003947207238525152,0.002742109354585409,0.1393430382013321,0.004330792929977179,-0.008581598289310932,2.8620121479034424
1788692040082147300,8.116147216796875,-0.9902325868606567,-0.003942591138184071,0.0027507315389811993,0.1393425315618515,0.004349160473793745,-0.008574857376515865,2.862013101577759
1788692040087147300,8.121147216796874,-0.9902326464653015,-0.003943484276533127,0.0027542179450392723,0.1393418163061142,0.004355822689831257,-0.00857759453356266,2.8620147705078125
1788692040092147200,8.126147216796875,-0.9902328848838806,-0.003943587187677622,0.002757280832156539,0.13934002816677094,0.004361875355243683,-0.008578644134104252,2.862018346786499
1788692040097147100,8.131147216796874,-0.9902327656745911,-0.003942417446523905,0.002757261972874403,0.1393410861492157,0.0043621547520160675,-0.008576327003538609,2.862016201019287
1788692040102147300,8.136147216796875,-0.9902325868606567,-0.003940496128052473,0.002763150492683053,0.13934224843978882,0.00437434297055006,-0.008574167266488075,2.862013816833496
1788692040107147300,8.141147216796876,-0.990232527256012,-0.00394307030364871,0.00276655494235456,0.1393425017595291,0.004380366299301386,-0.008580215275287628,2.862013339996338
1788692040112147200,8.146147216796875,-0.9902327656745911,-0.003943462856113911,0.0027703316882252693,0.13934072852134705,0.004387752618640661,-0.00858203787356615,2.8620169162750244
1788692040117147100,8.151147216796875,-0.9902327656745911,-0.003941797651350498,0.002776630222797394,0.13934072852134705,0.004400690086185932,-0.008580494672060013,2.8620171546936035
1788692040122147300,8.156147216796874,-0.9902325868606567,-0.0039431191980838776,0.0027825559955090284,0.13934193551540375,0.0044120484963059425,-0.008584768511354923,2.8620147705078125
1788692040127147300,8.161147216796875,-0.9902324080467224,-0.003941988106817007,0.002788117853924632,0.13934315741062164,0.004423368256539106,-0.008584083989262581,2.8620121479034424
1788692040132147200,8.166147216796874,-0.990232527256012,-0.00394381582736969,0.002790882484987378,0.13934201002120972,0.004428344778716564,-0.00858846865594387,2.8620145320892334
1788692040137147100,8.171147216796875,-0.9902320504188538,-0.003946288023144007,0.0027929318603128195,0.13934531807899475,0.004431685898452997,-0.008593952283263206,2.8620078563690186
1788692040142147300,8.176147216796876,-0.9902318716049194,-0.003944802097976208,0.002798169618472457,0.13934658467769623,0.00444246269762516,-0.008592474274337292,2.8620054721832275
1788692040147147300,8.181147216796875,-0.9902316927909851,-0.003943434450775385,0.0028012350667268038,0.1393478810787201,0.004448903724551201,-0.008590624667704105,2.8620028495788574
1788692040152147200,8.186147216796876,-0.9902318120002747,-0.0039429087191820145,0.0028033829294145107,0.13934680819511414,0.0044533140026032925,-0.00859017763286829,2.8620049953460693
1788692040157147100,8.191147216796875,-0.9902316331863403,-0.003944377414882183,0.0028086728416383266,0.1393478810787201,0.004463371820747852,-0.008594566024839878,2.8620028495788574
1788692040162147300,8.196147216796875,-0.990231454372406,-0.003945887554436922,0.0028113811276853085,0.13934914767742157,0.004468303639441729,-0.00859831739217043,2.8620002269744873
1788692040167147300,8.201147216796874,-0.9902312755584717,-0.003943176008760929,0.0028166116680949926,0.13935041427612305,0.004479407798498869,-0.008594410493969917,2.8619978427886963
1788692040172147200,8.206147216796875,-0.9902312755584717,-0.0039398567751049995,0.0028206571005284786,0.13935035467147827,0.004488345701247454,-0.008588963188230991,2.8619978427886963
1788692040177147100,8.211147216796874,-0.9902312755584717,-0.00394023023545742,0.0028232072945684195,0.13935032486915588,0.004493292421102524,-0.008590413257479668,2.8619980812072754
1788692040182147300,8.216147216796875,-0.9902310967445374,-0.003939253278076649,0.0028280499391257763,0.13935156166553497,0.004503144882619381,-0.008589833974838257,2.8619954586029053
1788692040187147300,8.221147216796876,-0.9902313351631165,-0.003937896341085434,0.0028339694254100323,0.13934998214244843,0.004515260923653841,-0.008588789030909538,2.8619987964630127
1788692040192147200,8.226147216796875,-0.9902315139770508,-0.00393928587436676,0.0028400744777172804,0.13934816420078278,0.0045269811525940895,-0.008593234233558178,2.8620026111602783
1788692040197147100,8.231147216796876,-0.9902317523956299,-0.003941579721868038,0.0028455404099076986,0.13934631645679474,0.0045371828600764275,-0.008599292486906052,2.862006425857544
1788692040202147300,8.236147216796875,-0.9902318716049194,-0.003942382056266069,0.0028486703522503376,0.1393456757068634,0.004543164279311895,-0.008601750247180462,2.8620076179504395
1788692040207147300,8.241147216796875,-0.9902319312095642,-0.003941413480788469,0.0028513052966445684,0.1393451690673828,0.0045486572198569775,-0.008600564673542976,2.862008571624756
1788692040212147200,8.246147216796874,-0.9902321696281433,-0.003940447699278593,0.0028539460618048906,0.13934333622455597,0.004554172046482563,-0.008599379099905491,2.8620123863220215
1788692040217147100,8.251147216796875,-0.9902320504188538,-0.003938867710530758,0.0028594715986400843,0.1393442153930664,0.004565548617392778,-0.008597793988883495,2.8620107173919678
1788692040222147300,8.256147216796874,-0.9902318716049194,-0.00394089799374342,0.00286254845559597,0.13934540748596191,0.004571066237986088,-0.008602677844464779,2.8620083332061768
1788692040227147300,8.261147216796875,-0.9902317523956299,-0.003941958304494619,0.0028657447546720505,0.13934588432312012,0.00457709701731801,-0.008605670183897018,2.8620073795318604
1788692040232147200,8.266147216796876,-0.9902318716049194,-0.003940896596759558,0.002869546180590987,0.13934524357318878,0.004584927577525377,-0.008604624308645725,2.862008810043335
1788692040237147100,8.271147216796875,-0.9902316927909851,-0.003939484711736441,0.0028751716017723083,0.13934646546840668,0.004596451763063669,-0.008603401482105255,2.862006187438965
1788692040242147300,8.276147216796875,-0.9902315139770508,-0.003937662113457918,0.0028830990195274353,0.13934767246246338,0.004612649790942669,-0.008602006360888481,2.862003803253174
1788692040247147300,8.281147216796874,-0.9902313351631165,-0.003939309623092413,0.0028871032409369946,0.1393488198518753,0.004620111081749201,-0.00860639102756977,2.862001657485962
1788692040252147200,8.286147216796875,-0.9902315139770508,-0.003940407186746597,0.0028960625641047955,0.1393471360206604,0.004637564532458782,-0.008611053228378296,2.8620049953460693
1788692040257147100,8.291147216796874,-0.990231454372406,-0.003938938025385141,0.0029019464273005724,0.13934767246246338,0.004649622831493616,-0.008609785698354244,2.862004041671753
1788692040262147300,8.296147216796875,-0.9902316927909851,-0.0039353929460048676,0.002907297806814313,0.13934586942195892,0.004661225248128176,-0.008604247123003006,2.8620078563690186
1788692040267147300,8.301147216796876,-0.9902316927909851,-0.003932238090783358,0.002913051052019,0.13934564590454102,0.004673500545322895,-0.008599601686000824,2.8620083332061768
1788692040272147200,8.306147216796875,-0.9902319312095642,-0.0039286562241613865,0.002942099003121257,0.1393437683582306,0.004732046276330948,-0.008600594475865364,2.8620121479034424
1788692040277147100,8.311147216796876,-0.9902324080467224,-0.003930411767214537,0.0029723942279815674,0.1393393576145172,0.004791595973074436,-0.008612491190433502,2.8620214462280273
1788692040282147300,8.316147216796875,-0.9902330040931702,-0.003928252495825291,0.002999307820573449,0.13933461904525757,0.004845542833209038,-0.008615691214799881,2.8620312213897705
1788692040287147300,8.321147216796875,-0.9902336001396179,-0.003925844095647335,0.003028374630957842,0.13932998478412628,0.004903822671622038,-0.008618999272584915,2.8620407581329346
1788692040292147200,8.326147216796874,-0.990222156047821,-0.003921531606465578,0.00305660767480731,0.1394108235836029,0.0049602375365793705,-0.008618730120360851,2.861877679824829
1788692040297147100,8.331147216796875,-0.9902224540710449,-0.003920670133084059,0.0030861070845276117,0.13940784335136414,0.005018928553909063,-0.008625233545899391,2.861884117126465
1788692040302147300,8.336147216796874,-0.9902104735374451,-0.003916229587048292,0.0031171655282378197,0.13949239253997803,0.005080942530184984,-0.008625531569123268,2.861713409423828
1788692040307147300,8.341147216796875,-0.9902110695838928,-0.003912370186299086,0.0031497040763497353,0.13948780298233032,0.0051465025171637535,-0.00862694252282381,2.861722946166992
1788692040312147200,8.346147216796876,-0.9902024865150452,-0.003909908700734377,0.003174303565174341,0.13954800367355347,0.005195383448153734,-0.00862924475222826,2.8616015911102295
1788692040317147100,8.351147216796875,-0.9902029633522034,-0.0039031626656651497,0.003201864892616868,0.13954411447048187,0.005251884926110506,-0.008623556233942509,2.861609697341919
1788692040322147300,8.356147216796876,-0.9901958107948303,-0.003901759861037135,0.003231514012441039,0.1395944356918335,0.005310557782649994,-0.008629322052001953,2.861508369445801
1788692040327147300,8.361147216796875,-0.9901959896087646,-0.0039043123833835125,0.003261788748204708,0.13959242403507233,0.005369821563363075,-0.00864281877875328,2.8615126609802246
1788692040332147200,8.366147216796875,-0.9901900291442871,-0.003908717539161444,0.003288403619080782,0.1396338939666748,0.00542093999683857,-0.008659199811518192,2.861429214477539
1788692040337147100,8.371147216796874,-0.9901905655860901,-0.0039053678046911955,0.003314235946163535,0.139629527926445,0.005473073571920395,-0.008659754879772663,2.861438035964966
1788692040342147300,8.376147216796875,-0.9901835918426514,-0.003902886528521776,0.00333809619769454,0.13967840373516083,0.005520593374967575,-0.008661776781082153,2.861339569091797
1788692040347147300,8.381147216796874,-0.9901836514472961,-0.003907009027898312,0.0033632542472332716,0.13967715203762054,0.005569277331233025,-0.008676961064338684,2.861342430114746
1788692040352147200,8.386147216796875,-0.9901776313781738,-0.0039061664137989283,0.0033858439419418573,0.13971947133541107,0.005613880231976509,-0.008681843057274818,2.8612570762634277
1788692040357147100,8.391147216796876,-0.990178108215332,-0.003901761956512928,0.0034049267414957285,0.13971568644046783,0.005652936175465584,-0.008678430691361427,2.861264944076538
1788692040362147300,8.396147216796875,-0.9901728630065918,-0.0038985763676464558,0.0034249546006321907,0.1397523283958435,0.0056931693106889725,-0.00867792870849371,2.8611910343170166
1788692040367147300,8.401147216796875,-0.9901732802391052,-0.0038975700736045837,0.003444681642577052,0.13974905014038086,0.005732547491788864,-0.008681430481374264,2.8611977100372314
1788692040372147200,8.406147216796874,-0.9901663661003113,-0.0038955160416662693,0.0034653462935239077,0.13979746401309967,0.005773622076958418,-0.008683419786393642,2.861100196838379
1788692040377147100,8.411147216796875,-0.9901669025421143,-0.0038906054105609655,0.0034882701002061367,0.13979342579841614,0.00582042895257473,-0.008680080994963646,2.8611085414886475
1788692040382147300,8.416147216796874,-0.9901612997055054,-0.0038884091190993786,0.0035098500084131956,0.1398325115442276,0.005863437429070473,-0.008681995794177055,2.861029624938965
1788692040387147300,8.421147216796875,-0.9901617765426636,-0.00388567172922194,0.003531946800649166,0.1398286670446396,0.0059079984202980995,-0.008682731539011002,2.8610377311706543
1788692040392147200,8.426147216796876,-0.9901537895202637,-0.003880691947415471,0.0035517308861017227,0.13988474011421204,0.0059480792842805386,-0.008678738959133625,2.860924482345581
1788692040397147100,8.431147216796875,-0.9901543259620667,-0.0038757382426410913,0.003574501955881715,0.1398807018995285,0.0059945969842374325,-0.008675274439156055,2.8609328269958496
1788692040402147300,8.436147216796876,-0.990149974822998,-0.003874375717714429,0.003593084868043661,0.1399112343788147,0.0060315122827887535,-0.008677960373461246,2.8608713150024414
1788692040407147300,8.441147216796875,-0.9901500344276428,-0.0038763100747019053,0.0036138982977718115,0.13991010189056396,0.006072199437767267,-0.008687607944011688,2.8608736991882324
1788692040412147200,8.446147216796875,-0.9901437163352966,-0.003874905640259385,0.0036343075335025787,0.1399543583393097,0.0061126225627958775,-0.00869081076234579,2.8607845306396484
1788692040417147100,8.451147216796874,-0.9901439547538757,-0.003872814355418086,0.0036532015074044466,0.13995212316513062,0.006150644738227129,-0.008691944181919098,2.8607892990112305
1788692040422147300,8.456147216796875,-0.9901379942893982,-0.003870992222800851,0.003670457284897566,0.13999371230602264,0.0061849625781178474,-0.008693424984812737,2.8607053756713867
1788692040427147300,8.461147216796874,-0.9901379942893982,-0.003871556371450424,0.003688872791826725,0.13999328017234802,0.006221277639269829,-0.008699694648385048,2.860706329345703
1788692040432147200,8.466147216796875,-0.990132749080658,-0.003870365908369422,0.0037040277384221554,0.14003002643585205,0.006251300685107708,-0.008701812475919724,2.8606321811676025
1788692040437147100,8.471147216796876,-0.9901328086853027,-0.003866481129080057,0.0037243161350488663,0.14002908766269684,0.006292575504630804,-0.008699794299900532,2.8606343269348145
1788692040442147300,8.476147216796875,-0.9901263117790222,-0.003862986573949456,0.00374692608602345,0.14007464051246643,0.006337929517030716,-0.008699498139321804,2.8605425357818604
1788692040447147300,8.481147216796876,-0.990126371383667,-0.0038609926123172045,0.00376343191601336,0.1400739550590515,0.006371181458234787,-0.008700168691575527,2.860543966293335
1788692040452147200,8.486147216796875,-0.9901196360588074,-0.0038557860534638166,0.003779891412705183,0.14012132585048676,0.006404819432646036,-0.008694775402545929,2.8604485988616943
1788692040457147100,8.491147216796875,-0.990119993686676,-0.003855106420814991,0.00379918678663671,0.14011827111244202,0.006443248130381107,-0.008698816411197186,2.860454797744751
1788692040462147300,8.496147216796874,-0.9901140332221985,-0.0038472095038741827,0.0038169727195054293,0.1401602029800415,0.006480315234512091,-0.008688436821103096,2.86037015914917
1788692040467147300,8.501147216796875,-0.9901143908500671,-0.00384759739972651,0.0038331763353198767,0.14015689492225647,0.006512324325740337,-0.008693724870681763,2.860377073287964
1788692040472147200,8.506147216796874,-0.9901080131530762,-0.0038519774097949266,0.0038505278062075377,0.14020152390003204,0.006545065436512232,-0.008707556873559952,2.8602869510650635
1788692040477147100,8.511147216796875,-0.9901081919670105,-0.0038490931037813425,0.00386806926690042,0.14019981026649475,0.006580626592040062,-0.008706752210855484,2.860290765762329
1788692040482147300,8.516147216796876,-0.9901019334793091,-0.00384742789901793,0.0038882181979715824,0.14024348556995392,0.006620611064136028,-0.008709396235644817,2.8602025508880615
1788692040487147300,8.521147216796875,-0.9901024103164673,-0.0038484688848257065,0.003908640239387751,0.14023953676223755,0.006660795770585537,-0.008717158809304237,2.860210657119751
1788692040492147200,8.526147216796875,-0.9900974631309509,-0.0038496116176247597,0.003928274381905794,0.14027369022369385,0.006699055433273315,-0.008725159801542759,2.8601419925689697
1788692040497147100,8.531147216796874,-0.9900979399681091,-0.003854562994092703,0.003946489188820124,0.14026987552642822,0.006733771879225969,-0.008740047924220562,2.86014986038208
1788692040502147300,8.536147216796875,-0.9900931119918823,-0.0038463943637907505,0.0039628539234399796,0.14030368626117706,0.006768171675503254,-0.008728694170713425,2.860081672668457
1788692040507147300,8.541147216796874,-0.9900934100151062,-0.0038412718567997217,0.003978945314884186,0.1403013914823532,0.006801494397222996,-0.008723050355911255,2.860086441040039
1788692040512147200,8.546147216796875,-0.9900875687599182,-0.0038371155969798565,0.003998443949967623,0.14034202694892883,0.00684091541916132,-0.008720571175217628,2.860004425048828
1788692040517147100,8.551147216796876,-0.9900879263877869,-0.003836198942735791,0.004019759129732847,0.14033882319927216,0.006883410271257162,-0.008724715560674667,2.860011100769043
1788692040522147300,8.556147216796875,-0.990081787109375,-0.0038341153413057327,0.004041294101625681,0.14038164913654327,0.006926263682544231,-0.008726933039724827,2.859924793243408
1788692040527147300,8.561147216796876,-0.9900822043418884,-0.0038332638796418905,0.004052881151437759,0.14037828147411346,0.006949477829039097,-0.008728476241230965,2.859931707382202
1788692040532147200,8.566147216796875,-0.9900767803192139,-0.0038317684084177017,0.004067764151841402,0.14041626453399658,0.006979034747928381,-0.008729960769414902,2.8598549365997314
1788692040537147100,8.571147216796875,-0.990077018737793,-0.0038308927323669195,0.00409035524353385,0.1404140144586563,0.0070240371860563755,-0.00873455498367548,2.8598597049713135
1788692040542147300,8.576147216796874,-0.9900715947151184,-0.0038310973905026913,0.004107037093490362,0.14045190811157227,0.007056680042296648,-0.008739914745092392,2.859783411026001
1788692040547147300,8.581147216796875,-0.9900720119476318,-0.0038284172769635916,0.004124295432120562,0.1404482126235962,0.007091640494763851,-0.008739428594708443,2.8597910404205322
1788692040552147200,8.586147216796874,-0.9900652170181274,-0.0038262789603322744,0.004143107682466507,0.14049558341503143,0.007129075936973095,-0.008740819990634918,2.8596954345703125
1788692040557147100,8.591147216796875,-0.9900657534599304,-0.0038209252525120974,0.004161692690104246,0.14049175381660461,0.007167416624724865,-0.0087354127317667,2.859703302383423
1788692040562147300,8.596147216796876,-0.9900600910186768,-0.0038212835788726807,0.004181060008704662,0.1405310183763504,0.007205321453511715,-0.008741850033402443,2.859624147415161
1788692040567147300,8.601147216796875,-0.9900603294372559,-0.0038243343587964773,0.004198644310235977,0.140528604388237,0.007239306811243296,-0.008752814494073391,2.8596291542053223
1788692040572147200,8.606147216796876,-0.9900543093681335,-0.0038254763931035995,0.0042190211825072765,0.14057020843029022,0.007278967648744583,-0.008761107921600342,2.8595452308654785
1788692040577147100,8.611147216796875,-0.9900543093681335,-0.0038255108520388603,0.004237715154886246,0.14056971669197083,0.007315980736166239,-0.00876642856746912,2.859546422958374
1788692040582147300,8.616147216796875,-0.9900493621826172,-0.003826079424470663,0.004251535981893539,0.1406044065952301,0.0073428829200565815,-0.00877169705927372,2.8594765663146973
1788692040587147300,8.621147216796874,-0.9900497198104858,-0.0038265397306531668,0.0042639789171516895,0.14060141146183014,0.007367418613284826,-0.008776084519922733,2.859482765197754
1788692040592147200,8.626147216796875,-0.990041971206665,-0.0038207280449569225,0.004282798618078232,0.14065535366535187,0.007405842188745737,-0.008770272135734558,2.8593738079071045
1788692040597147100,8.631147216796874,-0.9900423288345337,-0.00382041628472507,0.0042985351756215096,0.14065226912498474,0.007437117397785187,-0.00877405796200037,2.8593802452087402
1788692040602147300,8.636147216796875,-0.9900364279747009,-0.0038202686700969934,0.004317768383771181,0.14069324731826782,0.00747488159686327,-0.008779484778642654,2.859297513961792
1788692040607147300,8.641147216796876,-0.9900364279747009,-0.003818533616140485,0.004334412980824709,0.14069275557994843,0.0075083328410983086,-0.00878072902560234,2.8592987060546875
1788692040612147200,8.646147216796875,-0.9900320768356323,-0.003814778756350279,0.004349644761532545,0.1407230794429779,0.0075392830185592175,-0.008777810260653496,2.8592374324798584
1788692040617147100,8.651147216796875,-0.9900320768356323,-0.0038101717364042997,0.0043621850199997425,0.14072291553020477,0.007565411739051342,-0.00877221580594778,2.8592379093170166
1788692040622147300,8.656147216796874,-0.9900249242782593,-0.00380710675381124,0.004375895019620657,0.14077290892601013,0.007592980749905109,-0.008770388551056385,2.8591370582580566
1788692040627147300,8.661147216796875,-0.9900248646736145,-0.0038093558978289366,0.0043913088738918304,0.14077270030975342,0.007622871082276106,-0.00877917930483818,2.859137535095215
1788692040632147200,8.666147216796874,-0.9900186061859131,-0.0038078646175563335,0.004404581617563963,0.14081630110740662,0.0076491860672831535,-0.008780300617218018,2.8590495586395264
1788692040637147100,8.671147216796875,-0.9900190234184265,-0.003804649692028761,0.00441723270341754,0.14081303775310516,0.007675171364098787,-0.008777471259236336,2.859056234359741
1788692040642147300,8.676147216796876,-0.9900111556053162,-0.0038037279155105352,0.00443312618881464,0.1408681422472,0.0077064139768481255,-0.00878055114299059,2.85894513130188
1788692040647147300,8.681147216796875,-0.9900112748146057,-0.0038047435227781534,0.0044419835321605206,0.1408669799566269,0.007723677437752485,-0.008785048499703407,2.858947515487671
1788692040652147200,8.686147216796876,-0.9900068044662476,-0.0038006913382560015,0.004450852982699871,0.14089788496494293,0.007742106914520264,-0.008779765106737614,2.8588850498199463
1788692040657147100,8.691147216796875,-0.9900070428848267,-0.003801161888986826,0.004463844001293182,0.14089618623256683,0.007767713628709316,-0.008784343488514423,2.858888864517212
1788692040662147300,8.696147216796875,-0.9900007843971252,-0.0037982941139489412,0.004477905575186014,0.14093941450119019,0.007795980665832758,-0.008782967925071716,2.8588013648986816
1788692040667147300,8.701147216796874,-0.9900009632110596,-0.0037921236362308264,0.004489326383918524,0.14093801379203796,0.00782034732401371,-0.008773958310484886,2.85880446434021
1788692040672147200,8.706147216796875,-0.9899941682815552,-0.0037902079056948423,0.00450485572218895,0.14098557829856873,0.00785121601074934,-0.00877491943538189,2.858708381652832
1788692040677147100,8.711147216796874,-0.9899943470954895,-0.003792387433350086,0.004517502151429653,0.14098389446735382,0.007875658571720123,-0.008782787248492241,2.8587119579315186
1788692040682147300,8.716147216796875,-0.989986002445221,-0.0037973474245518446,0.004530982580035925,0.1410418599843979,0.007900437340140343,-0.00879687163978815,2.8585948944091797
1788692040687147300,8.721147216796876,-0.9899861216545105,-0.003796373726800084,0.0045411912724375725,0.14104053378105164,0.007920936681330204,-0.008797812275588512,2.858597755432129
1788692040692147200,8.726147216796875,-0.9899797439575195,-0.0037946319207549095,0.0045516155660152435,0.1410849541425705,0.007941673509776592,-0.00879766047000885,2.8585081100463867
1788692040697147100,8.731147216796876,-0.9899799227714539,-0.003791188122704625,0.004564844071865082,0.1410832703113556,0.00796885322779417,-0.008794560097157955,2.858511447906494
1788692040702147300,8.736147216796875,-0.9899722337722778,-0.003790110582485795,0.004577325191348791,0.1411370038986206,0.007993394508957863,-0.008796381764113903,2.858403205871582
1788692040707147300,8.741147216796875,-0.9899724125862122,-0.003789408365264535,0.00458885682746768,0.14113549888134003,0.008016440086066723,-0.008798234164714813,2.8584063053131104
1788692040712147200,8.746147216796874,-0.9899648427963257,-0.0037898763548582792,0.004600718151777983,0.14118796586990356,0.008039326407015324,-0.008802934549748898,2.8583004474639893
1788692040717147100,8.751147216796875,-0.98996502161026,-0.003786780871450901,0.004610104486346245,0.14118677377700806,0.008058796636760235,-0.008799446746706963,2.8583028316497803
1788692040722147300,8.756147216796874,-0.9899571537971497,-0.003781874431297183,0.004621229600161314,0.14124146103858948,0.008081724867224693,-0.008793319575488567,2.8581924438476562
1788692040727147300,8.761147216796875,-0.989957332611084,-0.003778700716793537,0.004632680676877499,0.1412399858236313,0.008105305954813957,-0.008790258318185806,2.8581955432891846
1788692040732147200,8.766147216796876,-0.9899511933326721,-0.0037808450870215893,0.004647415596991777,0.14128237962722778,0.008133499883115292,-0.008799013681709766,2.858109951019287
1788692040737147100,8.771147216796875,-0.9899513721466064,-0.0037822944577783346,0.004660438746213913,0.1412806361913681,0.008158892393112183,-0.008805548772215843,2.8581135272979736
1788692040742147300,8.776147216796875,-0.9899437427520752,-0.0037763207219541073,0.004672843497246504,0.14133377373218536,0.008184670470654964,-0.008797665126621723,2.858006238937378
1788692040747147300,8.781147216796874,-0.9899439811706543,-0.003775631310418248,0.004687703680247068,0.14133182168006897,0.008214304223656654,-0.008800484240055084,2.8580102920532227
1788692040752147200,8.786147216796875,-0.9899396300315857,-0.003777545178309083,0.004703431390225887,0.1413617879152298,0.00824463926255703,-0.008808967657387257,2.85794997215271
1788692040757147100,8.791147216796874,-0.9899398684501648,-0.0037786755710840225,0.00471949577331543,0.14135964214801788,0.008276144973933697,-0.00881572999060154,2.857954502105713
1788692040762147300,8.796147216796875,-0.9899341464042664,-0.0037808199413120747,0.004735665861517191,0.1413990706205368,0.008307205513119698,-0.008824877440929413,2.857875108718872
1788692040767147300,8.801147216796876,-0.9899342656135559,-0.0037861168384552,0.004747605882585049,0.1413974016904831,0.008329363539814949,-0.00883872713893652,2.8578784465789795
1788692040772147200,8.806147216796875,-0.9899276494979858,-0.0037881722673773766,0.004758352879434824,0.1414436250925064,0.008349648676812649,-0.008846225216984749,2.857785224914551
1788692040777147100,8.811147216796876,-0.9899278879165649,-0.003788647009059787,0.0047753131948411465,0.14144137501716614,0.008383114822208881,-0.008851943537592888,2.857789993286133
1788692040782147300,8.816147216796875,-0.9899212121963501,-0.0037897422444075346,0.004790728911757469,0.14148752391338348,0.008412915281951427,-0.008858864195644855,2.857696771621704
1788692040787147300,8.821147216796875,-0.9899213314056396,-0.0037926638033241034,0.00480184331536293,0.1414860039949417,0.008434108458459377,-0.008867781609296799,2.8576998710632324
1788692040792147200,8.826147216796874,-0.9899135828018188,-0.003792403731495142,0.0048139337450265884,0.14153970777988434,0.008457639254629612,-0.00887114554643631,2.8575916290283203
1788692040797147100,8.831147216796875,-0.989913821220398,-0.0037916211877018213,0.004827020689845085,0.14153797924518585,0.00848378799855709,-0.00887328665703535,2.857595205307007
1788692040802147300,8.836147216796874,-0.9899073839187622,-0.0037879357114434242,0.004841647110879421,0.14158236980438232,0.008513391949236393,-0.008870511315762997,2.8575055599212646
1788692040807147300,8.841147216796875,-0.9899075627326965,-0.0037913378328084946,0.0048560150898993015,0.14158040285110474,0.008540894836187363,-0.008881297893822193,2.8575096130371094
1788692040812147200,8.846147216796876,-0.9899011850357056,-0.0037906148936599493,0.004867097828537226,0.1416248381137848,0.008562644012272358,-0.008883388713002205,2.857419967651367
1788692040817147100,8.851147216796875,-0.9899013638496399,-0.00379206077195704,0.0048782010562717915,0.1416233330965042,0.00858423113822937,-0.008889383636415005,2.8574230670928955
1788692040822147300,8.856147216796876,-0.9898919463157654,-0.0037910649552941322,0.00488944910466671,0.14168861508369446,0.008606196381151676,-0.008891165256500244,2.8572914600372314
1788692040827147300,8.861147216796875,-0.9898920655250549,-0.003793193958699703,0.004899433348327875,0.14168724417686462,0.008625374175608158,-0.008898196741938591,2.8572943210601807
1788692040832147200,8.866147216796875,-0.9898843765258789,-0.003786830697208643,0.004907793831080198,0.1417408287525177,0.008643248118460178,-0.008888435550034046,2.8571860790252686
1788692040837147100,8.871147216796874,-0.9898845553398132,-0.0037814793176949024,0.004917904268950224,0.14173954725265503,0.008664796128869057,-0.008880695328116417,2.8571887016296387
1788692040842147300,8.876147216796875,-0.9898808598518372,-0.0037809598725289106,0.004926745314151049,0.14176493883132935,0.008682218380272388,-0.00888239499181509,2.857137441635132
1788692040847147300,8.881147216796874,-0.9898809790611267,-0.0037818376440554857,0.00493489857763052,0.141763836145401,0.008698121644556522,-0.008886436000466347,2.8571395874023438
1788692040852147200,8.886147216796875,-0.9898776412010193,-0.003778761485591531,0.0049422685988247395,0.14178700745105743,0.008713378570973873,-0.00888263899832964,2.85709285736084
1788692040857147100,8.891147216796876,-0.9898777604103088,-0.0037745926529169083,0.004949433263391256,0.1417860984802246,0.00872875191271305,-0.008876408450305462,2.8570947647094727
1788692040862147300,8.896147216796875,-0.9898715615272522,-0.0037788255140185356,0.00496179424226284,0.14182887971401215,0.008751642890274525,-0.008888673037290573,2.857008457183838
1788692040867147300,8.901147216796875,-0.9898716807365417,-0.003780728206038475,0.0049704816192388535,0.14182768762111664,0.008768313564360142,-0.008894892409443855,2.857011079788208
1788692040872147200,8.906147216796874,-0.9898669719696045,-0.003783084684982896,0.004976669792085886,0.14186030626296997,0.00877960305660963,-0.00890160258859396,2.856945276260376
1788692040877147100,8.911147216796875,-0.9898670315742493,-0.00378071004524827,0.004984140861779451,0.14185933768749237,0.008795076981186867,-0.00889901164919138,2.856947183609009
1788692040882147300,8.916147216796874,-0.9898608922958374,-0.0037783842999488115,0.0049922531470656395,0.14190219342708588,0.008811413310468197,-0.008897090330719948,2.856860637664795
1788692040887147300,8.921147216796875,-0.9898610711097717,-0.0037748245522379875,0.0050031570717692375,0.14190077781677246,0.008834023028612137,-0.008893124759197235,2.856863498687744
1788692040892147200,8.926147216796876,-0.9898544549942017,-0.0037731120828539133,0.005009258631616831,0.14194652438163757,0.008846178650856018,-0.008891874924302101,2.856771230697632
1788692040897147100,8.931147216796875,-0.989854633808136,-0.0037746946327388287,0.0050200060941278934,0.14194504916667938,0.008867021650075912,-0.008898044936358929,2.85677433013916
1788692040902147300,8.936147216796876,-0.9898487329483032,-0.003776657860726118,0.005031786393374205,0.1419857144355774,0.008889422751963139,-0.008905640803277493,2.856692314147949
1788692040907147300,8.941147216796875,-0.9898489117622375,-0.00377369555644691,0.005043565761297941,0.14198416471481323,0.008913597092032433,-0.008903106674551964,2.8566954135894775
1788692040912147200,8.946147216796875,-0.9898411631584167,-0.003771689021959901,0.0050553022883832455,0.14203758537769318,0.008936922997236252,-0.008902949281036854,2.8565876483917236
1788692040917147100,8.951147216796874,-0.9898413419723511,-0.003771539544686675,0.005068763624876738,0.14203576743602753,0.008963631466031075,-0.008906460367143154,2.8565914630889893
1788692040922147300,8.956147216796875,-0.9898355007171631,-0.003768318332731724,0.005076167639344931,0.14207632839679718,0.00897884089499712,-0.008902554400265217,2.8565094470977783
1788692040927147300,8.961147216796874,-0.9898356199264526,-0.003760138526558876,0.005082782823592424,0.1420755386352539,0.008994268253445625,-0.008888233453035355,2.856511116027832
1788692040932147200,8.966147216796875,-0.9898301362991333,-0.0037580779753625393,0.0050949277356266975,0.14211320877075195,0.00901855994015932,-0.008887948468327522,2.8564350605010986
1788692040937147100,8.971147216796876,-0.9898303151130676,-0.0037546700332313776,0.005105454474687576,0.14211182296276093,0.009040380828082561,-0.008884179405868053,2.856437921524048
1788692040942147300,8.976147216796875,-0.9898242950439453,-0.0037520816549658775,0.005115654319524765,0.14215342700481415,0.009060936979949474,-0.008882335387170315,2.856353998184204
1788692040947147300,8.981147216796876,-0.9898244142532349,-0.0037487081717699766,0.00512435520067811,0.14215229451656342,0.009079131297767162,-0.008878120221197605,2.856356143951416
1788692040952147200,8.986147216796875,-0.989820122718811,-0.003747014096006751,0.005133369471877813,0.14218203723430634,0.00909719243645668,-0.008877602405846119,2.8562963008880615
1788692040957147100,8.991147216796875,-0.9898202419281006,-0.0037465153727680445,0.005142777692526579,0.14218075573444366,0.009115970693528652,-0.008879277855157852,2.8562989234924316
1788692040962147300,8.996147216796874,-0.9898146390914917,-0.003742797765880823,0.0051542408764362335,0.1422196924686432,0.009139373898506165,-0.008875537663698196,2.856220245361328
1788692040967147300,9.001147216796875,-0.9898147583007812,-0.0037389446515589952,0.005162099376320839,0.1422186642885208,0.009156037122011185,-0.008870135061442852,2.85622239112854
1788692040972147200,9.006147216796874,-0.9898092150688171,-0.0037359704729169607,0.005168612580746412,0.14225685596466064,0.009169434197247028,-0.008866453543305397,2.856145143508911
1788692040977147100,9.011147216796875,-0.9898093342781067,-0.003732898272573948,0.0051772803999483585,0.1422557234764099,0.009187478572130203,-0.008862826973199844,2.856147527694702
1788692040982147300,9.016147216796876,-0.9898040294647217,-0.003730769967660308,0.005187073722481728,0.14229245483875275,0.009207143448293209,-0.008861741982400417,2.8560733795166016
1788692040987147300,9.021147216796875,-0.9898041486740112,-0.0037271033506840467,0.005195522215217352,0.1422913521528244,0.009224922396242619,-0.008856875821948051,2.8560757637023926
1788692040992147200,9.026147216796875,-0.9897992014884949,-0.0037270975299179554,0.005205598194152117,0.14232535660266876,0.009244567714631557,-0.008860048837959766,2.8560070991516113
1788692040997147100,9.031147216796874,-0.9897993803024292,-0.003723925445228815,0.005217593163251877,0.14232376217842102,0.00926923006772995,-0.00885716825723648,2.8560104370117188
1788692041002147300,9.036147216796875,-0.9897952675819397,-0.0037241512909531593,0.005229827016592026,0.14235201478004456,0.00929313339293003,-0.008861363865435123,2.8559534549713135
1788692041007147300,9.041147216796874,-0.989795446395874,-0.0037222024984657764,0.00524152209982276,0.142350435256958,0.009316856041550636,-0.008860819041728973,2.855956792831421
1788692041012147200,9.046147216796875,-0.9897894859313965,-0.0037214006297290325,0.0052542537450790405,0.1423913687467575,0.009341921657323837,-0.008863243274390697,2.8558740615844727
1788692041017147100,9.051147216796876,-0.9897896647453308,-0.0037178744096308947,0.005264114122837782,0.14239005744457245,0.009362459182739258,-0.008859057910740376,2.855876922607422
1788692041022147300,9.056147216796875,-0.989784836769104,-0.0037192876916378736,0.005276988726109266,0.1424228549003601,0.009387250058352947,-0.008865833282470703,2.8558106422424316
1788692041027147300,9.061147216796876,-0.9897849559783936,-0.003720924025401473,0.005286303348839283,0.14242155849933624,0.009405236691236496,-0.00887171272188425,2.855813503265381
1788692041032147200,9.066147216796875,-0.9897803664207458,-0.0037193421740084887,0.005294794216752052,0.14245331287384033,0.009422211907804012,-0.008871302008628845,2.8557493686676025
1788692041037147100,9.071147216796875,-0.9897804260253906,-0.0037198709324002266,0.0052984426729381084,0.14245279133319855,0.009429287165403366,-0.00887338351458311,2.855750322341919
1788692041042147300,9.076147216796874,-0.9897762537002563,-0.0037189084105193615,0.005303750745952129,0.14248168468475342,0.009439812041819096,-0.008873265236616135,2.855692148208618
1788692041047147300,9.081147216796875,-0.9897763729095459,-0.0037196779157966375,0.0053116860799491405,0.14248058199882507,0.009455312974750996,-0.008877038955688477,2.85569429397583
1788692041052147200,9.086147216796874,-0.9897714853286743,-0.00372349563986063,0.0053185950964689255,0.1425139158964157,0.009467602707445621,-0.008886884897947311,2.8556270599365234
1788692041057147100,9.091147216796875,-0.9897716641426086,-0.0037222779355943203,0.005329071078449488,0.1425125002861023,0.009488701820373535,-0.008887446485459805,2.8556299209594727
1788692041062147300,9.096147216796876,-0.989764392375946,-0.0037203901447355747,0.005341232754290104,0.14256247878074646,0.009512865915894508,-0.008887656033039093,2.8555290699005127
1788692041067147300,9.101147216796875,-0.9897645711898804,-0.0037179035134613514,0.005351458676159382,0.14256110787391663,0.009533832781016827,-0.008885635063052177,2.855531930923462
1788692041072147200,9.106147216796876,-0.989758312702179,-0.0037195973563939333,0.005359972827136517,0.14260409772396088,0.009549818933010101,-0.00889183022081852,2.855445146560669
1788692041077147100,9.111147216796875,-0.9897584319114685,-0.0037165521644055843,0.005367907229810953,0.1426030397415161,0.00956640299409628,-0.008888054639101028,2.855447292327881
1788692041082147300,9.116147216796875,-0.9897527694702148,-0.0037089516408741474,0.005375080741941929,0.1426423192024231,0.009582418948411942,-0.008875434286892414,2.85536789894104
1788692041087147300,9.121147216796874,-0.9897528290748596,-0.0037049788516014814,0.00538128986954689,0.14264151453971863,0.00959585141390562,-0.008869333192706108,2.8553695678710938
1788692041092147200,9.126147216796875,-0.989747166633606,-0.003704344853758812,0.005385453347116709,0.14268086850643158,0.009603921324014664,-0.008869647979736328,2.855290174484253
1788692041097147100,9.131147216796874,-0.9897472262382507,-0.003701919224113226,0.005387885496020317,0.1426805704832077,0.009609430097043514,-0.00886553805321455,2.8552908897399902
1788692041102147300,9.136147216796875,-0.9897409677505493,-0.003699525957927108,0.005394646432250738,0.14272375404834747,0.009623111225664616,-0.008863150142133236,2.855203628540039
1788692041107147300,9.141147216796876,-0.9897410869598389,-0.003694401355460286,0.005403546150773764,0.14272259175777435,0.009642201475799084,-0.008855532854795456,2.85520601272583
1788692041112147200,9.146147216796875,-0.9897355437278748,-0.003689649747684598,0.005410133861005306,0.14276070892810822,0.009656257927417755,-0.008848379366099834,2.8551290035247803
1788692041117147100,9.151147216796875,-0.9897356629371643,-0.0036920211277902126,0.005415897350758314,0.14275987446308136,0.00966699793934822,-0.008854711428284645,2.855130672454834
1788692041122147300,9.156147216796874,-0.9897310137748718,-0.003689821343868971,0.00542280450463295,0.14279179275035858,0.009681014344096184,-0.008852641098201275,2.8550662994384766
1788692041127147300,9.161147216796875,-0.9897310733795166,-0.003687206655740738,0.005427797324955463,0.14279113709926605,0.009691649116575718,-0.008848884142935276,2.855067491531372
1788692041132147200,9.166147216796874,-0.9897258877754211,-0.003685095114633441,0.0054341270588338375,0.14282682538032532,0.009704464115202427,-0.008846862241625786,2.8549954891204834
1788692041137147100,9.171147216796875,-0.9897260069847107,-0.0036843218840658665,0.005441396962851286,0.14282582700252533,0.009719084948301315,-0.00884739775210619,2.8549976348876953
1788692041142147300,9.176147216796876,-0.9897202849388123,-0.0036862771958112717,0.005442268215119839,0.142865389585495,0.00971989706158638,-0.008851905353367329,2.854917526245117
1788692041147147300,9.181147216796875,-0.989720344543457,-0.0036826287396252155,0.005446158349514008,0.1428648978471756,0.009728644043207169,-0.008845790289342403,2.8549187183380127
1788692041152147200,9.186147216796876,-0.9897140860557556,-0.0036826555151492357,0.005451425444334745,0.1429082602262497,0.009738675318658352,-0.008847774937748909,2.8548309803009033
1788692041157147100,9.191147216796875,-0.9897142052650452,-0.003681712318211794,0.005459755193442106,0.14290709793567657,0.009755445644259453,-0.008848276920616627,2.8548333644866943
1788692041162147300,9.196147216796875,-0.9897080063819885,-0.003686548676341772,0.005467385519295931,0.14294970035552979,0.00976878684014082,-0.008860451169312,2.8547475337982178
1788692041167147300,9.201147216796874,-0.9897080659866333,-0.0036877875681966543,0.005472080782055855,0.14294902980327606,0.009777733124792576,-0.008864239789545536,2.8547489643096924
1788692041172147200,9.206147216796875,-0.9897028207778931,-0.0036854580976068974,0.005478153936564922,0.14298516511917114,0.009790097363293171,-0.00886172242462635,2.8546760082244873
1788692041177147100,9.211147216796874,-0.9897029399871826,-0.003687365911900997,0.0054880124516785145,0.14298374950885773,0.009809080511331558,-0.008868303149938583,2.8546788692474365
1788692041182147300,9.216147216796875,-0.9896973371505737,-0.003684710245579481,0.00549320038408041,0.14302252233028412,0.009819762781262398,-0.008864914998412132,2.854600429534912
1788692041187147300,9.221147216796876,-0.9896973967552185,-0.0036853544879704714,0.0054972353391349316,0.14302195608615875,0.0098275700584054,-0.008867338299751282,2.8546018600463867
1788692041192147200,9.226147216796875,-0.989691972732544,-0.0036840548273175955,0.005503799766302109,0.1430591642856598,0.009840602055191994,-0.008867013268172741,2.8545265197753906
1788692041197147100,9.231147216796876,-0.9896920919418335,-0.0036837810184806585,0.005511388182640076,0.14305809140205383,0.00985571276396513,-0.008868631906807423,2.8545289039611816
1788692041202147300,9.236147216796875,-0.9896855354309082,-0.0036837314255535603,0.005515422206372023,0.14310328662395477,0.009863306768238544,-0.008870137855410576,2.8544375896453857
1788692041207147300,9.241147216796875,-0.989685595035553,-0.0036804901901632547,0.005519429687410593,0.143102765083313,0.009872172959148884,-0.008864863775670528,2.854438543319702
1788692041212147200,9.246147216796874,-0.9896795153617859,-0.0036798445507884026,0.0055249035358428955,0.14314468204975128,0.00988281611353159,-0.008865571580827236,2.854353904724121
1788692041217147100,9.251147216796875,-0.9896795749664307,-0.0036813891492784023,0.005528897047042847,0.14314410090446472,0.009890284389257431,-0.00886976532638073,2.8543550968170166
1788692041222147300,9.256147216796874,-0.9896739721298218,-0.0036837069783359766,0.0055323150008916855,0.1431824266910553,0.009896043688058853,-0.008875714614987373,2.8542776107788086
1788692041227147300,9.261147216796875,-0.9896740913391113,-0.0036880902480334044,0.005538239609450102,0.14318153262138367,0.009906524792313576,-0.008886079303920269,2.8542795181274414
1788692041232147200,9.266147216796876,-0.9896686673164368,-0.0036886269226670265,0.00554518960416317,0.1432185024023056,0.009919796139001846,-0.008889501914381981,2.8542048931121826
1788692041237147100,9.271147216796875,-0.9896687865257263,-0.0036894255317747593,0.005553980357944965,0.14321725070476532,0.009936980903148651,-0.008893587626516819,2.8542075157165527
1788692041242147300,9.276147216796875,-0.9896641373634338,-0.0036916399840265512,0.005562450271099806,0.14324934780597687,0.00995282270014286,-0.008900719694793224,2.854142904281616
1788692041247147300,9.281147216796874,-0.9896641969680786,-0.003692937782034278,0.0055680712684988976,0.1432485282421112,0.009963585063815117,-0.008904890157282352,2.85414457321167
1788692041252147200,9.286147216796875,-0.989657998085022,-0.0036933973897248507,0.005577380303293467,0.14329098165035248,0.009981499053537846,-0.008908895775675774,2.8540587425231934
1788692041257147100,9.291147216796874,-0.9896581172943115,-0.003693970153108239,0.005587643012404442,0.14328952133655548,0.01000166218727827,-0.008912954479455948,2.8540618419647217
1788692041262147300,9.296147216796875,-0.9896533489227295,-0.0036956246476620436,0.005594299640506506,0.1433224231004715,0.010014068335294724,-0.00891846977174282,2.8539953231811523
1788692041267147300,9.301147216796876,-0.989653468132019,-0.0036932367365807295,0.005604061763733625,0.14332108199596405,0.010034088045358658,-0.008916527964174747,2.8539981842041016
1788692041272147200,9.306147216796875,-0.9896493554115295,-0.003692129161208868,0.005612756125628948,0.14334915578365326,0.010051362216472626,-0.008917112834751606,2.8539414405822754
1788692041277147100,9.311147216796876,-0.9896494746208191,-0.0036884311120957136,0.00561780110001564,0.14334848523139954,0.010062415152788162,-0.008911232464015484,2.85394287109375
1788692041282147300,9.316147216796875,-0.9896449446678162,-0.00368636567145586,0.005619743373245001,0.14337942004203796,0.01006657350808382,-0.008908014744520187,2.8538804054260254
1788692041287147300,9.321147216796875,-0.9896450638771057,-0.0036870718467980623,0.005625567864626646,0.14337857067584991,0.01007790770381689,-0.008911075070500374,2.853882074356079
1788692041292147200,9.326147216796874,-0.9896389245986938,-0.003689599223434925,0.005628999788314104,0.14342057704925537,0.010083597153425217,-0.00891748908907175,2.853797197341919
1788692041297147100,9.331147216796875,-0.9896389245986938,-0.0036918672267347574,0.00562844006344676,0.14342062175273895,0.010081838816404343,-0.008921817876398563,2.853797197341919
1788692041302147300,9.336147216796874,-0.9896321296691895,-0.003690215526148677,0.0056307618506252766,0.1434674859046936,0.010086487047374249,-0.00891969259828329,2.8537025451660156
1788692041307147300,9.341147216796875,-0.9896321296691895,-0.0036876483354717493,0.005632040556520224,0.14346733689308167,0.010089755058288574,-0.008914976380765438,2.8537027835845947
1788692041312147200,9.346147216796876,-0.9896252155303955,-0.003683520946651697,0.005634500179439783,0.14351527392864227,0.010095375590026379,-0.008908001706004143,2.8536059856414795
1788692041317147100,9.351147216796875,-0.9896252751350403,-0.0036817805375903845,0.005639844574034214,0.14351454377174377,0.010106460191309452,-0.008906083181500435,2.853607416152954
1788692041322147300,9.356147216796876,-0.9896201491355896,-0.00368468277156353,0.0056480905041098595,0.14354975521564484,0.010121632367372513,-0.008914555422961712,2.853536367416382
1788692041327147300,9.361147216796875,-0.9896202683448792,-0.003685929113999009,0.005658943671733141,0.1435481756925583,0.01014277059584856,-0.008920121006667614,2.8535397052764893
1788692041332147200,9.366147216796875,-0.9896143078804016,-0.003689013421535492,0.005661213770508766,0.14358901977539062,0.010146010667085648,-0.008927295915782452,2.85345721244812
1788692041337147100,9.371147216796874,-0.9896143674850464,-0.0036868969909846783,0.005661850329488516,0.14358896017074585,0.0101478798314929,-0.008923289366066456,2.85345721244812
1788692041342147300,9.376147216796875,-0.9896091818809509,-0.0036825877614319324,0.005668268073350191,0.14362430572509766,0.010161500424146652,-0.008916965685784817,2.8533859252929688
1788692041347147300,9.381147216796874,-0.9896092414855957,-0.0036830881144851446,0.005671707913279533,0.14362379908561707,0.010168170556426048,-0.008918938226997852,2.853386878967285
1788692041352147200,9.386147216796875,-0.9896045923233032,-0.0036805474665015936,0.005680705886334181,0.1436554193496704,0.010186425410211086,-0.008916820399463177,2.853322982788086
1788692041357147100,9.391147216796876,-0.9896047115325928,-0.0036768889985978603,0.0056876083835959435,0.1436544805765152,0.010201146826148033,-0.008911551907658577,2.8533248901367188
1788692041362147300,9.396147216796875,-0.9895983934402466,-0.0036726819816976786,0.005690926685929298,0.14369824528694153,0.01020852942019701,-0.008904630318284035,2.853236675262451
1788692041367147300,9.401147216796875,-0.9895983934402466,-0.0036708146799355745,0.005691730882972479,0.14369815587997437,0.010210658423602581,-0.008901163935661316,2.853236675262451
1788692041372147200,9.406147216796874,-0.9895932674407959,-0.0036667080130428076,0.005694730207324028,0.14373324811458588,0.010217459872364998,-0.008894260972738266,2.853165864944458
1788692041377147100,9.411147216796875,-0.9895933866500854,-0.003666884498670697,0.005701988935470581,0.1437322050333023,0.010231785476207733,-0.008896686136722565,2.85316801071167
1788692041382147300,9.416147216796874,-0.9895889163017273,-0.0036662009079009295,0.005706124939024448,0.1437627524137497,0.010239895433187485,-0.008896837010979652,2.8531062602996826
1788692041387147300,9.421147216796875,-0.9895889759063721,-0.0036648439709097147,0.005706810858100653,0.14376267790794373,0.010241643525660038,-0.00889434851706028,2.8531064987182617
1788692041392147200,9.426147216796876,-0.9895837903022766,-0.0036645864602178335,0.005712592974305153,0.14379800856113434,0.010252843610942364,-0.008895866572856903,2.8530349731445312
1788692041397147100,9.431147216796875,-0.9895839095115662,-0.003658337751403451,0.0057188901118934155,0.14379720389842987,0.010267111472785473,-0.00888530258089304,2.853036642074585
1788692041402147300,9.436147216796876,-0.9895781874656677,-0.003655587323009968,0.005723666865378618,0.14383627474308014,0.010277004912495613,-0.008881636895239353,2.8529577255249023
1788692041407147300,9.441147216796875,-0.9895782470703125,-0.003652547486126423,0.005725915543735027,0.14383599162101746,0.010282333940267563,-0.008876265026628971,2.8529584407806396
1788692041412147200,9.446147216796875,-0.9895732402801514,-0.0036556862760335207,0.0057333423756062984,0.1438697725534439,0.010295826010406017,-0.008884965442121029,2.8528900146484375
1788692041417147100,9.451147216796874,-0.9895734190940857,-0.0036550480872392654,0.005741767585277557,0.1438685655593872,0.010312697850167751,-0.00888611376285553,2.8528926372528076
1788692041422147300,9.456147216796875,-0.9895679354667664,-0.003654853440821171,0.0057473257184028625,0.14390607178211212,0.010323417373001575,-0.008887719362974167,2.8528168201446533
1788692041427147300,9.461147216796874,-0.9895679950714111,-0.0036570774391293526,0.005754518322646618,0.14390501379966736,0.010337023995816708,-0.0088941790163517,2.8528189659118652
1788692041432147200,9.466147216796875,-0.9895633459091187,-0.0036568259820342064,0.0057616084814071655,0.1439368724822998,0.010350844822824001,-0.008896054700016975,2.852754831314087
1788692041437147100,9.471147216796876,-0.9895634651184082,-0.003657667199149728,0.005771252326667309,0.14393547177314758,0.010369702242314816,-0.008900481276214123,2.852757692337036
1788692041442147300,9.476147216796875,-0.9895586967468262,-0.003659422742202878,0.00577865494415164,0.14396825432777405,0.010383552871644497,-0.008906430564820766,2.852691411972046
1788692041447147300,9.481147216796876,-0.9895586371421814,-0.00365852820686996,0.0057780565693974495,0.1439683437347412,0.01038262527436018,-0.008904487825930119,2.852691411972046
1788692041452147200,9.486147216796875,-0.9895548224449158,-0.0036573251709342003,0.005778888240456581,0.1439947932958603,0.01038438081741333,-0.008902624249458313,2.852637767791748
1788692041457147100,9.491147216796875,-0.9895548224449158,-0.0036586252972483635,0.005780509207397699,0.14399453997612,0.01038721576333046,-0.008905661292374134,2.8526382446289062
1788692041462147300,9.496147216796874,-0.9895500540733337,-0.0036602155305445194,0.005782462656497955,0.14402711391448975,0.010390331968665123,-0.00890971440821886,2.8525726795196533
1788692041467147300,9.501147216796875,-0.9895500540733337,-0.0036602432373911142,0.0057827020063996315,0.14402706921100616,0.01039079762995243,-0.00890983734279871,2.8525726795196533
1788692041472147200,9.506147216796874,-0.9895439743995667,-0.0036573808174580336,0.005786738824099302,0.14406882226467133,0.010399236343801022,-0.008905773051083088,2.8524882793426514
1788692041477147100,9.511147216796875,-0.9895440340042114,-0.003655054373666644,0.005788944661617279,0.14406853914260864,0.010404274798929691,-0.008901801891624928,2.8524887561798096
1788692041482147300,9.516147216796876,-0.9895405769348145,-0.00365249696187675,0.005795984994620085,0.14409184455871582,0.010418735444545746,-0.008899013511836529,2.8524417877197266
1788692041487147300,9.521147216796875,-0.989540696144104,-0.003653148654848337,0.00580172473564744,0.14409099519252777,0.010429915972054005,-0.008901948109269142,2.8524434566497803
1788692041492147200,9.526147216796875,-0.9895361065864563,-0.003651772392913699,0.005810290575027466,0.14412212371826172,0.010446986183524132,-0.008902021683752537,2.8523807525634766
1788692041497147100,9.531147216796874,-0.9895361661911011,-0.0036525889299809933,0.005812875926494598,0.14412173628807068,0.010451871901750565,-0.008904378861188889,2.852381467819214
1788692041502147300,9.536147216796875,-0.9895318746566772,-0.0036551458761096,0.005814632400870323,0.1441510170698166,0.010454347357153893,-0.008910255506634712,2.8523223400115967
1788692041507147300,9.541147216796874,-0.989531934261322,-0.0036544620525091887,0.005820236634463072,0.14415021240711212,0.010465643368661404,-0.008910508826375008,2.8523240089416504
1788692041512147200,9.546147216796875,-0.9895272850990295,-0.0036563482135534286,0.005823163781315088,0.14418205618858337,0.010470607317984104,-0.008915422484278679,2.852259874343872
1788692041517147100,9.551147216796876,-0.9895273447036743,-0.003656212007626891,0.005825371015816927,0.1441817432641983,0.010475018061697483,-0.008915786631405354,2.8522603511810303
1788692041522147300,9.556147216796875,-0.9895225763320923,-0.0036585384514182806,0.005827900022268295,0.14421431720256805,0.01047905907034874,-0.00892146397382021,2.8521945476531982
1788692041527147300,9.561147216796876,-0.9895225763320923,-0.003660760819911957,0.00583000760525465,0.1442139744758606,0.010482591576874256,-0.00892646610736847,2.8521952629089355
1788692041532147200,9.566147216796875,-0.9895166158676147,-0.003663089592009783,0.0058301170356571674,0.1442546546459198,0.010481770150363445,-0.008931538090109825,2.8521130084991455
1788692041537147100,9.571147216796875,-0.9895166754722595,-0.0036632134579122066,0.0058338837698102,0.14425410330295563,0.010489193722605705,-0.008932864293456078,2.852114200592041
1788692041542147300,9.576147216796874,-0.9895108342170715,-0.003660616697743535,0.005836823023855686,0.14429448544979095,0.010495396330952644,-0.008929001167416573,2.8520326614379883
1788692041547147300,9.581147216796875,-0.9895108938217163,-0.003659954061731696,0.005842688959091902,0.1442936360836029,0.010507204569876194,-0.008929372765123844,2.852034330368042
1788692041552147200,9.586147216796874,-0.9895075559616089,-0.0036572187673300505,0.005846310406923294,0.14431637525558472,0.010514955967664719,-0.008925246074795723,2.8519885540008545
1788692041557147100,9.591147216796875,-0.9895076155662537,-0.0036532501690089703,0.005850614048540592,0.14431580901145935,0.010524624027311802,-0.008918628096580505,2.851989507675171
1788692041562147300,9.596147216796876,-0.9895008206367493,-0.0036502836737781763,0.005851544439792633,0.14436250925064087,0.010526900179684162,-0.008913522586226463,2.8518950939178467
1788692041567147300,9.601147216796875,-0.9895009994506836,-0.0036472443025559187,0.005860483273863792,0.14436125755310059,0.010545480065047741,-0.008910075761377811,2.851897716522217
1788692041572147200,9.606147216796876,-0.9894967675209045,-0.003647061763331294,0.005860475357621908,0.14439024031162262,0.010545256547629833,-0.008910020813345909,2.851839303970337
1788692041577147100,9.611147216796875,-0.9894967079162598,-0.0036433255299925804,0.0058581936173141,0.14439062774181366,0.010541815310716629,-0.008901971392333508,2.8518383502960205
1788692041582147300,9.616147216796875,-0.989491879940033,-0.0036411185283213854,0.005862862337380648,0.14442357420921326,0.010551396757364273,-0.008899303153157234,2.851771831512451
1788692041587147300,9.621147216796874,-0.9894919395446777,-0.003641486167907715,0.005867683794349432,0.14442287385463715,0.010560838505625725,-0.008901415392756462,2.851773262023926
1788692041592147200,9.626147216796875,-0.9894879460334778,-0.0036417790688574314,0.005871749948710203,0.14445002377033234,0.010568556375801563,-0.008903459645807743,2.8517184257507324
1788692041597147100,9.631147216796874,-0.9894880056381226,-0.0036438596434891224,0.0058756000362336636,0.14444942772388458,0.010575581341981888,-0.008908683434128761,2.851719617843628
1788692041602147300,9.636147216796875,-0.9894856214523315,-0.003644723678007722,0.005874676629900932,0.144465833902359,0.010573356412351131,-0.008910301141440868,2.851686477661133
1788692041607147300,9.641147216796876,-0.9894856214523315,-0.0036454112268984318,0.0058755651116371155,0.14446568489074707,0.010574917308986187,-0.008911916986107826,2.851686716079712
1788692041612147200,9.646147216796875,-0.9894824624061584,-0.0036424105055630207,0.005878629628568888,0.14448761940002441,0.010581652633845806,-0.008907098323106766,2.851642608642578
1788692041617147100,9.651147216796875,-0.9894825220108032,-0.003640461713075638,0.005884196143597364,0.14448682963848114,0.010593239217996597,-0.008904841728508472,2.8516440391540527
1788692041622147300,9.656147216796874,-0.9894793629646301,-0.0036394239868968725,0.005886900704354048,0.14450861513614655,0.01059869583696127,-0.008903803303837776,2.851600170135498
1788692041627147300,9.661147216796875,-0.9894793033599854,-0.003639168106019497,0.005884510464966297,0.1445089727640152,0.010594035498797894,-0.00890260934829712,2.8515994548797607
1788692041632147200,9.666147216796874,-0.9894753694534302,-0.003643147647380829,0.005889878608286381,0.14453546702861786,0.01060327049344778,-0.008912320248782635,2.851545810699463
1788692041637147100,9.671147216796875,-0.989475429058075,-0.003642371390014887,0.005893717519938946,0.1445349156856537,0.010611098259687424,-0.008911888115108013,2.8515470027923584
1788692041642147300,9.676147216796876,-0.9894718527793884,-0.003640565322712064,0.005896768067032099,0.14455947279930115,0.010617436841130257,-0.008909459225833416,2.8514974117279053
1788692041647147300,9.681147216796875,-0.9894719123840332,-0.003636508947238326,0.005901217460632324,0.1445588767528534,0.010627420619130135,-0.008902710862457752,2.851498603820801
1788692041652147200,9.686147216796876,-0.989471971988678,-0.0036314199678599834,0.005903953220695257,0.14455854892730713,0.010634307749569416,-0.008893427439033985,2.851499319076538
1788692041657147100,9.691147216796875,-0.989471971988678,-0.0036281095817685127,0.005904243793338537,0.14455856382846832,0.010635839775204659,-0.00888696126639843,2.851499319076538
1788692041662147300,9.696147216796875,-0.9894720315933228,-0.0036273153964430094,0.005906504113227129,0.14455823600292206,0.01064054574817419,-0.00888603925704956,2.8515000343322754
1788692041667147300,9.701147216796874,-0.9894720315933228,-0.003628368489444256,0.005906384438276291,0.14455825090408325,0.010640004649758339,-0.00888808909803629,2.8514997959136963
1788692041672147200,9.706147216796875,-0.9894720911979675,-0.003628772683441639,0.005912724416702986,0.14455729722976685,0.010652442462742329,-0.008890710771083832,2.851501941680908
1788692041677147100,9.711147216796874,-0.9894722104072571,-0.0036312465090304613,0.005918517708778381,0.14455640316009521,0.010663202032446861,-0.008897271938621998,2.851503610610962
1788692041682147300,9.716147216796875,-0.9894722104072571,-0.003630987601354718,0.00591928418725729,0.14455629885196686,0.010664793662726879,-0.008896979503333569,2.851503849029541
1788692041687147300,9.721147216796876,-0.9894722700119019,-0.0036284734960645437,0.0059228031896054745,0.14455582201480865,0.010672490112483501,-0.00889301672577858,2.8515048027038574
1788692041692147200,9.726147216796875,-0.9894723296165466,-0.003625184064731002,0.005927401129156351,0.1445551961660385,0.01068254467099905,-0.008887829259037971,2.851506233215332
1788692041697147100,9.731147216796876,-0.9894724488258362,-0.003620839910581708,0.005933473352342844,0.14455436170101166,0.010695826262235641,-0.008880977518856525,2.8515079021453857
1788692041702147300,9.736147216796875,-0.9894724488258362,-0.003620847826823592,0.005934268701821566,0.1445542424917221,0.010697399266064167,-0.00888122245669365,2.851508140563965
1788692041707147300,9.741147216796875,-0.9894724488258362,-0.0036188578233122826,0.005934292916208506,0.1445542722940445,0.01069802138954401,-0.008877291344106197,2.851508140563965
1788692041712147200,9.746147216796874,-0.989472508430481,-0.003619871335104108,0.0059361532330513,0.14455397427082062,0.01070141326636076,-0.008879831992089748,2.851508617401123
1788692041717147100,9.751147216796875,-0.989472508430481,-0.0036175919231027365,0.005936399567872286,0.14455397427082062,0.010702559724450111,-0.008875392377376556,2.851508617401123
1788692041722147300,9.756147216796874,-0.989472508430481,-0.003619661321863532,0.005937526002526283,0.1445537805557251,0.010704193264245987,-0.008879810571670532,2.8515090942382812
1788692041727147300,9.761147216796875,-0.9894725680351257,-0.0036209216341376305,0.005941375158727169,0.14455319941043854,0.01071145012974739,-0.008883411064743996,2.8515102863311768
1788692041732147200,9.766147216796876,-0.9894726276397705,-0.003620271338149905,0.005946612451225519,0.14455242455005646,0.01072201132774353,-0.00888362992554903,2.8515119552612305
1788692041737147100,9.771147216796875,-0.9894727468490601,-0.003620811505243182,0.005950950551778078,0.14455178380012512,0.010730446316301823,-0.008885947056114674,2.851513385772705
1788692041742147300,9.776147216796875,-0.9894727468490601,-0.003619944676756859,0.005954023450613022,0.1445513367652893,0.010736783035099506,-0.008885114453732967,2.8515141010284424
1788692041747147300,9.781147216796874,-0.9894727468490601,-0.003617426846176386,0.005953717976808548,0.14455142617225647,0.010736905038356781,-0.00888004433363676,2.8515138626098633
1788692041752147200,9.786147216796875,-0.9894727468490601,-0.0036185840144753456,0.005953991319984198,0.1445513665676117,0.010737110860645771,-0.008882412686944008,2.8515141010284424
1788692041757147100,9.791147216796874,-0.9894728064537048,-0.0036220054607838392,0.005957334768027067,0.14455081522464752,0.010742745362222195,-0.008890144526958466,2.851515293121338
1788692041762147300,9.796147216796875,-0.9894728660583496,-0.0036227069795131683,0.0059590768069028854,0.14455054700374603,0.010745992884039879,-0.008892033249139786,2.851516008377075
1788692041767147300,9.801147216796876,-0.9894728660583496,-0.003625566139817238,0.005960577167570591,0.14455027878284454,0.010748137719929218,-0.008898122236132622,2.8515164852142334
1788692041772147200,9.806147216796875,-0.9894728660583496,-0.0036280520725995302,0.005961691495031118,0.14455008506774902,0.010749626904726028,-0.008903361856937408,2.8515169620513916
1788692041777147100,9.811147216796876,-0.9894729256629944,-0.003628009697422385,0.005964754614979029,0.14454962313175201,0.010755705647170544,-0.008904158137738705,2.851517915725708
1788692041782147300,9.816147216796875,-0.9894729256629944,-0.0036325566470623016,0.005965421441942453,0.14454945921897888,0.010755712166428566,-0.00891334842890501,2.851518154144287
1788692041787147300,9.821147216796875,-0.9894729256629944,-0.0036321061197668314,0.005966623313724995,0.14454929530620575,0.01075822301208973,-0.008912801742553711,2.851518392562866
1788692041792147200,9.826147216796874,-0.9894729852676392,-0.0036306821275502443,0.005970936268568039,0.1445486694574356,0.010767174884676933,-0.008911224082112312,2.851519823074341
1788692041797147100,9.831147216796875,-0.9894730448722839,-0.003633387852460146,0.005973338149487972,0.14454828202724457,0.010771150700747967,-0.008917268365621567,2.851520538330078
1788692041802147300,9.836147216796874,-0.9894731044769287,-0.0036359229125082493,0.005976879969239235,0.1445477157831192,0.010777433402836323,-0.0089233024045825,2.8515217304229736
1788692041807147300,9.841147216796875,-0.9894731640815735,-0.003633999265730381,0.005981177557259798,0.14454710483551025,0.01078649889677763,-0.008920731954276562,2.8515231609344482
1788692041812147200,9.846147216796876,-0.9894732236862183,-0.003633661661297083,0.005983699578791857,0.1445467472076416,0.010791592299938202,-0.008920788764953613,2.8515238761901855
1788692041817147100,9.851147216796875,-0.9894732236862183,-0.0036370428279042244,0.005983179900795221,0.1445467621088028,0.01078958623111248,-0.008927329443395138,2.8515238761901855
1788692041822147300,9.856147216796876,-0.9894732236862183,-0.003635311033576727,0.005984466057270765,0.14454659819602966,0.010792633518576622,-0.00892427284270525,2.8515241146087646
1788692041827147300,9.861147216796875,-0.989473283290863,-0.0036330786533653736,0.005986873526126146,0.1445462852716446,0.010798046365380287,-0.008920547552406788,2.851524829864502
1788692041832147200,9.866147216796875,-0.989473283290863,-0.003630083752796054,0.005987594369798899,0.14454622566699982,0.010800338350236416,-0.008914828300476074,2.851524829864502
1788692041837147100,9.871147216796874,-0.989473283290863,-0.003629322163760662,0.005989380646497011,0.14454597234725952,0.01080409623682499,-0.00891383457928896,2.85152530670166
1788692041842147300,9.876147216796875,-0.9894733428955078,-0.00362524320371449,0.005990846082568169,0.14454582333564758,0.01080817636102438,-0.008906183764338493,2.8515257835388184
1788692041847147300,9.881147216796874,-0.9894734025001526,-0.0036228387616574764,0.005995033774524927,0.14454524219036102,0.010817164555191994,-0.00890262983739376,2.851526975631714
1788692041852147200,9.886147216796875,-0.9894734025001526,-0.003623334923759103,0.00599563866853714,0.14454513788223267,0.010818218812346458,-0.008903785608708858,2.851527214050293
1788692041857147100,9.891147216796876,-0.9894734621047974,-0.0036250511184334755,0.005998673383146524,0.14454466104507446,0.010823734104633331,-0.008908054791390896,2.8515281677246094
1788692041862147300,9.896147216796875,-0.9894735217094421,-0.0036266481038182974,0.006002906244248152,0.14454402029514313,0.010831655003130436,-0.008912431076169014,2.851529359817505
1788692041867147300,9.901147216796875,-0.9894735217094421,-0.0036237486638128757,0.006004451774060726,0.1445438265800476,0.010835554450750351,-0.008907136507332325,2.851529836654663
1788692041872147200,9.906147216796874,-0.9894735813140869,-0.0036206829827278852,0.006006617099046707,0.14454355835914612,0.01084072794765234,-0.008901692926883698,2.8515303134918213
1788692041877147100,9.911147216796875,-0.9894735813140869,-0.003620750270783901,0.006006077863276005,0.1445436328649521,0.010839640162885189,-0.008901671506464481,2.8515303134918213
1788692041882147300,9.916147216796874,-0.9894735813140869,-0.0036214571446180344,0.0060065980069339275,0.14454354345798492,0.010840466246008873,-0.008903219364583492,2.8515303134918213
1788692041887147300,9.921147216796875,-0.9894737005233765,-0.0036205474752932787,0.006013287231326103,0.14454257488250732,0.010853976011276245,-0.008903342299163342,2.851532459259033
1788692041892147200,9.926147216796876,-0.9894737601280212,-0.0036197840236127377,0.006018724758177996,0.14454178512096405,0.010864964686334133,-0.00890339445322752,2.851534128189087
1788692041897147100,9.931147216796875,-0.989473819732666,-0.0036203705240041018,0.006023432593792677,0.14454108476638794,0.010874118655920029,-0.008905908092856407,2.8515355587005615
1788692041902147300,9.936147216796876,-0.9894738793373108,-0.0036228280514478683,0.006024447735399008,0.14454089105129242,0.010875419713556767,-0.008911063894629478,2.8515360355377197
1788692041907147300,9.941147216796875,-0.9894738793373108,-0.003621048992499709,0.006027611438184977,0.1445404589176178,0.010882198810577393,-0.008908452466130257,2.851536750793457
1788692041912147200,9.946147216796875,-0.9894739389419556,-0.003621170064434409,0.00603042496368289,0.14454004168510437,0.010887735523283482,-0.008909501135349274,2.8515377044677734
1788692041917147100,9.951147216796874,-0.9894739985466003,-0.003618570975959301,0.006034581921994686,0.1445394605398178,0.010896719060838223,-0.00890555139631033,2.851538896560669
1788692041922147300,9.956147216796875,-0.9894740581512451,-0.003617065493017435,0.006038848310709,0.14453884959220886,0.010905603878200054,-0.008903798647224903,2.8515400886535645
1788692041927147300,9.961147216796874,-0.9894741773605347,-0.0036176685243844986,0.006043403409421444,0.14453816413879395,0.010914450511336327,-0.008906301110982895,2.851541519165039
1788692041932147200,9.966147216796875,-0.9894741773605347,-0.0036138540599495173,0.0060434965416789055,0.14453822374343872,0.01091573666781187,-0.008898780681192875,2.851541519165039
1788692041937147100,9.971147216796876,-0.9894741773605347,-0.00361299654468894,0.00604545371606946,0.14453794062137604,0.010919859632849693,-0.008897645398974419,2.8515419960021973
1788692041942147300,9.976147216796875,-0.9894742369651794,-0.0036127623170614243,0.006048636510968208,0.14453747868537903,0.010926230810582638,-0.008898097090423107,2.8515429496765137
1788692041947147300,9.981147216796876,-0.9894742369651794,-0.0036131273955106735,0.006050011143088341,0.14453727006912231,0.010928846895694733,-0.008899214677512646,2.851543426513672
1788692041952147200,9.986147216796875,-0.9894742965698242,-0.0036109955981373787,0.006050992291420698,0.14453715085983276,0.010931408032774925,-0.00889527890831232,2.851543664932251
1788692041957147100,9.991147216796875,-0.989474356174469,-0.003608619561418891,0.00605380441993475,0.14453677833080292,0.010937662795186043,-0.008891385048627853,2.8515443801879883
1788692041962147300,9.996147216796874,-0.9894742965698242,-0.0036086204927414656,0.006051576230674982,0.14453710615634918,0.01093324925750494,-0.008890746161341667,2.851543664932251
1788692041967147300,10.001147216796875,-0.9894742369651794,-0.003607390448451042,0.00604879017919302,0.1445375382900238,0.010928086936473846,-0.008887511678040028,2.8515427112579346
1788692041972147200,10.006147216796874,-0.9894742965698242,-0.003608700353652239,0.0060511124320328236,0.14453716576099396,0.010932307690382004,-0.008890770375728607,2.851543664932251
1788692041977147100,10.011147216796875,-0.989474356174469,-0.0036062696017324924,0.006054575089365244,0.14453670382499695,0.010939867235720158,-0.008886956609785557,2.8515446186065674
1788692041982147300,10.016147216796876,-0.9894744157791138,-0.003604985773563385,0.006057553458958864,0.14453627169132233,0.010946135967969894,-0.008885271847248077,2.8515453338623047
1788692041987147300,10.021147216796875,-0.9894744157791138,-0.0036104663740843534,0.006058224476873875,0.144536092877388,0.010945882648229599,-0.00889630988240242,2.851545810699463
1788692041992147200,10.026147216796875,-0.9894744157791138,-0.003612730884924531,0.006059523206204176,0.1445358693599701,0.010947799310088158,-0.008901163935661316,2.851546287536621
1788692041997147100,10.031147216796874,-0.9894744157791138,-0.0036108274944126606,0.0060584344901144505,0.1445360630750656,0.01094619370996952,-0.0088970847427845,2.851545810699463
1788692042002147300,10.036147216796875,-0.9894744157791138,-0.0036068493500351906,0.0060605937615036964,0.14453579485416412,0.010951618663966656,-0.008889833465218544,2.851546287536621
1788692042007147300,10.041147216796874,-0.9894745349884033,-0.003604152938351035,0.006065883673727512,0.14453506469726562,0.010962874628603458,-0.008886018767952919,2.851547956466675
1788692042012147200,10.046147216796875,-0.9894745349884033,-0.0036049962509423494,0.0060681672766804695,0.14453470706939697,0.010967153124511242,-0.00888834334909916,2.851548671722412
1788692042017147100,10.051147216796876,-0.9894745945930481,-0.0036070465575903654,0.0060726734809577465,0.14453400671482086,0.010975485667586327,-0.0088936947286129,2.8515501022338867
1788692042022147300,10.056147216796875,-0.9894745945930481,-0.0036067168693989515,0.006070735864341259,0.14453430473804474,0.010971742682158947,-0.008892485871911049,2.8515496253967285
1788692042027147300,10.061147216796876,-0.9894745945930481,-0.0036079376004636288,0.00607003178447485,0.1445343941450119,0.010969995521008968,-0.00889469962567091,2.8515493869781494
1788692042032147200,10.066147216796875,-0.9894745945930481,-0.003605876350775361,0.006070610135793686,0.14453433454036713,0.0109717370942235,-0.00889078713953495,2.8515493869781494
1788692042037147100,10.071147216796875,-0.9894745945930481,-0.003603302873671055,0.006070033647119999,0.14453445374965668,0.010971338488161564,-0.008885528892278671,2.8515491485595703
1788692042042147300,10.076147216796874,-0.9894745945930481,-0.0036014458164572716,0.006069936323910952,0.14453449845314026,0.010971681214869022,-0.008881825022399426,2.8515491485595703
1788692042047147300,10.081147216796875,-0.9894745945930481,-0.003603927791118622,0.0060707926750183105,0.14453433454036713,0.010972661897540092,-0.00888698361814022,2.8515493869781494
1788692042052147200,10.086147216796874,-0.9894745945930481,-0.0036011605989187956,0.006069835275411606,0.14453452825546265,0.010971564799547195,-0.008881231769919395,2.8515491485595703
1788692042057147100,10.091147216796875,-0.9894746541976929,-0.003603382734581828,0.006075869780033827,0.14453358948230743,0.010982872918248177,-0.008887363597750664,2.851551055908203
1788692042062147300,10.096147216796876,-0.9894746541976929,-0.003605160629376769,0.006075466983020306,0.14453363418579102,0.010981561616063118,-0.008890765719115734,2.851550817489624
1788692042067147300,10.101147216796875,-0.9894747138023376,-0.003607372986152768,0.00607686024159193,0.14453338086605072,0.010983683168888092,-0.008895544335246086,2.8515515327453613
1788692042072147200,10.106147216796876,-0.9894747138023376,-0.0036081592552363873,0.0060780537314713,0.1445332020521164,0.01098581962287426,-0.008897443301975727,2.8515517711639404
1788692042077147100,10.111147216796875,-0.9894747734069824,-0.003611787222325802,0.006083480082452297,0.14453233778476715,0.010995518416166306,-0.00890618097037077,2.8515536785125732
1788692042082147300,10.116147216796875,-0.9894747734069824,-0.0036091944202780724,0.006084340158849955,0.1445322483778,0.010997969657182693,-0.00890129804611206,2.8515536785125732
1788692042087147300,10.121147216796874,-0.9894748330116272,-0.003609130624681711,0.006085213739424944,0.14453212916851044,0.010999718680977821,-0.008901422843337059,2.8515541553497314
1788692042092147200,10.126147216796875,-0.9894747734069824,-0.003609580220654607,0.006082767155021429,0.1445324867963791,0.010994743555784225,-0.008901609107851982,2.851553201675415
1788692042097147100,10.131147216796874,-0.9894747734069824,-0.003610312007367611,0.00608392059803009,0.14453229308128357,0.01099681667983532,-0.008903388865292072,2.8515536785125732
1788692042102147300,10.136147216796875,-0.9894748330116272,-0.0036083657760173082,0.006084762047976255,0.1445322036743164,0.0109990444034338,-0.008899779990315437,2.8515539169311523
1788692042107147300,10.141147216796876,-0.9894747734069824,-0.0036083017475903034,0.006083581130951643,0.14453238248825073,0.010996724478900433,-0.008899313397705555,2.851553440093994
1788692042112147200,10.146147216796875,-0.9894748330116272,-0.0036069187335669994,0.0060853129252791405,0.14453214406967163,0.011000554077327251,-0.00889707449823618,2.8515541553497314
1788692042117147100,10.151147216796875,-0.9894748330116272,-0.003608542028814554,0.006087273359298706,0.14453183114528656,0.011003967374563217,-0.00890085007995367,2.8515546321868896
1788692042122147300,10.156147216796874,-0.989474892616272,-0.003608411643654108,0.006088269874453545,0.14453168213367462,0.011005979031324387,-0.008900878950953484,2.851555109024048
1788692042127147300,10.161147216796875,-0.989474892616272,-0.0036089064087718725,0.006090754643082619,0.14453130960464478,0.011010757647454739,-0.00890257116407156,2.851555824279785
1788692042132147200,10.166147216796874,-0.9894749522209167,-0.003608550876379013,0.006092880852520466,0.1445309966802597,0.011015069670975208,-0.008902478963136673,2.8515565395355225
1788692042137147100,10.171147216796875,-0.9894750118255615,-0.003609869396314025,0.0060988725163042545,0.14453010261058807,0.011026554740965366,-0.008906809613108635,2.851558208465576
1788692042142147300,10.176147216796876,-0.9894750714302063,-0.003611338324844837,0.006102696526795626,0.14452950656414032,0.01103370450437069,-0.00891081616282463,2.851559638977051
1788692042147147300,10.181147216796875,-0.9894751310348511,-0.0036146112252026796,0.006105381529778242,0.1445290595293045,0.011038076132535934,-0.008918063715100288,2.851560592651367
1788692042152147200,10.186147216796876,-0.9894751310348511,-0.0036105092149227858,0.006104015279561281,0.144529327750206,0.011036554351449013,-0.008909555152058601,2.85155987739563
1788692042157147100,10.191147216796875,-0.9894750714302063,-0.0036104563623666763,0.006103124003857374,0.14452946186065674,0.01103480625897646,-0.00890919379889965,2.851559638977051
1788692042162147300,10.196147216796875,-0.9894750118255615,-0.003612198866903782,0.006100076716393232,0.14452987909317017,0.011028268374502659,-0.008911766111850739,2.8515586853027344
1788692042167147300,10.201147216796874,-0.9894750118255615,-0.0036111786030232906,0.006100022699683905,0.14452990889549255,0.011028455570340157,-0.008909732103347778,2.8515586853027344
1788692042172147200,10.206147216796875,-0.9894750118255615,-0.0036131050437688828,0.00609731487929821,0.1445302814245224,0.011022535152733326,-0.008912765420973301,2.851557970046997
1788692042177147100,10.211147216796874,-0.9894749522209167,-0.0036116894334554672,0.006095114629715681,0.14453062415122986,0.011018587276339531,-0.008909332565963268,2.8515572547912598
1788692042182147300,10.216147216796875,-0.9894749522209167,-0.003607555292546749,0.006095544900745153,0.14453062415122986,0.011020633392035961,-0.00890127383172512,2.8515572547912598
1788692042187147300,10.221147216796876,-0.9894749522209167,-0.0036043275613337755,0.006093388888984919,0.1445309966802597,0.01101729553192854,-0.008894268423318863,2.8515563011169434
1788692042192147200,10.226147216796875,-0.9894749522209167,-0.003602229291573167,0.00609460799023509,0.14453084766864777,0.011020315811038017,-0.008890466764569283,2.8515567779541016
1788692042197147100,10.231147216796876,-0.9894749522209167,-0.0036015899386256933,0.006093564908951521,0.1445310115814209,0.011018435470759869,-0.008888901211321354,2.8515563011169434
1788692042202147300,10.236147216796875,-0.9894749522209167,-0.003603314980864525,0.006092455238103867,0.14453114569187164,0.011015739291906357,-0.008891995996236801,2.8515560626983643
1788692042207147300,10.241147216796875,-0.989474892616272,-0.003601962933316827,0.006091125309467316,0.14453136920928955,0.011013494804501534,-0.008888938464224339,2.851555585861206
1788692042212147200,10.246147216796874,-0.989474892616272,-0.003598213428631425,0.006089497357606888,0.14453166723251343,0.011011354625225067,-0.008881050162017345,2.8515548706054688
1788692042217147100,10.251147216796875,-0.989474892616272,-0.0035951477475464344,0.00608965614810586,0.14453168213367462,0.011012555100023746,-0.008875030092895031,2.8515548706054688
1788692042222147300,10.256147216796874,-0.9894749522209167,-0.0035962648689746857,0.006093860603868961,0.1445310413837433,0.011020557954907417,-0.00887844804674387,2.8515563011169434
1788692042227147300,10.261147216796875,-0.9894750118255615,-0.003597932169213891,0.0060958885587751865,0.14453071355819702,0.011024093255400658,-0.008882330730557442,2.8515570163726807
1788692042232147200,10.266147216796876,-0.9894750118255615,-0.003597766626626253,0.006098067853599787,0.14453040063381195,0.011028456501662731,-0.008882629685103893,2.851557493209839
1788692042237147100,10.271147216796875,-0.9894749522209167,-0.0035937526263296604,0.006094588898122311,0.1445309817790985,0.011022725142538548,-0.00887368619441986,2.8515563011169434
1788692042242147300,10.276147216796875,-0.9894750118255615,-0.0035925740376114845,0.0060947067104279995,0.1445309817790985,0.011023299768567085,-0.008871388621628284,2.8515563011169434
1788692042247147300,10.281147216796874,-0.9894750118255615,-0.003594945417717099,0.006095227785408497,0.14453086256980896,0.011023648083209991,-0.00887623056769371,2.8515565395355225
1788692042252147200,10.286147216796875,-0.9894750118255615,-0.0035975188948214054,0.006098827347159386,0.1445302963256836,0.01103003229945898,-0.008882356807589531,2.851557731628418
1788692042257147100,10.291147216796874,-0.9894750714302063,-0.0035941496025770903,0.00609917426481843,0.1445302963256836,0.01103169284760952,-0.008875790052115917,2.851557731628418
1788692042262147300,10.296147216796875,-0.9894750714302063,-0.003591178683564067,0.006099621765315533,0.1445302665233612,0.011033437214791775,-0.008870040066540241,2.851557731628418
1788692042267147300,10.301147216796876,-0.9894750714302063,-0.0035942187532782555,0.006102246697992086,0.14452983438968658,0.011037756688892841,-0.008876809850335121,2.8515586853027344
1788692042272147200,10.306147216796875,-0.9894751310348511,-0.003591901622712612,0.006105183158069849,0.14452944695949554,0.011044242419302464,-0.00887306872755289,2.8515594005584717
1788692042277147100,10.311147216796876,-0.9894751310348511,-0.0035898766946047544,0.006103741005063057,0.14452968537807465,0.011041969992220402,-0.008868646807968616,2.8515589237213135
1788692042282147300,10.316147216796875,-0.9894751310348511,-0.0035852135624736547,0.006104219239205122,0.14452968537807465,0.011044264771044254,-0.008859556168317795,2.8515589237213135
1788692042287147300,10.321147216796875,-0.9894751906394958,-0.003583101322874427,0.0061067515052855015,0.1445293426513672,0.011049889959394932,-0.00885610468685627,2.851559638977051
1788692042292147200,10.326147216796874,-0.9894751310348511,-0.003583088982850313,0.006103183142840862,0.14452986419200897,0.011042826808989048,-0.008855055086314678,2.8515584468841553
1788692042297147100,10.331147216796875,-0.9894752502441406,-0.0035868147388100624,0.006109594367444515,0.14452886581420898,0.0110544478520751,-0.008864270523190498,2.851560592651367
1788692042302147300,10.336147216796874,-0.9894752502441406,-0.0035867972765117884,0.006110908929258585,0.14452867209911346,0.011057056486606598,-0.008864613249897957,2.8515610694885254
1788692042307147300,10.341147216796875,-0.9894753098487854,-0.00358488317579031,0.006116197444498539,0.14452792704105377,0.011068081483244896,-0.008862345479428768,2.8515625
1788692042312147200,10.346147216796876,-0.9894753694534302,-0.003587567014619708,0.006119015160948038,0.14452746510505676,0.011072887107729912,-0.008868466131389141,2.8515634536743164
1788692042317147100,10.351147216796875,-0.9894753694534302,-0.0035916208289563656,0.006120328791439533,0.14452721178531647,0.011074318550527096,-0.008876864798367023,2.8515641689300537
1788692042322147300,10.356147216796876,-0.9894753694534302,-0.0035929097793996334,0.006120914593338966,0.14452709257602692,0.011075105518102646,-0.0088795842602849,2.851564407348633
1788692042327147300,10.361147216796875,-0.9894753694534302,-0.0035930415615439415,0.006120888516306877,0.1445271074771881,0.011075016111135483,-0.008879837580025196,2.851564407348633
1788692042332147200,10.366147216796875,-0.989475429058075,-0.0035940685775130987,0.006124760489910841,0.14452651143074036,0.011082387529313564,-0.008882981725037098,2.8515655994415283
1788692042337147100,10.371147216796874,-0.9894754886627197,-0.0035887942649424076,0.006126004736870527,0.144526407122612,0.011086375452578068,-0.00887290295213461,2.8515658378601074
1788692042342147300,10.376147216796875,-0.9894754886627197,-0.003588747698813677,0.006126974709331989,0.14452627301216125,0.011088309809565544,-0.008873090147972107,2.8515660762786865
1788692042347147300,10.381147216796874,-0.9894754886627197,-0.0035897172056138515,0.006127656437456608,0.1445261538028717,0.011089379899203777,-0.008875204250216484,2.8515663146972656
1788692042352147200,10.386147216796875,-0.9894754886627197,-0.003591158427298069,0.006128940265625715,0.144525945186615,0.01109150517731905,-0.008878424763679504,2.851566791534424
1788692042357147100,10.391147216796876,-0.9894755482673645,-0.0035927006974816322,0.006130692549049854,0.1445256620645523,0.011094531044363976,-0.008881980553269386,2.851567268371582
1788692042362147300,10.396147216796875,-0.9894756078720093,-0.0035917742643505335,0.006135268602520227,0.14452499151229858,0.011103861033916473,-0.008881461806595325,2.8515686988830566
1788692042367147300,10.401147216796875,-0.9894756078720093,-0.0035888131242245436,0.006135473493486643,0.14452500641345978,0.011105122044682503,-0.00887566152960062,2.8515686988830566
1788692042372147200,10.406147216796874,-0.989475667476654,-0.0035885507240891457,0.006137285381555557,0.14452475309371948,0.01110878586769104,-0.00887566339224577,2.851569175720215
1788692042377147100,10.411147216796875,-0.989475667476654,-0.0035888415295630693,0.006137289572507143,0.1445247381925583,0.011108710430562496,-0.008876238949596882,2.851569175720215
1788692042382147300,10.416147216796874,-0.9894756078720093,-0.00358829484321177,0.006136669311672449,0.14452484250068665,0.011107639409601688,-0.008874978870153427,2.8515689373016357
1788692042387147300,10.421147216796875,-0.989475667476654,-0.003587988903746009,0.00613979110494256,0.14452438056468964,0.011113910935819149,-0.008875270374119282,2.851569890975952
1788692042392147200,10.426147216796876,-0.989475667476654,-0.0035923165269196033,0.006140101235359907,0.14452427625656128,0.011113274842500687,-0.008883923292160034,2.8515701293945312
1788692042397147100,10.431147216796875,-0.9894757866859436,-0.0035875714384019375,0.006144881248474121,0.14452363550662994,0.011124112643301487,-0.008875907398760319,2.851571559906006
1788692042402147300,10.436147216796876,-0.9894757866859436,-0.0035860612988471985,0.006146290805190802,0.14452345669269562,0.011127340607345104,-0.00887332484126091,2.851571798324585
1788692042407147300,10.441147216796875,-0.9894757866859436,-0.0035864226520061493,0.006144778337329626,0.14452366530895233,0.01112424023449421,-0.00887360516935587,2.851571559906006
1788692042412147200,10.446147216796875,-0.9894757866859436,-0.0035887770354747772,0.006145980209112167,0.14452345669269562,0.011125939898192883,-0.008878609165549278,2.851571798324585
1788692042417147100,10.451147216796874,-0.9894757866859436,-0.003589280415326357,0.006144653540104628,0.14452365040779114,0.011123167350888252,-0.008879223838448524,2.851571559906006
1788692042422147300,10.456147216796875,-0.9894757866859436,-0.003588987747207284,0.0061477660201489925,0.14452318847179413,0.011129416525363922,-0.008879539556801319,2.8515725135803223
1788692042427147300,10.461147216796874,-0.9894757866859436,-0.0035880885552614927,0.006147893611341715,0.14452318847179413,0.011129927821457386,-0.008877796120941639,2.8515725135803223
1788692042432147200,10.466147216796875,-0.9894757866859436,-0.00359121011570096,0.006148105021566153,0.14452311396598816,0.01112944446504116,-0.008884034119546413,2.8515727519989014
1788692042437147100,10.471147216796876,-0.9894757866859436,-0.0035925409756600857,0.006147964857518673,0.14452311396598816,0.011128782294690609,-0.008886627852916718,2.8515727519989014
1788692042442147300,10.476147216796875,-0.9894758462905884,-0.003588674357160926,0.006150607019662857,0.1445227712392807,0.011135132983326912,-0.008879735134541988,2.8515732288360596
1788692042447147300,10.481147216796876,-0.9894759058952332,-0.003583431476727128,0.006152269430458546,0.14452260732650757,0.011139939539134502,-0.008869838900864124,2.8515737056732178
1788692042452147200,10.486147216796875,-0.9894759058952332,-0.0035836310125887394,0.0061528063379228115,0.1445225328207016,0.011140945367515087,-0.008870388381183147,2.8515737056732178
1788692042457147100,10.491147216796875,-0.9894759058952332,-0.0035909716971218586,0.0061561414040625095,0.14452192187309265,0.011145430617034435,-0.008885872550308704,2.8515751361846924
1788692042462147300,10.496147216796874,-0.9894759654998779,-0.003593052737414837,0.0061601861380040646,0.1445212960243225,0.011152838356792927,-0.0088911522179842,2.851576328277588
1788692042467147300,10.501147216796875,-0.9894759654998779,-0.003593476489186287,0.0061594280414283276,0.14452140033245087,0.011151215061545372,-0.008891772478818893,2.851576328277588
1788692042472147200,10.506147216796874,-0.9894759654998779,-0.003594352863729,0.006157334428280592,0.14452169835567474,0.011146816425025463,-0.0088929058983922,2.8515756130218506
1788692042477147100,10.511147216796875,-0.9894760251045227,-0.003594829933717847,0.006161089986562729,0.14452113211154938,0.011154117062687874,-0.008894928731024265,2.851576805114746
1788692042482147300,10.516147216796876,-0.9894760251045227,-0.003591080429032445,0.006163624115288258,0.1445208191871643,0.011160217225551605,-0.008888237178325653,2.8515775203704834
1788692042487147300,10.521147216796875,-0.9894760251045227,-0.0035912529565393925,0.006161926314234734,0.1445210576057434,0.011156805790960789,-0.008888090960681438,2.851577043533325
1788692042492147200,10.526147216796875,-0.9894759654998779,-0.003588342573493719,0.006159782875329256,0.14452143013477325,0.01115339994430542,-0.008881715126335621,2.851576089859009
1788692042497147100,10.531147216796874,-0.9894759654998779,-0.0035848391707986593,0.006155879702419043,0.1445220559835434,0.011146683245897293,-0.00887366198003292,2.8515748977661133
1788692042502147300,10.536147216796875,-0.9894759058952332,-0.0035814864095300436,0.0061518424190580845,0.14452269673347473,0.01113965455442667,-0.008865867741405964,2.8515734672546387
1788692042507147300,10.541147216796874,-0.9894759058952332,-0.003578818403184414,0.006154952105134726,0.1445222795009613,0.011146584525704384,-0.008861481212079525,2.851574182510376
1788692042512147200,10.546147216796875,-0.9894759058952332,-0.0035754721611738205,0.006151497829705477,0.14452284574508667,0.011140710674226284,-0.008853866718709469,2.8515732288360596
1788692042517147100,10.551147216796876,-0.9894759058952332,-0.0035761557519435883,0.006154501345008612,0.14452239871025085,0.011146459728479385,-0.008856081403791904,2.851573944091797
1788692042522147300,10.556147216796875,-0.9894759058952332,-0.0035748439840972424,0.00615410041064024,0.14452247321605682,0.011146045289933681,-0.008853371255099773,2.851573944091797
1788692042527147300,10.561147216796876,-0.9894759058952332,-0.003571544773876667,0.0061541469767689705,0.1445225179195404,0.011147089302539825,-0.008846856653690338,2.8515737056732178
1788692042532147200,10.566147216796875,-0.9894759058952332,-0.003570756409317255,0.00615445664152503,0.14452248811721802,0.011147930286824703,-0.008845385164022446,2.8515737056732178
1788692042537147100,10.571147216796875,-0.9894759058952332,-0.003571589244529605,0.006152118556201458,0.14452281594276428,0.011143060401082039,-0.008846361190080643,2.8515732288360596
1788692042542147300,10.576147216796874,-0.9894758462905884,-0.0035767164081335068,0.0061509860679507256,0.14452290534973145,0.011139336973428726,-0.008856181055307388,2.8515729904174805
1788692042547147300,10.581147216796875,-0.9894758462905884,-0.0035731480456888676,0.006148952059447765,0.1445232629776001,0.011136339046061039,-0.008848536759614944,2.851572275161743
1788692042552147200,10.586147216796874,-0.9894759058952332,-0.0035715519916266203,0.006152390036731958,0.1445227712392807,0.011143608950078487,-0.008846365846693516,2.8515732288360596
1788692042557147100,10.591147216796875,-0.9894759058952332,-0.0035755245480686426,0.006154673174023628,0.14452238380908966,0.011146982200443745,-0.008854882791638374,2.851573944091797
1788692042562147300,10.596147216796876,-0.9894759058952332,-0.003578348085284233,0.006151408888399601,0.14452281594276428,0.01113970298320055,-0.008859531953930855,2.8515732288360596
1788692042567147300,10.601147216796875,-0.9894759058952332,-0.0035747920628637075,0.006152677815407515,0.14452268183231354,0.011143242940306664,-0.00885285995900631,2.8515734672546387
1788692042572147200,10.606147216796876,-0.9894759654998779,-0.0035804794169962406,0.006157037802040577,0.14452195167541504,0.011150235310196877,-0.008865367621183395,2.8515748977661133
1788692042577147100,10.611147216796875,-0.9894760251045227,-0.0035802973434329033,0.00616045668721199,0.14452144503593445,0.01115705817937851,-0.008865989744663239,2.851576089859009
1788692042582147300,10.616147216796875,-0.9894760251045227,-0.0035822789650410414,0.0061621107161045074,0.14452117681503296,0.011159761808812618,-0.008870385587215424,2.851576566696167
1788692042587147300,10.621147216796874,-0.9894760847091675,-0.0035811171401292086,0.006165629252791405,0.14452067017555237,0.011167066171765327,-0.00886909756809473,2.8515777587890625
1788692042592147200,10.626147216796875,-0.9894761443138123,-0.0035817690659314394,0.006170129869133234,0.14451999962329865,0.01117578987032175,-0.008871681056916714,2.851578950881958
1788692042597147100,10.631147216796874,-0.9894761443138123,-0.0035836787428706884,0.006171201355755329,0.14451980590820312,0.011177361011505127,-0.008875767700374126,2.851579427719116
1788692042602147300,10.636147216796875,-0.989476203918457,-0.0035818309988826513,0.006171290762722492,0.14451982080936432,0.011178072541952133,-0.008872137404978275,2.851579427719116
1788692042607147300,10.641147216796876,-0.9894761443138123,-0.003579655196517706,0.00616975873708725,0.1445200890302658,0.011175666004419327,-0.008867391385138035,2.851578950881958
1788692042612147200,10.646147216796875,-0.9894761443138123,-0.0035759492311626673,0.006168491207063198,0.1445203274488449,0.011174226179718971,-0.008859693072736263,2.8515782356262207
1788692042617147100,10.651147216796875,-0.9894761443138123,-0.00357385934330523,0.006170174572616816,0.144520103931427,0.011178162880241871,-0.008856041356921196,2.851578712463379
1788692042622147300,10.656147216796874,-0.989476203918457,-0.003572545014321804,0.006173269357532263,0.14451967179775238,0.011184671893715858,-0.008854329586029053,2.8515796661376953
1788692042627147300,10.661147216796875,-0.989476203918457,-0.0035726784262806177,0.006173782516270876,0.1445195972919464,0.01118564885109663,-0.008854741230607033,2.8515799045562744
1788692042632147200,10.666147216796874,-0.989476203918457,-0.0035716728307306767,0.006170963868498802,0.14452002942562103,0.011180358938872814,-0.008851941674947739,2.851578950881958
1788692042637147100,10.671147216796875,-0.9894762635231018,-0.0035734146367758512,0.0061744945123791695,0.14451947808265686,0.011186846531927586,-0.008856402710080147,2.8515801429748535
1788692042642147300,10.676147216796876,-0.9894763231277466,-0.003573531052097678,0.006178164854645729,0.14451894164085388,0.011194081977009773,-0.008857687935233116,2.851581335067749
1788692042647147300,10.681147216796875,-0.9894763827323914,-0.003573697293177247,0.006184384226799011,0.14451801776885986,0.011206351220607758,-0.008859803900122643,2.8515830039978027
1788692042652147200,10.686147216796876,-0.9894764423370361,-0.0035744565539062023,0.006188796833157539,0.14451734721660614,0.011214870028197765,-0.008862574584782124,2.8515844345092773
1788692042657147100,10.691147216796875,-0.9894764423370361,-0.00357712060213089,0.006189883686602116,0.14451715350151062,0.011216253973543644,-0.008868157863616943,2.8515849113464355
1788692042662147300,10.696147216796875,-0.9894765019416809,-0.0035800416953861713,0.006191752385348082,0.14451682567596436,0.011219111271202564,-0.00887447502464056,2.851585626602173
1788692042667147300,10.701147216796874,-0.9894765019416809,-0.0035806274972856045,0.006191880442202091,0.14451679587364197,0.01121919509023428,-0.008875671774148941,2.851585626602173
1788692042672147200,10.706147216796875,-0.9894764423370361,-0.0035812086425721645,0.006189408246427774,0.14451715350151062,0.011214131489396095,-0.008876110427081585,2.8515849113464355
1788692042677147100,10.711147216796874,-0.9894765019416809,-0.0035799534525722265,0.006190394051373005,0.14451703429222107,0.011216447688639164,-0.008873910643160343,2.8515851497650146
1788692042682147300,10.716147216796875,-0.9894763827323914,-0.003581581637263298,0.00618591858074069,0.1445176601409912,0.011207113973796368,-0.008875846862792969,2.851583957672119
1788692042687147300,10.721147216796876,-0.9894763231277466,-0.003581586992368102,0.006182522047311068,0.1445181667804718,0.01120038516819477,-0.008874881081283092,2.8515827655792236
1788692042692147200,10.726147216796875,-0.9894763231277466,-0.0035785480868071318,0.006179416086524725,0.1445186734199524,0.011195112019777298,-0.008867976255714893,2.8515818119049072
1788692042697147100,10.731147216796876,-0.9894763231277466,-0.0035748593509197235,0.006178205367177725,0.1445189118385315,0.011193779297173023,-0.008860327303409576,2.851581335067749
1788692042702147300,10.736147216796875,-0.9894763231277466,-0.0035738719161599874,0.006178670097142458,0.14451885223388672,0.01119498535990715,-0.008858507499098778,2.851581335067749
1788692042707147300,10.741147216796875,-0.9894763231277466,-0.0035729841329157352,0.006180087104439735,0.1445186585187912,0.011198047548532486,-0.008857157081365585,2.8515818119049072
1788692042712147200,10.746147216796874,-0.9894763827323914,-0.0035697477869689465,0.006181985139846802,0.1445184350013733,0.011202740482985973,-0.008851299062371254,2.8515822887420654
1788692042717147100,10.751147216796875,-0.9894763231277466,-0.0035705913323909044,0.00618095463141799,0.14451856911182404,0.011200456880033016,-0.008852671831846237,2.8515820503234863
1788692042722147300,10.756147216796874,-0.9894763827323914,-0.003572270506992936,0.006183781195431948,0.14451812207698822,0.01120556890964508,-0.00885680690407753,2.8515830039978027
1788692042727147300,10.761147216796875,-0.9894763231277466,-0.003577369498088956,0.00618118979036808,0.1445184350013733,0.011198964901268482,-0.008866152726113796,2.8515822887420654
1788692042732147200,10.766147216796876,-0.9894763827323914,-0.003578187432140112,0.00618248526006937,0.14451822638511658,0.01120129507035017,-0.008868143893778324,2.8515827655792236
1788692042737147100,10.771147216796875,-0.9894763827323914,-0.0035817152820527554,0.006184181664139032,0.1445179134607315,0.011203634552657604,-0.008875612169504166,2.851583480834961
1788692042742147300,10.776147216796875,-0.9894763827323914,-0.0035861090291291475,0.006184181198477745,0.14451785385608673,0.011202365159988403,-0.008884306065738201,2.851583480834961
1788692042747147300,10.781147216796874,-0.9894764423370361,-0.0035888883285224438,0.006187405437231064,0.14451733231544495,0.011207949370145798,-0.008890733122825623,2.8515846729278564
1788692042752147200,10.786147216796875,-0.9894763827323914,-0.003590117208659649,0.006186991464346647,0.14451737701892853,0.011206772178411484,-0.008893045596778393,2.8515846729278564
1788692042757147100,10.791147216796874,-0.9894763231277466,-0.0035933195613324642,0.006180273834615946,0.14451831579208374,0.011192545294761658,-0.008897451683878899,2.8515827655792236
1788692042762147300,10.796147216796875,-0.9894763231277466,-0.0035924294497817755,0.0061815413646399975,0.1445181518793106,0.01119531225413084,-0.008896054700016975,2.8515830039978027
1788692042767147300,10.801147216796876,-0.9894763231277466,-0.0035935111809521914,0.006183553021401167,0.14451782405376434,0.0111989825963974,-0.008898773230612278,2.85158371925354
1788692042772147200,10.806147216796875,-0.9894763231277466,-0.0035932946484535933,0.0061822449788451195,0.14451803267002106,0.011196455918252468,-0.00889796856790781,2.851583242416382
1788692042777147100,10.811147216796876,-0.9894763231277466,-0.0035929069854319096,0.006183461751788855,0.14451785385608673,0.011198976077139378,-0.008897551335394382,2.851583480834961
1788692042782147300,10.816147216796875,-0.9894764423370361,-0.0035914629697799683,0.006188252940773964,0.14451716840267181,0.011208883486688137,-0.008896071463823318,2.8515849113464355
1788692042787147300,10.821147216796875,-0.9894765019416809,-0.003593350760638714,0.00619353586807847,0.14451636373996735,0.011218800209462643,-0.00890132412314415,2.8515868186950684
1788692042792147200,10.826147216796874,-0.9894765019416809,-0.003596425289288163,0.006194135639816523,0.1445162296295166,0.011219099164009094,-0.008907579816877842,2.8515870571136475
1788692042797147100,10.831147216796875,-0.9894765019416809,-0.003597862785682082,0.006194502115249634,0.14451614022254944,0.01121941115707159,-0.008910531178116798,2.8515872955322266
1788692042802147300,10.836147216796874,-0.9894765019416809,-0.0035981382243335247,0.006194667425006628,0.14451611042022705,0.011219657957553864,-0.008911123499274254,2.8515872955322266
1788692042807147300,10.841147216796875,-0.9894765615463257,-0.0036003775894641876,0.006199554540216923,0.14451536536216736,0.011228690855205059,-0.00891695823520422,2.851588726043701
1788692042812147200,10.846147216796876,-0.9894766211509705,-0.003599687246605754,0.006202511955052614,0.14451493322849274,0.011234748177230358,-0.008916442282497883,2.8515896797180176
1788692042817147100,10.851147216796875,-0.9894766807556152,-0.0035974555648863316,0.006204300094395876,0.14451470971107483,0.011238932609558105,-0.008912540040910244,2.851590156555176
1788692042822147300,10.856147216796876,-0.9894766807556152,-0.003596888156607747,0.0062048714607954025,0.14451463520526886,0.011240228079259396,-0.008911581709980965,2.851590394973755
1788692042827147300,10.861147216796875,-0.9894766807556152,-0.003597019240260124,0.006206875666975975,0.14451433718204498,0.011244159191846848,-0.00891241617500782,2.851590871810913
1788692042832147200,10.866147216796875,-0.98947674036026,-0.003598073497414589,0.006208709441125393,0.1445140391588211,0.011247485876083374,-0.008915029466152191,2.8515915870666504
1788692042837147100,10.871147216796874,-0.9894767999649048,-0.0035932559985667467,0.006212168373167515,0.14451360702514648,0.011255728080868721,-0.008906490169465542,2.851592540740967
1788692042842147300,10.876147216796875,-0.9894767999649048,-0.0035900508519262075,0.0062141139060258865,0.14451336860656738,0.011260505765676498,-0.00890070665627718,2.851593017578125
1788692042847147300,10.881147216796874,-0.9894769191741943,-0.003586798906326294,0.006218691822141409,0.14451274275779724,0.011270511895418167,-0.008895587176084518,2.8515942096710205
1788692042852147200,10.886147216796875,-0.9894769191741943,-0.0035848284605890512,0.006219358649104834,0.14451266825199127,0.011272401548922062,-0.008891879580914974,2.8515944480895996
1788692042857147100,10.891147216796876,-0.9894769787788391,-0.0035860766656696796,0.006222841329872608,0.1445121318101883,0.011278938502073288,-0.008895350620150566,2.851595401763916
1788692042862147300,10.896147216796875,-0.9894769787788391,-0.0035872929729521275,0.006225890479981899,0.14451166987419128,0.01128462515771389,-0.008898632600903511,2.8515963554382324
1788692042867147300,10.901147216796875,-0.9894769787788391,-0.0035913793835788965,0.006226356606930494,0.14451153576374054,0.01128436904400587,-0.008906852453947067,2.8515968322753906
1788692042872147200,10.906147216796874,-0.9894769787788391,-0.0035912005696445704,0.0062259892001748085,0.14451159536838531,0.0112836929038167,-0.008906393311917782,2.8515965938568115
1788692042877147100,10.911147216796875,-0.9894769787788391,-0.003586689243093133,0.006222234573215246,0.14451222121715546,0.011277560144662857,-0.008896388113498688,2.851595401763916
1788692042882147300,10.916147216796874,-0.9894768595695496,-0.003586407285183668,0.006218003574758768,0.1445128470659256,0.011269262060523033,-0.008894613943994045,2.8515939712524414
1788692042887147300,10.921147216796875,-0.9894768595695496,-0.003585770260542631,0.006216120906174183,0.14451313018798828,0.011265717446804047,-0.008892812766134739,2.851593494415283
1788692042892147200,10.926147216796876,-0.9894768595695496,-0.0035862347576767206,0.006214789114892483,0.1445133239030838,0.011262946762144566,-0.008893350139260292,2.851593017578125
1788692042897147100,10.931147216796875,-0.9894767999649048,-0.0035847348626703024,0.006211451254785061,0.14451384544372559,0.011256768368184566,-0.008889422751963139,2.8515918254852295
1788692042902147300,10.936147216796876,-0.98947674036026,-0.0035853274166584015,0.0062081641517579556,0.1445143222808838,0.01125008799135685,-0.00888965092599392,2.851590871810913
1788692042907147300,10.941147216796875,-0.98947674036026,-0.003581963013857603,0.006208579987287521,0.1445143073797226,0.011251882649958134,-0.008883112110197544,2.851590871810913
1788692042912147200,10.946147216796875,-0.9894767999649048,-0.003581820521503687,0.0062131681479513645,0.14451363682746887,0.01126100867986679,-0.008884147740900517,2.8515923023223877
1788692042917147100,10.951147216796874,-0.9894768595695496,-0.0035813217982649803,0.006217536050826311,0.14451299607753754,0.011269803158938885,-0.008884415961802006,2.851593494415283
1788692042922147300,10.956147216796875,-0.9894769191741943,-0.0035785301588475704,0.006219272967427969,0.14451277256011963,0.011274050921201706,-0.008879391476511955,2.8515942096710205
1788692042927147300,10.961147216796874,-0.9894769191741943,-0.0035757289733737707,0.006217911373823881,0.14451302587985992,0.01127216313034296,-0.008873457089066505,2.851593494415283
1788692042932147200,10.966147216796875,-0.9894769191741943,-0.0035737338475883007,0.0062185367569327354,0.14451296627521515,0.011273978278040886,-0.008869688957929611,2.8515937328338623
1788692042937147100,10.971147216796876,-0.9894768595695496,-0.0035675903782248497,0.006215980742126703,0.14451342821121216,0.011270688846707344,-0.00885679665952921,2.851592540740967
1788692042942147300,10.976147216796875,-0.9894767999649048,-0.0035695440601557493,0.00621081842109561,0.14451417326927185,0.011259901337325573,-0.00885917991399765,2.851591110229492
1788692042947147300,10.981147216796876,-0.9894766211509705,-0.0035720886662602425,0.006200074218213558,0.144515722990036,0.011237889528274536,-0.00886112917214632,2.8515877723693848
1788692042952147200,10.986147216796875,-0.9894765019416809,-0.00357153476215899,0.006192644126713276,0.14451682567596436,0.01122333388775587,-0.008857897482812405,2.851585626602173
1788692042957147100,10.991147216796875,-0.9894763827323914,-0.003569823456928134,0.006185447331517935,0.1445179134607315,0.011209575459361076,-0.008852443657815456,2.851583242416382
1788692042962147300,10.996147216796874,-0.9894763231277466,-0.003573088673874736,0.006179198622703552,0.14451879262924194,0.011196257546544075,-0.00885710958391428,2.851581573486328
1788692042967147300,11.001147216796875,-0.9894762635231018,-0.0035717247519642115,0.006177886854857206,0.14451900124549866,0.01119405310600996,-0.008854033425450325,2.85158109664917
1788692042972147200,11.006147216796874,-0.9894762635231018,-0.0035723946057260036,0.006174311973154545,0.14451952278614044,0.011186779476702213,-0.008854332379996777,2.8515799045562744
1788692042977147100,11.011147216796875,-0.9894762635231018,-0.003575915703549981,0.006178220268338919,0.1445188969373703,0.011193503625690937,-0.008862422779202461,2.851581335067749
1788692042982147300,11.016147216796876,-0.9894763827323914,-0.0035768162924796343,0.006185672711580992,0.14451777935028076,0.01120800245553255,-0.008866346441209316,2.85158371925354
1788692042987147300,11.021147216796875,-0.9894765019416809,-0.003581906436011195,0.0061928024515509605,0.14451664686203003,0.011220653541386127,-0.008878466673195362,2.851586103439331
1788692042992147200,11.026147216796875,-0.9894765615463257,-0.0035861318465322256,0.006197342649102211,0.14451590180397034,0.011228424496948719,-0.00888813380151987,2.8515875339508057
1788692042997147100,11.031147216796874,-0.9894766211509705,-0.0035895362962037325,0.006201216485351324,0.1445152759552002,0.011235112324357033,-0.00889598298817873,2.8515889644622803
1788692043002147300,11.036147216796875,-0.9894766807556152,-0.0035912138409912586,0.006205993704497814,0.1445145457983017,0.011244089342653751,-0.008900674991309643,2.851590394973755
1788692043007147300,11.041147216796874,-0.98947674036026,-0.003591176588088274,0.006207868456840515,0.1445142775774002,0.011247812770307064,-0.008901139721274376,2.851591110229492
1788692043012147200,11.046147216796875,-0.9894766807556152,-0.0035904133692383766,0.0062031191773712635,0.1445149928331375,0.011238628067076206,-0.008898265659809113,2.8515896797180176
1788692043017147100,11.051147216796876,-0.9894766211509705,-0.0035875511821359396,0.006199263501912355,0.14451560378074646,0.011231819167733192,-0.008891494013369083,2.851588249206543
1788692043022147300,11.056147216796875,-0.9894765615463257,-0.0035812444984912872,0.00619500270113349,0.14451633393764496,0.011225201189517975,-0.008877789601683617,2.8515868186950684
1788692043027147300,11.061147216796876,-0.9894765019416809,-0.0035785359796136618,0.006192161701619625,0.14451678097248077,0.0112203573808074,-0.008871613070368767,2.851585865020752
1788692043032147200,11.066147216796875,-0.9894764423370361,-0.0035714225377887487,0.006187328137457371,0.14451761543750763,0.011212839744985104,-0.008856148459017277,2.851583957672119
1788692043037147100,11.071147216796875,-0.9894763231277466,-0.003568765241652727,0.006181245669722557,0.14451855421066284,0.011201558634638786,-0.008849142119288445,2.8515820503234863
1788692043042147300,11.076147216796874,-0.9894763231277466,-0.003570857923477888,0.006181000731885433,0.14451855421066284,0.011200470849871635,-0.008853212930262089,2.8515820503234863
1788692043047147300,11.081147216796875,-0.9894763827323914,-0.003570051398128271,0.006182004697620869,0.1445184201002121,0.011202692054212093,-0.008851906284689903,2.8515822887420654
1788692043052147200,11.086147216796874,-0.9894763827323914,-0.00356766558252275,0.006182790733873844,0.14451834559440613,0.011204937472939491,-0.008847410790622234,2.8515822887420654
1788692043057147100,11.091147216796875,-0.9894764423370361,-0.0035705037880688906,0.00618571974337101,0.14451786875724792,0.01120991911739111,-0.008853868581354618,2.851583480834961
1788692043062147300,11.096147216796876,-0.9894763827323914,-0.003578538540750742,0.006185615435242653,0.14451774954795837,0.011207391507923603,-0.008869737386703491,2.85158371925354
1788692043067147300,11.101147216796875,-0.9894764423370361,-0.003585096448659897,0.0061890375800430775,0.14451715350151062,0.011212275363504887,-0.008883697912096977,2.8515849113464355
1788692043072147200,11.106147216796876,-0.9894764423370361,-0.003592344932258129,0.006189769599586725,0.1445169299840927,0.011211631819605827,-0.008898251689970493,2.851585626602173
1788692043077147100,11.111147216796875,-0.9894764423370361,-0.003597864881157875,0.006188659463077784,0.14451700448989868,0.011207838542759418,-0.008908855728805065,2.8515853881835938
1788692043082147300,11.116147216796875,-0.9894764423370361,-0.0036049920599907637,0.0061911544762551785,0.14451652765274048,0.011210721917450428,-0.008923675864934921,2.8515865802764893
1788692043087147300,11.121147216796874,-0.9894764423370361,-0.003611076856032014,0.006192313041538,0.14451627433300018,0.011211260221898556,-0.008936050347983837,2.8515870571136475
1788692043092147200,11.126147216796875,-0.9894765019416809,-0.0036170594394207,0.006196970120072365,0.1445154845714569,0.011218754574656487,-0.008949225768446922,2.851588726043701
1788692043097147100,11.131147216796874,-0.9894765615463257,-0.003615018678829074,0.006198424845933914,0.14451530575752258,0.011222225613892078,-0.008945606648921967,2.8515892028808594
1788692043102147300,11.136147216796875,-0.9894765615463257,-0.003607129445299506,0.006200307048857212,0.14451514184474945,0.011228230781853199,-0.008930535055696964,2.8515894412994385
1788692043107147300,11.141147216796876,-0.9894766211509705,-0.003603145247325301,0.006201682612299919,0.1445150077342987,0.011232106946408749,-0.008923047222197056,2.8515896797180176
1788692043112147200,11.146147216796875,-0.9894766211509705,-0.003600973868742585,0.006201515439897776,0.14451506733894348,0.011232401244342327,-0.0089187016710639,2.8515894412994385
1788692043117147100,11.151147216796875,-0.9894766807556152,-0.0035905169788748026,0.00620420603081584,0.14451482892036438,0.011240750551223755,-0.008898782543838024,2.8515899181365967
1788692043122147300,11.156147216796874,-0.9894766807556152,-0.003581865457817912,0.006204454693943262,0.14451491832733154,0.011243741028010845,-0.008881733752787113,2.8515896797180176
1788692043127147300,11.161147216796875,-0.9894766807556152,-0.0035784165374934673,0.006203826051205397,0.14451506733894348,0.011243492364883423,-0.008874728344380856,2.8515892028808594
1788692043132147200,11.166147216796874,-0.9894766211509705,-0.0035749967209994793,0.0061979638412594795,0.1445159912109375,0.011232870630919933,-0.008866277523338795,2.8515872955322266
1788692043137147100,11.171147216796875,-0.9894765019416809,-0.0035707452334463596,0.006191412452608347,0.14451701939105988,0.011221122927963734,-0.00885598175227642,2.8515851497650146
1788692043142147300,11.176147216796876,-0.9894763827323914,-0.0035731459502130747,0.006184650119394064,0.14451798796653748,0.0112070357427001,-0.008858788758516312,2.851583242416382
1788692043147147300,11.181147216796875,-0.9894762635231018,-0.0035795550793409348,0.006174913607537746,0.14451932907104492,0.01118590496480465,-0.008868674747645855,2.8515803813934326
1788692043152147200,11.186147216796876,-0.9894761443138123,-0.0035879083443433046,0.0061678835190832615,0.14452023804187775,0.011169569566845894,-0.00888318382203579,2.851578712463379
1788692043157147100,11.191147216796875,-0.9894760847091675,-0.0035917051136493683,0.006167648825794458,0.14452020823955536,0.011168007738888264,-0.00889062974601984,2.851578712463379
1788692043162147300,11.196147216796875,-0.9894760847091675,-0.0035986986476927996,0.006167678162455559,0.144520103931427,0.011166045442223549,-0.008904476650059223,2.851578950881958
1788692043167147300,11.201147216796874,-0.9894761443138123,-0.0036113986279815435,0.00617022393271327,0.14451952278614044,0.011167421005666256,-0.008930339477956295,2.8515803813934326
1788692043172147200,11.206147216796875,-0.989476203918457,-0.0036207616794854403,0.006176012102514505,0.14451852440834045,0.011176180094480515,-0.008950530551373959,2.8515825271606445
1788692043177147100,11.211147216796874,-0.9894762635231018,-0.0036280578933656216,0.006182497832924128,0.1445174515247345,0.011186917312443256,-0.008966832421720028,2.8515846729278564
1788692043182147300,11.216147216796875,-0.9894764423370361,-0.003634423715993762,0.006193884648382664,0.14451567828655243,0.011207629926502705,-0.008982701227068901,2.851588487625122
1788692043187147300,11.221147216796876,-0.9894766211509705,-0.003639072645455599,0.006205445621162653,0.14451389014720917,0.01122918352484703,-0.008995221927762032,2.8515923023223877
1788692043192147200,11.226147216796875,-0.9894766807556152,-0.0036357040517032146,0.006209429353475571,0.1445133537054062,0.011238045990467072,-0.008989701047539711,2.851593255996704
1788692043197147100,11.231147216796876,-0.9894767999649048,-0.0036298094782978296,0.006215615198016167,0.14451253414154053,0.01125199906527996,-0.008979814127087593,2.851594924926758
1788692043202147300,11.236147216796875,-0.9894768595695496,-0.0036258886102586985,0.0062191844917833805,0.14451207220554352,0.011260200291872025,-0.008973079733550549,2.851595878601074
1788692043207147300,11.241147216796875,-0.9894768595695496,-0.0036189709790050983,0.006217540241777897,0.14451241493225098,0.011258941143751144,-0.008958919905126095,2.851595163345337
1788692043212147200,11.246147216796874,-0.9894767999649048,-0.0036077741533517838,0.006213810760527849,0.14451314508914948,0.011254789307713509,-0.00893569178879261,2.851593494415283
1788692043217147100,11.251147216796875,-0.98947674036026,-0.0035965917631983757,0.006208594888448715,0.1445140838623047,0.011247687973082066,-0.00891206506639719,2.8515915870666504
1788692043222147300,11.256147216796874,-0.9894766807556152,-0.0035885616671293974,0.006206087302416563,0.14451457560062408,0.011245040223002434,-0.008895453996956348,2.851590394973755
1788692043227147300,11.261147216796875,-0.9894766211509705,-0.0035860352218151093,0.006201155949383974,0.14451535046100616,0.011236002668738365,-0.008889038115739822,2.851588726043701
1788692043232147200,11.266147216796876,-0.9894765615463257,-0.003584078513085842,0.006194733548909426,0.14451631903648376,0.011223850771784782,-0.008883319795131683,2.8515868186950684
1788692043237147100,11.271147216796875,-0.9894765615463257,-0.0035825641825795174,0.006195735186338425,0.1445161998271942,0.011226271279156208,-0.008880611509084702,2.8515870571136475
1788692043242147300,11.276147216796875,-0.9894766211509705,-0.003586827078834176,0.006201154086738825,0.14451533555984497,0.01123577170073986,-0.008890604600310326,2.851588726043701
1788692043247147300,11.281147216796874,-0.9894766807556152,-0.003599031362682581,0.006205396261066198,0.1445145159959793,0.011240648105740547,-0.008915972895920277,2.851590633392334
1788692043252147200,11.286147216796875,-0.9894767999649048,-0.003608223283663392,0.006213005166500807,0.14451324939727783,0.011253063566982746,-0.008936349302530289,2.851593255996704
1788692043257147100,11.291147216796874,-0.9894768595695496,-0.0036187623627483845,0.00622001476585865,0.14451205730438232,0.011263901367783546,-0.008959217928349972,2.851595878601074
1788692043262147300,11.296147216796875,-0.9894769191741943,-0.003628442296758294,0.0062239221297204494,0.14451132714748383,0.01126884575933218,-0.008979495614767075,2.851597547531128
1788692043267147300,11.301147216796876,-0.9894767999649048,-0.0036407331936061382,0.006218891590833664,0.144511878490448,0.011255333200097084,-0.009002371691167355,2.8515963554382324
1788692043272147200,11.306147216796875,-0.98947674036026,-0.0036486044991761446,0.006213368847966194,0.1445125788450241,0.011242123320698738,-0.009016360156238079,2.851594924926758
1788692043277147100,11.311147216796876,-0.9894766211509705,-0.0036562446039170027,0.006206427235156298,0.14451348781585693,0.011226169764995575,-0.009029485285282135,2.851593255996704
1788692043282147300,11.316147216796875,-0.9894765019416809,-0.0036630656104534864,0.006200381089001894,0.1445142775774002,0.011212225072085857,-0.00904124416410923,2.8515915870666504
1788692043287147300,11.321147216796875,-0.9894764423370361,-0.003658154746517539,0.006195909343659878,0.1445150077342987,0.011204787530004978,-0.009030242450535297,2.851590156555176
1788692043292147200,11.326147216796874,-0.9894763827323914,-0.0036530415527522564,0.0061894431710243225,0.14451605081558228,0.011193458922207355,-0.009018266573548317,2.8515877723693848
1788692043297147100,11.331147216796875,-0.9894763231277466,-0.0036498387344181538,0.00618568854406476,0.14451664686203003,0.011186947114765644,-0.00901084952056408,2.8515865802764893
1788692043302147300,11.336147216796874,-0.9894763231277466,-0.0036397455260157585,0.006186837796121836,0.14451663196086884,0.01119213830679655,-0.008991206996142864,2.8515865802764893
1788692043307147300,11.341147216796875,-0.9894763827323914,-0.003628878854215145,0.0061903758905828,0.14451627433300018,0.011202283203601837,-0.008970719762146473,2.8515870571136475
1788692043312147200,11.346147216796876,-0.9894764423370361,-0.0036204615607857704,0.006191781722009182,0.1445161998271942,0.01120749767869711,-0.008954467251896858,2.8515872955322266
1788692043317147100,11.351147216796875,-0.9894765019416809,-0.0036110796499997377,0.00619344599545002,0.14451609551906586,0.01121350284665823,-0.008936380967497826,2.8515875339508057
1788692043322147300,11.356147216796876,-0.9894765615463257,-0.003597268369048834,0.006196347996592522,0.14451588690280914,0.011223237961530685,-0.008909884840250015,2.8515877723693848
1788692043327147300,11.361147216796875,-0.9894765615463257,-0.003585890168324113,0.006197219714522362,0.14451593160629272,0.011228250339627266,-0.008887619711458683,2.8515875339508057
1788692043332147200,11.366147216796875,-0.9894765615463257,-0.0035798929166048765,0.006196859758347273,0.14451606571674347,0.01122927013784647,-0.008875648491084576,2.8515872955322266
1788692043337147100,11.371147216796874,-0.9894765615463257,-0.0035732451360672712,0.006194887682795525,0.1445164680480957,0.011227283626794815,-0.008861927315592766,2.85158634185791
1788692043342147300,11.376147216796875,-0.9894765019416809,-0.003576657734811306,0.006193388253450394,0.14451663196086884,0.011223328299820423,-0.008868249133229256,2.851586103439331
1788692043347147300,11.381147216796874,-0.9894763827323914,-0.0035857458133250475,0.006184958852827549,0.14451774954795837,0.011204009875655174,-0.008883810602128506,2.85158371925354
1788692043352147200,11.386147216796875,-0.9894762635231018,-0.0035966355353593826,0.006179812829941511,0.14451833069324493,0.011190674267709255,-0.00890388060361147,2.8515825271606445
1788692043357147100,11.391147216796876,-0.989476203918457,-0.0036099483259022236,0.006173747591674328,0.14451903104782104,0.011174817569553852,-0.008928482420742512,2.851581335067749
1788692043362147300,11.396147216796875,-0.9894760847091675,-0.0036265943199396133,0.006170984823256731,0.14451918005943298,0.011164538562297821,-0.00896062795072794,2.85158109664917
1788692043367147300,11.401147216796875,-0.9894761443138123,-0.003638640744611621,0.006173205096274614,0.1445186734199524,0.011165457777678967,-0.008985104039311409,2.8515822887420654
1788692043372147200,11.406147216796874,-0.9894760847091675,-0.0036533749662339687,0.006172042340040207,0.14451861381530762,0.011158899404108524,-0.009013926610350609,2.8515825271606445
1788692043377147100,11.411147216796875,-0.9894761443138123,-0.0036641850601881742,0.006178035866469145,0.14451755583286285,0.011167648248374462,-0.009037039242684841,2.8515846729278564
1788692043382147300,11.416147216796874,-0.9894762635231018,-0.003671240294352174,0.006185944192111492,0.14451628923416138,0.011181272566318512,-0.009053273126482964,2.8515875339508057
1788692043387147300,11.421147216796875,-0.9894763827323914,-0.0036767038982361555,0.006194035988301039,0.1445150077342987,0.011195720173418522,-0.009066409431397915,2.851590156555176
1788692043392147200,11.426147216796876,-0.9894764423370361,-0.003679787740111351,0.0061994451098144054,0.14451415836811066,0.011205542832612991,-0.009074066765606403,2.8515920639038086
1788692043397147100,11.431147216796875,-0.9894765615463257,-0.0036734144669026136,0.006205596961081028,0.1445133537054062,0.011219566687941551,-0.00906322244554758,2.8515937328338623
1788692043402147300,11.436147216796876,-0.9894765615463257,-0.0036691296845674515,0.006205251906067133,0.14451345801353455,0.011220120824873447,-0.009054644033312798,2.851593255996704
1788692043407147300,11.441147216796875,-0.9894766211509705,-0.0036616609431803226,0.0062081231735646725,0.14451315999031067,0.011227963492274284,-0.009040690027177334,2.8515939712524414
1788692043412147200,11.446147216796875,-0.9894766807556152,-0.0036522240843623877,0.006210117135196924,0.14451301097869873,0.011234638281166553,-0.009022588841617107,2.8515942096710205
1788692043417147100,11.451147216796874,-0.9894766211509705,-0.0036400568205863237,0.006205257959663868,0.14451390504837036,0.011228528805077076,-0.008997115306556225,2.8515923023223877
1788692043422147300,11.456147216796875,-0.9894765019416809,-0.0036244355142116547,0.0061975507996976376,0.1445152908563614,0.011217774823307991,-0.008963989093899727,2.8515892028808594
1788692043427147300,11.461147216796874,-0.9894764423370361,-0.0036109653301537037,0.006190051790326834,0.14451660215854645,0.011206815019249916,-0.008935179561376572,2.85158634185791
1788692043432147200,11.466147216796875,-0.9894764423370361,-0.0035945631098002195,0.006190473213791847,0.14451679587364197,0.011212384328246117,-0.008902843110263348,2.851585865020752
1788692043437147100,11.471147216796876,-0.9894765615463257,-0.0035926380660384893,0.00619748467579484,0.1445157825946808,0.011226827278733253,-0.008901048451662064,2.851588010787964
1788692043442147300,11.476147216796875,-0.9894766807556152,-0.003591004526242614,0.006205208599567413,0.14451466500759125,0.011242595501244068,-0.008900035172700882,2.851590156555176
1788692043447147300,11.481147216796876,-0.9894767999649048,-0.0035920897498726845,0.006212529726326466,0.1445135623216629,0.011256780475378036,-0.008904285728931427,2.851592540740967
1788692043452147200,11.486147216796875,-0.9894769191741943,-0.003598941257223487,0.00622085714712739,0.14451223611831665,0.011271294206380844,-0.008920236490666866,2.851595401763916
1788692043457147100,11.491147216796875,-0.9894769191741943,-0.0036072442308068275,0.006222643423825502,0.1445118486881256,0.011272434145212173,-0.008937180042266846,2.8515961170196533
1788692043462147300,11.496147216796874,-0.9894769787788391,-0.0036205535288900137,0.006228565704077482,0.14451076090335846,0.011280319653451443,-0.00896521843969822,2.8515985012054443
1788692043467147300,11.501147216796875,-0.9894770383834839,-0.003629648592323065,0.006230521481484175,0.14451032876968384,0.011281566694378853,-0.008983777835965157,2.85159969329834
1788692043472147200,11.506147216796874,-0.9894769787788391,-0.00364325731061399,0.00622781366109848,0.14451052248477936,0.011272274889051914,-0.00900992937386036,2.8515992164611816
1788692043477147100,11.511147216796875,-0.9894769191741943,-0.003655433189123869,0.0062263463623821735,0.14451055228710175,0.011265852488577366,-0.009033601731061935,2.8515992164611816
1788692043482147300,11.516147216796876,-0.9894768595695496,-0.003663803916424513,0.006221591029316187,0.1445111334323883,0.011254018172621727,-0.00904880091547966,2.8515982627868652
1788692043487147300,11.521147216796875,-0.9894767999649048,-0.0036683150101453066,0.006218171212822199,0.14451156556606293,0.011245942674577236,-0.009056744165718555,2.851597309112549
1788692043492147200,11.526147216796875,-0.9894767999649048,-0.0036637820303440094,0.006220581941306591,0.14451128244400024,0.01125202514231205,-0.009048467501997948,2.851597785949707
1788692043497147100,11.531147216796874,-0.98947674036026,-0.0036621594335883856,0.0062162671238183975,0.14451193809509277,0.011243948712944984,-0.009044015780091286,2.8515965938568115
1788692043502147300,11.536147216796875,-0.98947674036026,-0.0036547610070556402,0.0062132361344993114,0.14451250433921814,0.011240082792937756,-0.00902850553393364,2.851595163345337
1788692043507147300,11.541147216796874,-0.98947674036026,-0.0036411916371434927,0.006212242878973484,0.1445128619670868,0.011242032982409,-0.009001368656754494,2.8515944480895996
1788692043512147200,11.546147216796875,-0.98947674036026,-0.00363031099550426,0.006212715990841389,0.14451295137405396,0.011246112175285816,-0.008979973383247852,2.8515942096710205
1788692043517147100,11.551147216796876,-0.98947674036026,-0.003616460133343935,0.0062127308920025826,0.14451315999031067,0.011250141076743603,-0.008952568285167217,2.851593494415283
1788692043522147300,11.556147216796875,-0.9894767999649048,-0.003606917569413781,0.0062140547670423985,0.1445131152868271,0.011255519464612007,-0.008934066630899906,2.851593494415283
1788692043527147300,11.561147216796876,-0.9894767999649048,-0.0035984450951218605,0.0062150899320840836,0.1445131003856659,0.011260014958679676,-0.00891759805381298,2.851593494415283
1788692043532147200,11.566147216796875,-0.9894768595695496,-0.003596426220610738,0.006217626854777336,0.14451274275779724,0.011265622451901436,-0.008914331905543804,2.8515942096710205
1788692043537147100,11.571147216796875,-0.9894768595695496,-0.0035933288745582104,0.006217229645699263,0.1445128619670868,0.011265730485320091,-0.008908089250326157,2.8515939712524414
1788692043542147300,11.576147216796874,-0.9894767999649048,-0.00358946924097836,0.006213358603417873,0.14451348781585693,0.011259178631007671,-0.00889933854341507,2.851592540740967
1788692043547147300,11.581147216796875,-0.98947674036026,-0.0035954464692622423,0.006211122963577509,0.14451372623443604,0.011253025382757187,-0.008910524658858776,2.8515923023223877
1788692043552147200,11.586147216796874,-0.9894766807556152,-0.0036101266741752625,0.006204801145941019,0.14451444149017334,0.011236267164349556,-0.008937758393585682,2.851590871810913
1788692043557147100,11.591147216796875,-0.9894765019416809,-0.00361966947093606,0.006195616442710161,0.14451564848423004,0.01121532078832388,-0.00895400159060955,2.851588487625122
1788692043562147300,11.596147216796876,-0.9894763827323914,-0.003626137739047408,0.006188361439853907,0.14451661705970764,0.011199084110558033,-0.008964717388153076,2.8515865802764893
1788692043567147300,11.601147216796875,-0.9894762635231018,-0.003633651649579406,0.006182698532938957,0.14451734721660614,0.011185700073838234,-0.008977959863841534,2.8515849113464355
1788692043572147200,11.606147216796876,-0.989476203918457,-0.003638697788119316,0.006176786031574011,0.14451813697814941,0.011172533966600895,-0.008986245840787888,2.851583480834961
1788692043577147100,11.611147216796875,-0.9894761443138123,-0.0036469153128564358,0.006173713598400354,0.14451846480369568,0.011164075694978237,-0.009001624770462513,2.8515827655792236
1788692043582147300,11.616147216796875,-0.9894760847091675,-0.003649377264082432,0.0061702667735517025,0.14451894164085388,0.0111565375700593,-0.00900550652295351,2.8515818119049072
1788692043587147300,11.621147216796874,-0.9894760251045227,-0.0036515407264232635,0.006166861858218908,0.1445194035768509,0.011149169877171516,-0.009008808061480522,2.851580858230591
1788692043592147200,11.626147216796875,-0.9894759654998779,-0.0036526459734886885,0.006163616199046373,0.1445198655128479,0.011142423376441002,-0.00901006255298853,2.8515799045562744
1788692043597147100,11.631147216796874,-0.9894759654998779,-0.003650176804512739,0.0061636571772396564,0.1445198953151703,0.011143217794597149,-0.009005188941955566,2.8515799045562744
1788692043602147300,11.636147216796875,-0.9894759654998779,-0.0036477267276495695,0.006163719110190868,0.14451992511749268,0.011144047603011131,-0.009000357240438461,2.8515796661376953
1788692043607147300,11.641147216796876,-0.9894760251045227,-0.003647675272077322,0.006166950799524784,0.14451944828033447,0.011150463484227657,-0.009001185186207294,2.8515806198120117
1788692043612147200,11.646147216796875,-0.9894760251045227,-0.0036443450953811407,0.006168718449771404,0.14451923966407776,0.01115492545068264,-0.00899510271847248,2.85158109664917
1788692043617147100,11.651147216796875,-0.9894760847091675,-0.003639782313257456,0.0061714062467217445,0.1445189118385315,0.011161565780639648,-0.00898684561252594,2.8515818119049072
1788692043622147300,11.656147216796874,-0.989476203918457,-0.003633029293268919,0.006176657509058714,0.14451824128627777,0.011173916049301624,-0.008974991738796234,2.851583242416382
1788692043627147300,11.661147216796875,-0.9894762635231018,-0.0036290392745286226,0.0061804987490177155,0.14451773464679718,0.011182675138115883,-0.008968199603259563,2.8515841960906982
1788692043632147200,11.666147216796874,-0.9894763231277466,-0.0036239309702068567,0.006185243371874094,0.14451710879802704,0.011193547397851944,-0.008959454484283924,2.8515853881835938
1788692043637147100,11.671147216796875,-0.9894764423370361,-0.003617496695369482,0.0061898487620055676,0.14451652765274048,0.011204526759684086,-0.008948045782744884,2.8515865802764893
1788692043642147300,11.676147216796876,-0.9894765019416809,-0.0036106614861637354,0.00619518430903554,0.14451584219932556,0.011217066086828709,-0.008936053141951561,2.851588010787964
1788692043647147300,11.681147216796875,-0.9894765615463257,-0.0036071029026061296,0.006196989677846432,0.14451563358306885,0.011221670545637608,-0.00892952922731638,2.851588249206543
1788692043652147200,11.686147216796876,-0.9894765615463257,-0.0036102570593357086,0.006200019270181656,0.14451514184474945,0.011226757429540157,-0.008936641737818718,2.8515894412994385
1788692043657147100,11.691147216796875,-0.9894766211509705,-0.003611084073781967,0.006202484481036663,0.1445147693157196,0.011231401935219765,-0.0089389868080616,2.851590156555176
1788692043662147300,11.696147216796875,-0.98947674036026,-0.003615511814132333,0.006209276150912046,0.14451369643211365,0.011243573389947414,-0.008949699811637402,2.851592540740967
1788692043667147300,11.701147216796874,-0.9894767999649048,-0.003623808268457651,0.006214357912540436,0.1445128172636032,0.011251241900026798,-0.00896757747977972,2.8515944480895996
1788692043672147200,11.706147216796875,-0.9894767999649048,-0.003635962726548314,0.006215883418917656,0.14451240003108978,0.0112507538869977,-0.008992066606879234,2.851595401763916
1788692043677147100,11.711147216796874,-0.9894767999649048,-0.003641656832769513,0.0062173097394406796,0.1445121020078659,0.011251934804022312,-0.009003745391964912,2.851595878601074
1788692043682147300,11.716147216796875,-0.9894767999649048,-0.0036501300055533648,0.0062188138253986835,0.14451175928115845,0.011252466589212418,-0.009020943194627762,2.8515968322753906
1788692043687147300,11.721147216796876,-0.9894768595695496,-0.003660040907561779,0.006221910007297993,0.1445111483335495,0.011255736462771893,-0.009041445329785347,2.851598024368286
1788692043692147200,11.726147216796875,-0.9894768595695496,-0.0036642509512603283,0.0062233866192400455,0.14451086521148682,0.011257445439696312,-0.009050200693309307,2.8515987396240234
1788692043697147100,11.731147216796876,-0.9894767999649048,-0.0036674411967396736,0.006220140494406223,0.14451129734516144,0.011250094510614872,-0.00905558094382286,2.851597785949707
1788692043702147300,11.736147216796875,-0.98947674036026,-0.0036687066312879324,0.0062163714319467545,0.14451183378696442,0.01124226488173008,-0.009057002142071724,2.8515968322753906
1788692043707147300,11.741147216796875,-0.98947674036026,-0.0036625356879085302,0.00621453020721674,0.14451219141483307,0.011240401305258274,-0.009044261649250984,2.851595878601074
1788692043712147200,11.746147216796874,-0.98947674036026,-0.003652757965028286,0.006214737426489592,0.14451231062412262,0.011243633925914764,-0.009024973027408123,2.851595640182495
1788692043717147100,11.751147216796875,-0.9894766807556152,-0.003643462434411049,0.006209907587617636,0.14451317489147186,0.01123675238341093,-0.009005190804600716,2.8515937328338623
1788692043722147300,11.756147216796874,-0.9894766211509705,-0.0036326441913843155,0.006204317789524794,0.14451415836811066,0.011228807270526886,-0.008982177823781967,2.8515915870666504
1788692043727147300,11.761147216796875,-0.9894766211509705,-0.003615748602896929,0.006201593205332756,0.14451482892036438,0.011228290386497974,-0.008947961032390594,2.851590156555176
1788692043732147200,11.766147216796876,-0.9894765615463257,-0.0036065212916582823,0.006198270246386528,0.14451545476913452,0.011224373243749142,-0.008928746916353703,2.851588726043701
1788692043737147100,11.771147216796875,-0.9894765615463257,-0.00359854637645185,0.0061966837383806705,0.14451581239700317,0.011223535053431988,-0.008912510238587856,2.851588010787964
1788692043742147300,11.776147216796875,-0.9894765019416809,-0.003597820410504937,0.006195014342665672,0.14451606571674347,0.011220437474548817,-0.008910593576729298,2.8515872955322266
1788692043747147300,11.781147216796874,-0.9894765615463257,-0.0035990953911095858,0.006196678150445223,0.14451581239700317,0.011223364621400833,-0.008913595229387283,2.851588010787964
1788692043752147200,11.786147216796875,-0.9894765615463257,-0.003603975987061858,0.0061985501088202,0.14451545476913452,0.011225663125514984,-0.008923790417611599,2.851588726043701
1788692043757147100,11.791147216796874,-0.9894766211509705,-0.0036119758151471615,0.006203488912433386,0.14451460540294647,0.01123313419520855,-0.008941039443016052,2.851590633392334
1788692043762147300,11.796147216796875,-0.9894766807556152,-0.0036157595459371805,0.0062075103633105755,0.14451394975185394,0.011240005493164062,-0.008949682116508484,2.8515918254852295
1788692043767147300,11.801147216796876,-0.9894766807556152,-0.00362581480294466,0.0062075150199234486,0.144513800740242,0.011237110942602158,-0.008969581685960293,2.8515923023223877
1788692043772147200,11.806147216796875,-0.9894766211509705,-0.003634096821770072,0.006205341313034296,0.14451399445533752,0.011230413801968098,-0.008985346183180809,2.8515920639038086
1788692043777147100,11.811147216796876,-0.9894765615463257,-0.003640710609033704,0.006201260257512331,0.14451448619365692,0.011220421642065048,-0.008997260592877865,2.851590871810913
1788692043782147300,11.816147216796875,-0.9894765019416809,-0.0036431392654776573,0.006196572910994291,0.14451514184474945,0.011210436932742596,-0.009000719524919987,2.8515896797180176
1788692043787147300,11.821147216796875,-0.9894763827323914,-0.0036465898156166077,0.0061917994171381,0.14451579749584198,0.01119998749345541,-0.009006176143884659,2.851588249206543
1788692043792147200,11.826147216796874,-0.9894763231277466,-0.0036458075046539307,0.00618735421448946,0.1445164680480957,0.011191409081220627,-0.00900335144251585,2.8515868186950684
1788692043797147100,11.831147216796875,-0.9894762635231018,-0.0036383706610649824,0.0061804791912436485,0.14451760053634644,0.011179942637681961,-0.008986660279333591,2.8515844345092773
1788692043802147300,11.836147216796874,-0.989476203918457,-0.003632340347394347,0.006175858899950981,0.14451837539672852,0.011172533966600895,-0.008973399177193642,2.8515827655792236
1788692043807147300,11.841147216796875,-0.9894760847091675,-0.003624006174504757,0.0061709084548056126,0.14451923966407776,0.01116513554006815,-0.008955485187470913,2.851580858230591
1788692043812147200,11.846147216796876,-0.9894760847091675,-0.0036170505918562412,0.006167123559862375,0.1445198953151703,0.011159648187458515,-0.00894063338637352,2.8515796661376953
1788692043817147100,11.851147216796875,-0.9894760847091675,-0.003614115761592984,0.0061688353307545185,0.14451968669891357,0.011163885705173016,-0.008935317397117615,2.8515799045562744
1788692043822147300,11.856147216796876,-0.9894760847091675,-0.0036087287589907646,0.006169306579977274,0.14451970160007477,0.011166375130414963,-0.008924792520701885,2.8515799045562744
1788692043827147300,11.861147216796875,-0.989476203918457,-0.0036017464008182287,0.006176447961479425,0.14451874792575836,0.011182533577084541,-0.008913028053939342,2.8515818119049072
1788692043832147200,11.866147216796875,-0.9894763231277466,-0.0036009198520332575,0.006180918775498867,0.14451810717582703,0.011191627010703087,-0.008912677876651287,2.851583242416382
1788692043837147100,11.871147216796874,-0.9894764423370361,-0.00360367214307189,0.006189087871462107,0.14451685547828674,0.01120701152831316,-0.00892047118395567,2.851585865020752
1788692043842147300,11.876147216796875,-0.9894765019416809,-0.003608494531363249,0.006196332164108753,0.14451570808887482,0.011219964362680912,-0.008932095021009445,2.851588249206543
1788692043847147300,11.881147216796874,-0.9894766211509705,-0.0036180205643177032,0.006203099619597197,0.1445145606994629,0.011230616830289364,-0.008952888660132885,2.851590633392334
1788692043852147200,11.886147216796875,-0.9894766211509705,-0.0036289661657065153,0.0062041194178164005,0.14451424777507782,0.011229475028812885,-0.008974841795861721,2.8515913486480713
1788692043857147100,11.891147216796876,-0.98947674036026,-0.0036319922655820847,0.006211618892848492,0.1445131003856659,0.011243455111980438,-0.008982985280454159,2.8515937328338623
1788692043862147300,11.896147216796875,-0.9894768595695496,-0.003634788328781724,0.0062188152223825455,0.14451198279857635,0.011256899684667587,-0.008990585803985596,2.8515961170196533
1788692043867147300,11.901147216796875,-0.9894768595695496,-0.0036381869576871395,0.006221547722816467,0.14451153576374054,0.011261329054832458,-0.008998095989227295,2.8515970706939697
1788692043872147200,11.906147216796874,-0.9894768595695496,-0.003637414425611496,0.006222566124051809,0.1445113867521286,0.011263568885624409,-0.008996859192848206,2.851597309112549
1788692043877147100,11.911147216796875,-0.9894769191741943,-0.003628571517765522,0.00622241385281086,0.14451155066490173,0.011265821754932404,-0.008979317732155323,2.8515970706939697
1788692043882147300,11.916147216796874,-0.9894769191741943,-0.0036259624175727367,0.006224495358765125,0.14451128244400024,0.011270696297287941,-0.008974752388894558,2.851597547531128
1788692043887147300,11.921147216796875,-0.9894769787788391,-0.003619786584749818,0.006225620862096548,0.14451120793819427,0.011274709366261959,-0.008962854743003845,2.851597785949707
1788692043892147200,11.926147216796876,-0.9894769191741943,-0.0036179230082780123,0.006224185228347778,0.14451144635677338,0.011272403411567211,-0.008958754129707813,2.8515970706939697
1788692043897147100,11.931147216796875,-0.9894769191741943,-0.0036147248465567827,0.006222087889909744,0.14451180398464203,0.011269173584878445,-0.008951823227107525,2.8515963554382324
1788692043902147300,11.936147216796876,-0.9894768595695496,-0.003616373986005783,0.006218235474079847,0.1445123553276062,0.011261068284511566,-0.00895397923886776,2.851595163345337
1788692043907147300,11.941147216796875,-0.9894767999649048,-0.0036192492116242647,0.006215641275048256,0.14451269805431366,0.011255099438130856,-0.008958924561738968,2.8515944480895996
1788692043912147200,11.946147216796875,-0.98947674036026,-0.0036222415510565042,0.006212441250681877,0.1445131152868271,0.011247898451983929,-0.008963925763964653,2.8515937328338623
1788692043917147100,11.951147216796874,-0.98947674036026,-0.0036286930553615093,0.00621298560872674,0.14451293647289276,0.011247113347053528,-0.008976848796010017,2.8515942096710205
1788692043922147300,11.956147216796875,-0.98947674036026,-0.0036309107672423124,0.006213382352143526,0.1445128470659256,0.011247258633375168,-0.008981351740658283,2.8515942096710205
1788692043927147300,11.961147216796874,-0.9894767999649048,-0.0036366269923746586,0.0062164003029465675,0.14451231062412262,0.011251585558056831,-0.008993529714643955,2.851595401763916
1788692043932147200,11.966147216796875,-0.9894768595695496,-0.0036425981670618057,0.006221105344593525,0.14451153576374054,0.011259179562330246,-0.009006698615849018,2.8515970706939697
1788692043937147100,11.971147216796876,-0.9894768595695496,-0.003649210324510932,0.0062220473773777485,0.14451128244400024,0.011259134858846664,-0.009020051918923855,2.851597785949707
1788692043942147300,11.976147216796875,-0.9894769191741943,-0.0036574348341673613,0.006225092336535454,0.14451071619987488,0.01126279029995203,-0.009037203155457973,2.8515989780426025
1788692043947147300,11.981147216796876,-0.9894769787788391,-0.0036625948268920183,0.006231681909412146,0.14450965821743011,0.011274350807070732,-0.009049306623637676,2.8516011238098145
1788692043952147200,11.986147216796875,-0.9894770979881287,-0.003663281910121441,0.0062372866086661816,0.14450882375240326,0.011285251937806606,-0.009052276611328125,2.8516030311584473
1788692043957147100,11.991147216796875,-0.9894770979881287,-0.0036648001987487078,0.006239080801606178,0.14450852572917938,0.011288369074463844,-0.009055796079337597,2.8516035079956055
1788692043962147300,11.996147216796874,-0.9894770979881287,-0.0036650095134973526,0.006240055430680513,0.14450839161872864,0.011290238238871098,-0.00905649084597826,2.8516039848327637
1788692043967147300,12.001147216796875,-0.9894771575927734,-0.003664951305836439,0.006242760922759771,0.1445079892873764,0.011295612901449203,-0.009057153016328812,2.851604700088501
1788692043972147200,12.006147216796874,-0.9894772171974182,-0.0036581961903721094,0.0062476592138409615,0.14450736343860626,0.011307263746857643,-0.009045192040503025,2.8516058921813965
1788692043977147100,12.011147216796875,-0.989477276802063,-0.0036540483124554157,0.0062509034760296345,0.14450694620609283,0.01131488662213087,-0.009037916548550129,2.851606845855713
1788692043982147300,12.016147216796876,-0.9894773364067078,-0.00365084339864552,0.006252276245504618,0.1445067971944809,0.011318530887365341,-0.009031969122588634,2.851607084274292
1788692043987147300,12.021147216796875,-0.9894773364067078,-0.0036461486015468836,0.006251491606235504,0.14450697600841522,0.011318332515656948,-0.009022452868521214,2.851606607437134
1788692043992147200,12.026147216796875,-0.989477276802063,-0.0036359145306050777,0.006246269680559635,0.14450791478157043,0.011310947127640247,-0.009000701829791069,2.851604700088501
1788692043997147100,12.031147216796874,-0.9894772171974182,-0.003626961726695299,0.006241610739380121,0.1445087343454361,0.011304304003715515,-0.008981646969914436,2.851602792739868
1788692044002147300,12.036147216796875,-0.9894771575927734,-0.0036257412284612656,0.006238534580916166,0.1445092111825943,0.01129856426268816,-0.008978349156677723,2.8516018390655518
1788692044007147300,12.041147216796874,-0.9894769787788391,-0.0036213970743119717,0.0062287007458508015,0.14451073110103607,0.011280343867838383,-0.008966926485300064,2.8515987396240234
1788692044012147200,12.046147216796875,-0.9894768595695496,-0.0036187588702887297,0.006217404268682003,0.14451244473457336,0.01125873252749443,-0.008958461694419384,2.851595163345337
1788692044017147100,12.051147216796876,-0.9894766807556152,-0.0036206236109137535,0.006208765786141157,0.14451368153095245,0.011241085827350616,-0.008959668688476086,2.851592540740967
1788692044022147300,12.056147216796875,-0.9894765615463257,-0.00363350473344326,0.006201090756803751,0.14451462030410767,0.011222166940569878,-0.008982952684164047,2.851590633392334
1788692044027147300,12.061147216796876,-0.9894765019416809,-0.003645816817879677,0.006198913790285587,0.1445147544145584,0.011214299127459526,-0.009006691165268421,2.851590394973755
1788692044032147200,12.066147216796875,-0.9894765615463257,-0.0036585787311196327,0.006202771328389645,0.14451399445533752,0.011218254454433918,-0.009033053182065487,2.8515920639038086
1788692044037147100,12.071147216796875,-0.9894766211509705,-0.00366999045945704,0.006210331339389086,0.14451269805431366,0.011229931376874447,-0.009057806804776192,2.851594924926758
1788692044042147300,12.076147216796874,-0.98947674036026,-0.0036841921973973513,0.0062181418761610985,0.14451132714748383,0.011241299100220203,-0.009088153019547462,2.851597785949707
1788692044047147300,12.081147216796875,-0.9894769191741943,-0.0036930616479367018,0.0062301610596477985,0.144509419798851,0.011262541636824608,-0.00910915806889534,2.8516018390655518
1788692044052147200,12.086147216796874,-0.9894770383834839,-0.003700590692460537,0.006238859612494707,0.1445080190896988,0.011277595534920692,-0.009126556105911732,2.85160493850708
1788692044057147100,12.091147216796875,-0.9894771575927734,-0.0036995860282331705,0.006247791461646557,0.14450670778751373,0.011295574717223644,-0.009127133525907993,2.85160756111145
1788692044062147300,12.096147216796876,-0.989477276802063,-0.0036963208112865686,0.006253246683627367,0.14450596272945404,0.011307320557534695,-0.009122240357100964,2.851609230041504
1788692044067147300,12.101147216796875,-0.9894773364067078,-0.003690420649945736,0.0062576038762927055,0.14450541138648987,0.011317654512822628,-0.009111816063523293,2.8516101837158203
1788692044072147200,12.106147216796876,-0.9894773364067078,-0.0036879130639135838,0.006258114706724882,0.1445053666830063,0.011319389566779137,-0.00910700112581253,2.8516104221343994
1788692044077147100,12.111147216796875,-0.9894773364067078,-0.003675526473671198,0.006255169864743948,0.14450599253177643,0.011317133903503418,-0.009081644006073475,2.851608991622925
1788692044082147300,12.116147216796875,-0.9894773364067078,-0.0036617079749703407,0.006253196392208338,0.14450649917125702,0.011317215859889984,-0.009053733199834824,2.8516077995300293
1788692044087147300,12.121147216796874,-0.989477276802063,-0.0036482494324445724,0.006250007543712854,0.14450716972351074,0.011314787901937962,-0.009026184678077698,2.8516063690185547
1788692044092147200,12.126147216796875,-0.989477276802063,-0.0036371091846376657,0.006247225217521191,0.1445077508687973,0.011312494054436684,-0.00900334119796753,2.85160493850708
1788692044097147100,12.131147216796874,-0.9894772171974182,-0.003623587777838111,0.006241760216653347,0.14450876414775848,0.011305575259029865,-0.00897501315921545,2.851602792739868
1788692044102147300,12.136147216796875,-0.9894772171974182,-0.003621891839429736,0.0062440927140414715,0.1445084512233734,0.011310682632029057,-0.00897232722491026,2.8516035079956055
1788692044107147300,12.141147216796876,-0.9894773364067078,-0.003619319526478648,0.00625003594905138,0.14450760185718536,0.011323196813464165,-0.008968944661319256,2.851605176925659
1788692044112147200,12.146147216796875,-0.9894773960113525,-0.003621632931753993,0.006254826672375202,0.14450687170028687,0.011332017369568348,-0.008974898606538773,2.851606607437134
1788692044117147100,12.151147216796875,-0.9894774556159973,-0.0036267759278416634,0.006259317509829998,0.14450612664222717,0.01133942510932684,-0.008986366912722588,2.8516082763671875
1788692044122147300,12.156147216796874,-0.9894775152206421,-0.0036341308150440454,0.0062640393152832985,0.1445053070783615,0.011346652172505856,-0.009002277627587318,2.8516101837158203
1788692044127147300,12.161147216796875,-0.9894775152206421,-0.003647800534963608,0.0062657990492880344,0.1445048451423645,0.011346190236508846,-0.009029832668602467,2.8516111373901367
1788692044132147200,12.166147216796874,-0.9894775152206421,-0.0036600586026906967,0.006265302654355764,0.14450472593307495,0.011341668665409088,-0.00905394647270441,2.851611375808716
1788692044137147100,12.171147216796875,-0.9894773960113525,-0.003670787438750267,0.006258947309106588,0.14450550079345703,0.011325983330607414,-0.009073352441191673,2.851609945297241
1788692044142147300,12.176147216796876,-0.989477276802063,-0.003679540241137147,0.006252123508602381,0.14450637996196747,0.011309942230582237,-0.009088710881769657,2.8516082763671875
1788692044147147300,12.181147216796875,-0.9894771575927734,-0.003686192212626338,0.006244486663490534,0.14450740814208984,0.01129289623349905,-0.009099680930376053,2.8516061305999756
1788692044152147200,12.186147216796876,-0.9894769787788391,-0.003689511911943555,0.006235293112695217,0.1445087194442749,0.011273731477558613,-0.009103608317673206,2.8516032695770264
1788692044157147100,12.191147216796875,-0.9894768595695496,-0.0036872245837002993,0.006227490957826376,0.14450989663600922,0.01125893834978342,-0.009096840396523476,2.8516008853912354
1788692044162147300,12.196147216796875,-0.9894767999649048,-0.0036879198160022497,0.006221107207238674,0.14451083540916443,0.011246096342802048,-0.00909638311713934,2.8515989780426025
1788692044167147300,12.201147216796874,-0.98947674036026,-0.0036806603893637657,0.006218168418854475,0.1445113867521286,0.01124237198382616,-0.00908117275685072,2.851597785949707
1788692044172147200,12.206147216796875,-0.9894767999649048,-0.0036790885496884584,0.006220279727131128,0.14451108872890472,0.011247007176280022,-0.009078669361770153,2.8515985012054443
1788692044177147100,12.211147216796874,-0.9894768595695496,-0.003672607708722353,0.006224683485925198,0.14451053738594055,0.011257600039243698,-0.009067109785974026,2.8515994548797607
1788692044182147300,12.216147216796875,-0.9894769191741943,-0.0036627883091568947,0.006228473037481308,0.14451013505458832,0.01126793958246708,-0.009048768319189548,2.851600170135498
1788692044187147300,12.221147216796876,-0.9894770383834839,-0.003645174205303192,0.006233265623450279,0.1445096880197525,0.01128251850605011,-0.009015289135277271,2.8516011238098145
1788692044192147200,12.226147216796875,-0.9894770979881287,-0.0036323561798781157,0.00623655878007412,0.14450940489768982,0.011292741633951664,-0.008990870788693428,2.8516016006469727
1788692044197147100,12.231147216796876,-0.9894770979881287,-0.003620030591264367,0.006234535947442055,0.14450988173484802,0.011292294599115849,-0.008965899236500263,2.851600408554077
1788692044202147300,12.236147216796875,-0.9894770383834839,-0.003609761130064726,0.006228886544704437,0.144510880112648,0.011284071952104568,-0.008943954482674599,2.8515982627868652
1788692044207147300,12.241147216796875,-0.9894769787788391,-0.0036058227997273207,0.006224142853170633,0.1445116400718689,0.011275814846158028,-0.008934798650443554,2.8515965938568115
1788692044212147200,12.246147216796874,-0.9894768595695496,-0.0036068488843739033,0.006218485999852419,0.14451245963573456,0.011264314875006676,-0.008935203775763512,2.851594924926758
1788692044217147100,12.251147216796875,-0.9894767999649048,-0.003610684536397457,0.006215871777385473,0.14451278746128082,0.011258028447628021,-0.008942042477428913,2.8515942096710205
1788692044222147300,12.256147216796874,-0.9894766807556152,-0.0036145520862191916,0.006208619102835655,0.144513800740242,0.011242548935115337,-0.008947611786425114,2.8515923023223877
1788692044227147300,12.261147216796875,-0.98947674036026,-0.0036241733469069004,0.006210146006196737,0.14451342821121216,0.01124279573559761,-0.008967089466750622,2.851593017578125
1788692044232147200,12.266147216796876,-0.9894766807556152,-0.0036397683434188366,0.006209199316799641,0.144513338804245,0.011236417107284069,-0.008997676894068718,2.851593494415283
1788692044237147100,12.271147216796875,-0.98947674036026,-0.003657801542431116,0.00621345080435276,0.14451242983341217,0.011239629238843918,-0.00903458334505558,2.851595401763916
1788692044242147300,12.276147216796875,-0.9894768595695496,-0.0036732619628310204,0.006224256940186024,0.14451059699058533,0.011256566271185875,-0.009068281389772892,2.8515994548797607
1788692044247147300,12.281147216796874,-0.9894769787788391,-0.0036874052602797747,0.006232544779777527,0.14450915157794952,0.01126889605075121,-0.009098650887608528,2.851602554321289
1788692044252147200,12.286147216796875,-0.9894770383834839,-0.0036944036837667227,0.006239688023924828,0.1445079892873764,0.011281021870672703,-0.009114551357924938,2.85160493850708
1788692044257147100,12.291147216796874,-0.9894770979881287,-0.0036952777300029993,0.006241802126169205,0.14450766146183014,0.011284956708550453,-0.009116888046264648,2.8516056537628174
1788692044262147300,12.296147216796875,-0.9894771575927734,-0.003695296822115779,0.006246494594961405,0.14450697600841522,0.011294244788587093,-0.009118273854255676,2.851607084274292
1788692044267147300,12.301147216796876,-0.9894772171974182,-0.0036892134230583906,0.006249616388231516,0.14450660347938538,0.01130218431353569,-0.009107132442295551,2.8516077995300293
1788692044272147200,12.306147216796875,-0.9894772171974182,-0.0036802291870117188,0.0062490603886544704,0.14450682699680328,0.011303676292300224,-0.009089194238185883,2.851607322692871
1788692044277147100,12.311147216796876,-0.9894773364067078,-0.0036691424902528524,0.0062532853335142136,0.14450636506080627,0.011315246112644672,-0.009068469516932964,2.8516080379486084
1788692044282147300,12.316147216796875,-0.9894773364067078,-0.0036597014404833317,0.0062537360936403275,0.14450643956661224,0.011318864300847054,-0.009049917571246624,2.8516077995300293
1788692044287147300,12.321147216796875,-0.9894773960113525,-0.003648404497653246,0.006257049273699522,0.14450612664222717,0.011328687891364098,-0.009028514847159386,2.8516085147857666
1788692044292147200,12.326147216796874,-0.9894775748252869,-0.0036363336257636547,0.006266249343752861,0.14450494945049286,0.011350395157933235,-0.009007271379232407,2.8516108989715576
1788692044297147100,12.331147216796875,-0.9894776940345764,-0.003626100020483136,0.0062731546349823475,0.14450408518314362,0.011367023922502995,-0.008989004418253899,2.8516125679016113
1788692044302147300,12.336147216796874,-0.989477813243866,-0.003619695780798793,0.0062800003215670586,0.1445031762123108,0.011382431723177433,-0.008978297933936119,2.851614475250244
1788692044307147300,12.341147216796875,-0.9894778728485107,-0.003615338820964098,0.0062869456596672535,0.1445022076368332,0.011397444643080235,-0.008971670642495155,2.851616382598877
1788692044312147200,12.346147216796876,-0.9894779920578003,-0.0036190394312143326,0.006295140367001295,0.1445009410381317,0.01141260378062725,-0.00898134894669056,2.851619005203247
1788692044317147100,12.351147216796875,-0.9894781112670898,-0.003619241528213024,0.006302632857114077,0.14449983835220337,0.011427384801208973,-0.008983900770545006,2.851621389389038
1788692044322147300,12.356147216796876,-0.9894781708717346,-0.0036255475133657455,0.006306985858827829,0.14449909329414368,0.011434185318648815,-0.008997628465294838,2.8516228199005127
1788692044327147300,12.361147216796875,-0.9894782304763794,-0.003635475179180503,0.006308667827397585,0.14449869096279144,0.011434650048613548,-0.009017757140100002,2.851623773574829
1788692044332147200,12.366147216796875,-0.9894781708717346,-0.00364835187792778,0.006308830808848143,0.14449846744537354,0.011431255377829075,-0.009043284691870213,2.8516244888305664
1788692044337147100,12.371147216796874,-0.9894780516624451,-0.003656897461041808,0.006302393972873688,0.1444993019104004,0.011416039429605007,-0.009058346971869469,2.8516225814819336
1788692044342147300,12.376147216796875,-0.9894778728485107,-0.00366404140368104,0.006291186437010765,0.14450083673000336,0.011391780339181423,-0.009069263003766537,2.8516194820404053
1788692044347147300,12.381147216796874,-0.9894777536392212,-0.003671027719974518,0.006283850874751806,0.14450182020664215,0.01137523539364338,-0.009080980904400349,2.8516175746917725
1788692044352147200,12.386147216796875,-0.9894776344299316,-0.0036765108816325665,0.006274155806750059,0.1445031762123108,0.01135445199906826,-0.009089046157896519,2.8516149520874023
1788692044357147100,12.391147216796876,-0.9894774556159973,-0.0036786349955946207,0.006265214178711176,0.14450445771217346,0.011336129158735275,-0.009090680629014969,2.851612091064453
1788692044362147300,12.396147216796875,-0.989477276802063,-0.0036787257995456457,0.006252632010728121,0.1445063203573227,0.011311184614896774,-0.009087245911359787,2.8516082763671875
1788692044367147300,12.401147216796875,-0.9894771575927734,-0.0036794068291783333,0.006245519034564495,0.14450736343860626,0.011296900920569897,-0.009086549282073975,2.8516061305999756
1788692044372147200,12.406147216796874,-0.9894770979881287,-0.003675691084936261,0.006239049136638641,0.14450837671756744,0.01128515973687172,-0.009077338501811028,2.8516039848327637
1788692044377147100,12.411147216796875,-0.9894769787788391,-0.003671606769785285,0.006230135448276997,0.14450974762439728,0.01126868650317192,-0.009066695347428322,2.8516011238098145
1788692044382147300,12.416147216796874,-0.9894768595695496,-0.0036595852579921484,0.006224933546036482,0.14451070129871368,0.011261854320764542,-0.00904141180217266,2.8515989780426025
1788692044387147300,12.421147216796875,-0.9894769191741943,-0.0036493700463324785,0.006225052289664745,0.14451083540916443,0.011265040375292301,-0.009021231904625893,2.8515987396240234
1788692044392147200,12.426147216796876,-0.9894769191741943,-0.0036398195661604404,0.006223478354513645,0.14451122283935547,0.011264681816101074,-0.009001881815493107,2.851597785949707
1788692044397147100,12.431147216796875,-0.9894769191741943,-0.0036325729452073574,0.0062233880162239075,0.14451134204864502,0.011266595683991909,-0.008987515233457088,2.851597547531128
1788692044402147300,12.436147216796876,-0.9894768595695496,-0.0036265598610043526,0.0062205176800489426,0.1445118635892868,0.011262645944952965,-0.008974791504442692,2.8515963554382324
1788692044407147300,12.441147216796875,-0.98947674036026,-0.003623131662607193,0.006213687360286713,0.14451292157173157,0.011250108480453491,-0.008966045454144478,2.8515942096710205
1788692044412147200,12.446147216796875,-0.98947674036026,-0.0036209619138389826,0.006213231943547726,0.14451302587985992,0.01124983374029398,-0.00896162074059248,2.8515939712524414
1788692044417147100,12.451147216796874,-0.9894766807556152,-0.0036223491188138723,0.006209309212863445,0.1445135772228241,0.011241664178669453,-0.008963239379227161,2.851592779159546
1788692044422147300,12.456147216796875,-0.9894766211509705,-0.00363063532859087,0.006206437945365906,0.14451387524604797,0.011233584955334663,-0.008978811092674732,2.8515920639038086
1788692044427147300,12.461147216796874,-0.9894765615463257,-0.0036342109087854624,0.006201586220413446,0.1445145457983017,0.011222944594919682,-0.008984493091702461,2.851590871810913
1788692044432147200,12.466147216796875,-0.9894765019416809,-0.0036388589069247246,0.006198612507432699,0.14451490342617035,0.011215711943805218,-0.008992835879325867,2.851590156555176
1788692044437147100,12.471147216796876,-0.9894765019416809,-0.003646728815510869,0.006197905167937279,0.14451488852500916,0.011212039738893509,-0.00900820642709732,2.851590156555176
1788692044442147300,12.476147216796875,-0.9894765019416809,-0.0036505665630102158,0.006199666764587164,0.14451457560062408,0.011214419268071651,-0.009016306139528751,2.851590871810913
1788692044447147300,12.481147216796876,-0.9894765615463257,-0.0036535535473376513,0.006204251199960709,0.14451384544372559,0.011222637258470058,-0.009023533202707767,2.8515923023223877
1788692044452147200,12.486147216796875,-0.9894766211509705,-0.0036577871069312096,0.006206861697137356,0.14451339840888977,0.011226584203541279,-0.009032662026584148,2.851593494415283
1788692044457147100,12.491147216796875,-0.9894766211509705,-0.00366085022687912,0.006209380459040403,0.14451298117637634,0.01123068854212761,-0.009039446711540222,2.8515942096710205
1788692044462147300,12.496147216796874,-0.9894766807556152,-0.0036615559365600348,0.006211618427187204,0.14451263844966888,0.011234916746616364,-0.00904148630797863,2.851594924926758
1788692044467147300,12.501147216796875,-0.98947674036026,-0.0036581368185579777,0.0062153032049536705,0.1445121467113495,0.011243200860917568,-0.009035779163241386,2.8515961170196533
1788692044472147200,12.506147216796874,-0.9894768595695496,-0.0036528941709548235,0.006223469972610474,0.14451102912425995,0.01126088947057724,-0.009027751162648201,2.8515982627868652
1788692044477147100,12.511147216796875,-0.9894769787788391,-0.0036437720991671085,0.00622818898409605,0.14451046288013458,0.011272869072854519,-0.009011056274175644,2.8515994548797607
1788692044482147300,12.516147216796876,-0.9894770383834839,-0.0036357343196868896,0.006232754327356815,0.1445099115371704,0.011284231208264828,-0.008996461518108845,2.851600408554077
1788692044487147300,12.521147216796875,-0.9894770979881287,-0.0036288630217313766,0.006237169727683067,0.14450936019420624,0.011294960044324398,-0.00898413360118866,2.8516016006469727
1788692044492147200,12.526147216796875,-0.9894772171974182,-0.0036223812494426966,0.006241208408027887,0.14450886845588684,0.011304830200970173,-0.008972466923296452,2.851602554321289
1788692044497147100,12.531147216796874,-0.9894773364067078,-0.003618213813751936,0.006250990554690361,0.1445074826478958,0.011325406841933727,-0.008967031724750996,2.8516054153442383
1788692044502147300,12.536147216796875,-0.9894774556159973,-0.0036152731627225876,0.00625588046386838,0.1445068120956421,0.011335941031575203,-0.008962617255747318,2.851606845855713
1788692044507147300,12.541147216796874,-0.9894775152206421,-0.003613458015024662,0.006262072827666998,0.14450591802597046,0.011348728090524673,-0.008960803970694542,2.8516085147857666
1788692044512147200,12.546147216796875,-0.9894776344299316,-0.0036138056311756372,0.0062703937292099,0.14450468122959137,0.011365106329321861,-0.00896388292312622,2.8516111373901367
1788692044517147100,12.551147216796876,-0.9894777536392212,-0.003614113898947835,0.006276061292737722,0.14450384676456451,0.011376241222023964,-0.008966120891273022,2.8516130447387695
1788692044522147300,12.556147216796875,-0.989477813243866,-0.003614409826695919,0.006280718371272087,0.1445031464099884,0.011385379359126091,-0.008968044072389603,2.851614475250244
1788692044527147300,12.561147216796876,-0.989477813243866,-0.0036158370785415173,0.006282349582761526,0.14450287818908691,0.011388197541236877,-0.008971336297690868,2.8516149520874023
1788692044532147200,12.566147216796875,-0.989477813243866,-0.003624248318374157,0.006281670648604631,0.14450286328792572,0.01138442475348711,-0.008987786248326302,2.8516149520874023
1788692044537147100,12.571147216796875,-0.989477813243866,-0.0036299743223935366,0.0062826164066791534,0.14450262486934662,0.01138464454561472,-0.008999388664960861,2.8516156673431396
1788692044542147300,12.576147216796874,-0.9894777536392212,-0.0036341287195682526,0.006277261767536402,0.14450335502624512,0.011372840031981468,-0.009006071835756302,2.851614236831665
1788692044547147300,12.581147216796875,-0.9894776940345764,-0.0036373683251440525,0.006274206563830376,0.14450375735759735,0.011365854181349277,-0.009011604823172092,2.8516132831573486
1788692044552147200,12.586147216796874,-0.9894775748252869,-0.003641690593212843,0.006269478239119053,0.1445043981075287,0.011355241760611534,-0.009018798358738422,2.851611852645874
1788692044557147100,12.591147216796875,-0.9894775152206421,-0.0036478994879871607,0.006263773422688246,0.14450514316558838,0.011342151090502739,-0.009029447101056576,2.8516104221343994
1788692044562147300,12.596147216796876,-0.9894774556159973,-0.0036498811095952988,0.006260298658162355,0.14450562000274658,0.011334696784615517,-0.00903236959129572,2.851609468460083
1788692044567147300,12.601147216796875,-0.9894775152206421,-0.003648899495601654,0.006263407412916422,0.14450517296791077,0.011341137811541557,-0.009031320922076702,2.8516104221343994
1788692044572147200,12.606147216796876,-0.9894774556159973,-0.003649431513622403,0.006262349430471659,0.1445053219795227,0.011338888667523861,-0.009032068774104118,2.8516101837158203
1788692044577147100,12.611147216796875,-0.9894775152206421,-0.003647619392722845,0.006263893563300371,0.14450512826442719,0.011342470534145832,-0.009028926491737366,2.8516106605529785
1788692044582147300,12.616147216796875,-0.9894775152206421,-0.0036453159991651773,0.006265671458095312,0.14450490474700928,0.011346654035151005,-0.009024879895150661,2.8516108989715576
1788692044587147300,12.621147216796874,-0.9894775748252869,-0.00363912433385849,0.006269424222409725,0.14450444281101227,0.011355874128639698,-0.00901370495557785,2.851611852645874
1788692044592147200,12.626147216796875,-0.9894775748252869,-0.003630931256338954,0.006266159471124411,0.14450505375862122,0.011351775377988815,-0.008996554650366306,2.8516106605529785
1788692044597147100,12.631147216796874,-0.9894775748252869,-0.0036255968734622,0.006267433986067772,0.14450493454933167,0.011355839669704437,-0.008986365050077438,2.8516106605529785
1788692044602147300,12.636147216796875,-0.9894776344299316,-0.003616591449826956,0.006270932964980602,0.14450456202030182,0.011365369893610477,-0.008969550020992756,2.851611375808716
1788692044607147300,12.641147216796876,-0.9894776344299316,-0.0036134468391537666,0.006270002108067274,0.14450474083423615,0.011364434845745564,-0.00896305963397026,2.8516111373901367
1788692044612147200,12.646147216796875,-0.9894775152206421,-0.0036143967881798744,0.0062607768923044205,0.14450609683990479,0.011345889419317245,-0.008962289430201054,2.8516082763671875
1788692044617147100,12.651147216796875,-0.9894773960113525,-0.003618151880800724,0.006254411302506924,0.14450697600841522,0.011332198977470398,-0.008967891335487366,2.8516063690185547
1788692044622147300,12.656147216796874,-0.9894773364067078,-0.003619095077738166,0.006250101141631603,0.14450760185718536,0.01132339145988226,-0.008968519978225231,2.851605176925659
1788692044627147300,12.661147216796875,-0.9894772171974182,-0.003626918653026223,0.006242792122066021,0.14450855553150177,0.01130665559321642,-0.008981901220977306,2.8516032695770264
1788692044632147200,12.666147216796874,-0.9894770979881287,-0.0036271887365728617,0.006234996952116489,0.1445097178220749,0.011291139759123325,-0.00898019690066576,2.8516008853912354
1788692044637147100,12.671147216796875,-0.9894770383834839,-0.0036274667363613844,0.006230671890079975,0.14451034367084503,0.011282495222985744,-0.008979503996670246,2.8515994548797607
1788692044642147300,12.676147216796876,-0.9894769787788391,-0.003628771984949708,0.006226323079317808,0.14451096951961517,0.011273505166172981,-0.008980837650597095,2.8515982627868652
1788692044647147300,12.681147216796875,-0.9894769787788391,-0.0036333852913230658,0.006226739380508661,0.14451083540916443,0.01127299852669239,-0.008990085683763027,2.8515985012054443
1788692044652147200,12.686147216796876,-0.9894768595695496,-0.0036389403976500034,0.006219438277184963,0.14451183378696442,0.011256933212280273,-0.00899898074567318,2.8515965938568115
1788692044657147100,12.691147216796875,-0.98947674036026,-0.003636131761595607,0.0062145814299583435,0.1445125937461853,0.01124812662601471,-0.0089920274913311,2.851594924926758
1788692044662147300,12.696147216796875,-0.9894766807556152,-0.0036356730852276087,0.00620834156870842,0.14451351761817932,0.011235901154577732,-0.008989326655864716,2.851593017578125
1788692044667147300,12.701147216796874,-0.9894766211509705,-0.0036347322165966034,0.0062049375846982,0.1445140391588211,0.011229431256651878,-0.008986487053334713,2.8515918254852295
1788692044672147200,12.706147216796875,-0.98947674036026,-0.0036347208078950644,0.006211225874722004,0.1445131152868271,0.01124188769608736,-0.008988271467387676,2.8515937328338623
1788692044677147100,12.711147216796874,-0.98947674036026,-0.0036305938847362995,0.006212943699210882,0.14451292157173157,0.011246481910347939,-0.008980599232017994,2.8515942096710205
1788692044682147300,12.716147216796875,-0.9894767999649048,-0.003624197794124484,0.006216050125658512,0.14451256394386292,0.011254481039941311,-0.008968833833932877,2.851594924926758
1788692044687147300,12.721147216796876,-0.9894769191741943,-0.0036218869499862194,0.006221625953912735,0.14451177418231964,0.011266191489994526,-0.008965863846242428,2.8515965938568115
1788692044692147200,12.726147216796875,-0.9894769787788391,-0.0036142785102128983,0.006226499564945698,0.1445111632347107,0.011278039775788784,-0.008952207863330841,2.851597785949707
1788692044697147100,12.731147216796876,-0.9894770979881287,-0.003612975124269724,0.006232557352632284,0.14451028406620026,0.011290413327515125,-0.008951368741691113,2.8515994548797607
1788692044702147300,12.736147216796875,-0.9894771575927734,-0.003614113898947835,0.0062377918511629105,0.14450949430465698,0.011300452053546906,-0.008955126628279686,2.8516011238098145
1788692044707147300,12.741147216796875,-0.9894772171974182,-0.0036167313810437918,0.0062417699955403805,0.14450886845588684,0.01130757387727499,-0.00896144937723875,2.851602554321289
1788692044712147200,12.746147216796874,-0.989477276802063,-0.003613273147493601,0.0062454212456941605,0.14450837671756744,0.011315803974866867,-0.008955654688179493,2.8516035079956055
1788692044717147100,12.751147216796875,-0.9894773364067078,-0.0036131381057202816,0.0062493630684912205,0.14450779557228088,0.011323649436235428,-0.00895651988685131,2.851604700088501
1788692044722147300,12.756147216796874,-0.9894773364067078,-0.0036149309016764164,0.006250273901969194,0.14450764656066895,0.011324934661388397,-0.008960328996181488,2.85160493850708
1788692044727147300,12.761147216796875,-0.9894773364067078,-0.003618986578658223,0.006249350029975176,0.14450772106647491,0.011321933940052986,-0.008968089707195759,2.85160493850708
1788692044732147200,12.766147216796876,-0.9894773364067078,-0.0036226457450538874,0.00625073304399848,0.14450745284557343,0.011323616839945316,-0.008975726552307606,2.8516054153442383
1788692044737147100,12.771147216796875,-0.9894773364067078,-0.003630580846220255,0.006252579391002655,0.14450706541538239,0.011324981227517128,-0.008991960436105728,2.8516063690185547
1788692044742147300,12.776147216796875,-0.9894773364067078,-0.0036375862546265125,0.00625241082161665,0.14450697600841522,0.011322625912725925,-0.009005774743855,2.851606607437134
1788692044747147300,12.781147216796874,-0.9894773364067078,-0.0036434815265238285,0.006254309322685003,0.14450660347938538,0.011324683204293251,-0.009017985314130783,2.851607322692871
1788692044752147200,12.786147216796875,-0.9894773960113525,-0.003647873643785715,0.006258481182157993,0.14450591802597046,0.011331676505506039,-0.009027875028550625,2.8516087532043457
1788692044757147100,12.791147216796874,-0.9894773960113525,-0.003650043858215213,0.006258841138333082,0.1445058435201645,0.011331762187182903,-0.00903227273374796,2.851608991622925
1788692044762147300,12.796147216796875,-0.9894774556159973,-0.0036521926522254944,0.006260226015001535,0.1445056051015854,0.011333886533975601,-0.009036922827363014,2.851609706878662
1788692044767147300,12.801147216796876,-0.9894773960113525,-0.003669824916869402,0.006260395515710115,0.1445053070783615,0.01132913026958704,-0.009071863256394863,2.8516104221343994
1788692044772147200,12.806147216796875,-0.9894764423370361,-0.0036975094117224216,0.006200836505740881,0.14451368153095245,0.011203180998563766,-0.009109534323215485,2.851593017578125
1788692044777147100,12.811147216796876,-0.9894767999649048,-0.0036992167588323355,0.006223967298865318,0.14451023936271667,0.011248498223721981,-0.009119559079408646,2.851600170135498
1788692044782147300,12.816147216796875,-0.98947674036026,-0.003708302043378353,0.00622003385797143,0.1445106863975525,0.01123808417469263,-0.00913640670478344,2.8515994548797607
1788692044787147300,12.821147216796875,-0.9894766807556152,-0.003721004817634821,0.006215632427483797,0.1445111334323883,0.011225700378417969,-0.009160280227661133,2.8515985012054443
1788692044792147200,12.826147216796874,-0.9894765019416809,-0.0037333867512643337,0.006207447499036789,0.14451216161251068,0.011205914430320263,-0.009182429872453213,2.8515965938568115
1788692044797147100,12.831147216796875,-0.9894765019416809,-0.003749453229829669,0.006208994425833225,0.14451168477535248,0.011204339563846588,-0.009214666672050953,2.851597547531128
1788692044802147300,12.836147216796874,-0.9894766807556152,-0.0037797458935528994,0.006225156132131815,0.14450883865356445,0.01122759934514761,-0.009279253892600536,2.8516037464141846
1788692044807147300,12.841147216796875,-0.9894769787788391,-0.0038161578122526407,0.006247381679713726,0.14450499415397644,0.011261104606091976,-0.00935769360512495,2.851612091064453
1788692044812147200,12.846147216796876,-0.9894769191741943,-0.0038156132213771343,0.006241339724510908,0.14450590312480927,0.011249295435845852,-0.009354880079627037,2.8516101837158203
1788692044817147100,12.851147216796875,-0.9894765615463257,-0.0037738035898655653,0.006215856876224279,0.14451029896736145,0.01121089793741703,-0.00926482304930687,2.8516006469726562
1788692044822147300,12.856147216796876,-0.9894763231277466,-0.0037364743184298277,0.006195529829710722,0.14451387524604797,0.011181419715285301,-0.009185115806758404,2.851593017578125
1788692044827147300,12.861147216796875,-0.9894762635231018,-0.003722477937117219,0.006188953761011362,0.1445150524377823,0.011172437109053135,-0.009155528619885445,2.851590394973755
1788692044832147200,12.866147216796875,-0.9894763827323914,-0.0037167291156947613,0.006197962444275618,0.1445138156414032,0.011191939003765583,-0.009146741591393948,2.851593017578125
1788692044837147100,12.871147216796874,-0.9894764423370361,-0.0037085912190377712,0.006200699135661125,0.14451353251934052,0.011199708096683025,-0.009131424129009247,2.851593494415283
1788692044842147300,12.876147216796875,-0.9894765615463257,-0.0036979392170906067,0.006206950638443232,0.14451277256011963,0.011215167120099068,-0.009112141095101833,2.851594924926758
1788692044847147300,12.881147216796874,-0.98947674036026,-0.0036894152872264385,0.006217306014150381,0.1445113718509674,0.01123813632875681,-0.009098249487578869,2.851597785949707
1788692044852147200,12.886147216796875,-0.9894767999649048,-0.0036346574779599905,0.0062150731682777405,0.14451254904270172,0.011249526403844357,-0.008989252150058746,2.851594924926758
1788692044857147100,12.891147216796876,-0.9894770383834839,-0.0037006333004683256,0.006239048205316067,0.1445079892873764,0.011277956888079643,-0.00912669487297535,2.85160493850708
1788692044862147300,12.896147216796875,-0.9894768595695496,-0.0036580173764377832,0.006222324445843697,0.1445111185312271,0.011257140897214413,-0.009037559852004051,2.851598024368286
